width_knob,increase,cx,cy,height,lean_deg,distance_from_previous,forced_anchor
3.1999999999999997,0.0,14.5,14.5,19.75,-10.0,,True
3.1999999999999997,0.0,14.5,14.5,19.75,-3.9988340552405033,2.999999994692612,False
3.1999999999999997,0.0,14.5,14.5,19.75,0.0,2.210469301507253,True
3.1999999999999997,0.0,14.5,14.5,19.75,5.327536920680807,3.0000000146380157,False
3.1999999999999997,0.0,14.5,14.5,19.75,11.129018314843515,3.0000000012306365,False
3.1999999999999997,0.0,14.5,14.5,19.75,16.66387742615363,2.9999999993523905,False
3.1999999999999997,0.0,14.5,14.5,19.75,21.923006399405157,3.00000000629102,False
3.1999999999999997,0.0,14.5,14.5,19.75,26.86375848911578,3.0000000001493468,False
3.1999999999999997,0.0,14.5,14.5,19.75,31.45912163195183,2.9999999970765487,False
3.1999999999999997,0.0,14.5,14.5,19.75,35.0,2.5216025930528634,True
3.3,0.1,14.5,14.5,19.75,-10.0,,True
3.3,0.1,14.5,14.5,19.75,-4.07582863933748,2.9999999957285124,False
3.3,0.1,14.5,14.5,19.75,0.0,2.200486013169544,True
3.3,0.1,14.5,14.5,19.75,5.48145323175099,2.999999986809423,False
3.3,0.1,14.5,14.5,19.75,11.168461169054012,3.0000000100461417,False
3.3,0.1,14.5,14.5,19.75,16.65849509889871,2.9999999930536565,False
3.3,0.1,14.5,14.5,19.75,21.89234209845394,2.9999999968224675,False
3.3,0.1,14.5,14.5,19.75,26.827433209848525,2.999999999447784,False
3.3,0.1,14.5,14.5,19.75,31.432329383765698,2.999999998484242,False
3.3,0.1,14.5,14.5,19.75,35.0,2.5466429971468063,True
3.4,0.2,14.5,14.5,19.75,-10.0,,True
3.4,0.2,14.5,14.5,19.75,-4.189193757631395,2.9999999974464355,False
3.4,0.2,14.5,14.5,19.75,0.0,2.2359531438556783,True
3.4,0.2,14.5,14.5,19.75,5.6537637832057985,2.999999988077645,False
3.4,0.2,14.5,14.5,19.75,11.267686088951082,3.0000000018578348,False
3.4,0.2,14.5,14.5,19.75,16.709453684989363,2.999999992727625,False
3.4,0.2,14.5,14.5,19.75,21.909771603970448,3.0000000031570626,False
3.4,0.2,14.5,14.5,19.75,26.829667120088065,3.0000000034589953,False
3.4,0.2,14.5,14.5,19.75,31.436660515795893,3.0000000001709437,False
3.4,0.2,14.5,14.5,19.75,35.0,2.55432960332054,True
3.4999999999999996,0.3,14.5,14.5,19.75,-10.0,,True
3.4999999999999996,0.3,14.5,14.5,19.75,-4.345907705382976,3.0000000062899006,False
3.4999999999999996,0.3,14.5,14.5,19.75,0.0,2.314115744812195,True
3.4999999999999996,0.3,14.5,14.5,19.75,5.83748659405209,3.000000000732733,False
3.4999999999999996,0.3,14.5,14.5,19.75,11.42747313426772,2.99999998707627,False
3.4999999999999996,0.3,14.5,14.5,19.75,16.839526395830948,3.0000000040678394,False
3.4999999999999996,0.3,14.5,14.5,19.75,22.009758785635686,3.000000001324812,False
3.4999999999999996,0.3,14.5,14.5,19.75,26.89887197813372,2.9999999999646465,False
3.4999999999999996,0.3,14.5,14.5,19.75,31.49448268713895,3.000000000871658,False
3.4999999999999996,0.3,14.5,14.5,19.75,35.0,2.5285471783242865,True
3.5999999999999996,0.4,14.5,14.5,19.75,-10.0,,True
3.5999999999999996,0.4,14.5,14.5,19.75,-4.514335576681805,2.9999999949000533,False
3.5999999999999996,0.4,14.5,14.5,19.75,0.0,2.3975741538810325,True
3.5999999999999996,0.4,14.5,14.5,19.75,6.0176058621087165,3.000000002328259,False
3.5999999999999996,0.4,14.5,14.5,19.75,11.617828487109179,3.0000000052451745,False
3.5999999999999996,0.4,14.5,14.5,19.75,17.025468297905647,3.0000000041040615,False
3.5999999999999996,0.4,14.5,14.5,19.75,22.18237851066346,3.0000000030184606,False
3.5999999999999996,0.4,14.5,14.5,19.75,27.044029026532943,2.9999999997256754,False
3.5999999999999996,0.4,14.5,14.5,19.75,31.612640903741646,2.999999998078978,False
3.5999999999999996,0.4,14.5,14.5,19.75,35.0,2.4644499754380105,True
3.6999999999999997,0.5,14.5,14.5,19.75,-10.0,,True
3.6999999999999997,0.5,14.5,14.5,19.75,-4.630334880198449,2.999999996807721,False
3.6999999999999997,0.5,14.5,14.5,19.75,0.0,2.4373636770643774,True
3.6999999999999997,0.5,14.5,14.5,19.75,6.178259551823883,2.999999999891823,False
3.6999999999999997,0.5,14.5,14.5,19.75,11.81195549783187,3.000000000501033,False
3.6999999999999997,0.5,14.5,14.5,19.75,17.225137783503932,3.00000000150327,False
3.6999999999999997,0.5,14.5,14.5,19.75,22.383816237291413,2.9999999947308362,False
3.6999999999999997,0.5,14.5,14.5,19.75,27.236594437210567,2.999999999274669,False
3.6999999999999997,0.5,14.5,14.5,19.75,31.776658697662214,2.9999999856871966,False
3.6999999999999997,0.5,14.5,14.5,19.75,35.0,2.3682857504008976,True
3.8,0.6,14.5,14.5,19.75,-10.0,,True
3.8,0.6,14.5,14.5,19.75,-4.704945440629,3.0000000064834906,False
3.8,0.6,14.5,14.5,19.75,0.0,2.4544638019194625,True
3.8,0.6,14.5,14.5,19.75,6.30482829569677,3.0000000001116782,False
3.8,0.6,14.5,14.5,19.75,11.97740257187612,3.0000000023677296,False
3.8,0.6,14.5,14.5,19.75,17.406464521200217,3.000000002715972,False
3.8,0.6,14.5,14.5,19.75,22.568747620439197,3.0000000101058544,False
3.8,0.6,14.5,14.5,19.75,27.429739102295027,2.9999999969487887,False
3.8,0.6,14.5,14.5,19.75,31.951205736556908,2.9999999991654858,False
3.8,0.6,14.5,14.5,19.75,35.0,2.261587922382505,True
3.8999999999999995,0.7,14.5,14.5,19.75,-10.0,,True
3.8999999999999995,0.7,14.5,14.5,19.75,-4.745468112424939,3.0000000005396448,False
3.8999999999999995,0.7,14.5,14.5,19.75,0.0,2.460474258499074,True
3.8999999999999995,0.7,14.5,14.5,19.75,6.384242160966648,2.9999999986482404,False
3.8999999999999995,0.7,14.5,14.5,19.75,12.083318689071021,3.000000000132722,False
3.8999999999999995,0.7,14.5,14.5,19.75,17.531916239646183,3.000000005810049,False
3.8999999999999995,0.7,14.5,14.5,19.75,22.694769350307222,3.000000004372591,False
3.8999999999999995,0.7,14.5,14.5,19.75,27.569821717180183,2.9999999998777898,False
3.8999999999999995,0.7,14.5,14.5,19.75,32.084409575318936,2.9999999972679436,False
3.8999999999999995,0.7,14.5,14.5,19.75,35.0,2.178173679783272,True
4.0,0.8,14.5,14.5,19.75,-10.0,,True
4.0,0.8,14.5,14.5,19.75,-4.758102074870636,2.999999996889295,False
4.0,0.8,14.5,14.5,19.75,0.0,2.4619823297249694,True
4.0,0.8,14.5,14.5,19.75,6.412357819679548,3.0000000171148886,False
4.0,0.8,14.5,14.5,19.75,12.121880602911446,3.0000000217239773,False
4.0,0.8,14.5,14.5,19.75,17.579746199209943,3.0000000027816287,False
4.0,0.8,14.5,14.5,19.75,22.74214146314909,3.0000000043123407,False
4.0,0.8,14.5,14.5,19.75,27.62275906305374,3.000000005699033,False
4.0,0.8,14.5,14.5,19.75,32.13683567149243,2.9999999999357185,False
4.0,0.8,14.5,14.5,19.75,35.0,2.144920662884854,True
4.1,0.9,14.5,14.5,19.75,-10.0,,True
4.1,0.9,14.5,14.5,19.75,-4.745468254199672,2.9999999996898077,False
4.1,0.9,14.5,14.5,19.75,0.0,2.4604742966399775,True
4.1,0.9,14.5,14.5,19.75,6.384242081938235,3.000000005751806,False
4.1,0.9,14.5,14.5,19.75,12.083318705976426,3.0000000015168222,False
4.1,0.9,14.5,14.5,19.75,17.531916244183527,3.000000000265533,False
4.1,0.9,14.5,14.5,19.75,22.69476934043912,3.0000000148151895,False
4.1,0.9,14.5,14.5,19.75,27.56982170137767,3.0000000071975528,False
4.1,0.9,14.5,14.5,19.75,32.08440954403069,3.0000000002362657,False
4.1,0.9,14.5,14.5,19.75,35.0,2.178173727402348,True
4.199999999999999,1.0,14.5,14.5,19.75,-10.0,,True
4.199999999999999,1.0,14.5,14.5,19.75,-4.704945526334975,2.9999999990615835,False
4.199999999999999,1.0,14.5,14.5,19.75,0.0,2.454463852354631,True
4.199999999999999,1.0,14.5,14.5,19.75,6.30482814082535,3.0000000031289553,False
4.199999999999999,1.0,14.5,14.5,19.75,11.977402502942748,2.999999998922478,False
4.199999999999999,1.0,14.5,14.5,19.75,17.406464486147254,2.9999999908274453,False
4.199999999999999,1.0,14.5,14.5,19.75,22.568747632274423,3.000000000605701,False
4.199999999999999,1.0,14.5,14.5,19.75,27.429739076379903,2.9999999991473594,False
4.199999999999999,1.0,14.5,14.5,19.75,31.951205775557405,2.9999999991930797,False
4.199999999999999,1.0,14.5,14.5,19.75,35.0,2.261587840998896,True
