lean_deg,same_lean_gap_per_width_unit,aligned_mismatch_per_width_unit
-10.0,2.8656394060884938,3.4903520846226135
-9.95,2.8663799702174786,3.486771576562935
-9.9,2.8670960552554514,3.4831763047088464
-9.85,2.867739588871906,3.479407435798917
-9.8,2.8683470440643295,3.475614223935153
-9.75,2.8689255804344365,3.4717101358018048
-9.7,2.869432308542304,3.467716818100701
-9.65,2.8699701619925775,3.463703643211303
-9.6,2.870373917047717,3.4595063756795255
-9.55,2.8708469215028427,3.4553538522839413
-9.5,2.8712973059187354,3.4510972985178707
-9.45,2.8718291347270193,3.446899032991194
-9.4,2.8723445504075324,3.442573951873546
-9.35,2.8729125229079338,3.4383044081406307
-9.3,2.8734889600046394,3.433921394850576
-9.25,2.874053759484238,3.4295235232847476
-9.2,2.87458665828969,3.4249926492148335
-9.15,2.87511134039056,3.4204308697477406
-9.1,2.8755584675338177,3.4157131864851262
-9.05,2.87611078315399,3.4110543175082357
-9.0,2.8765212992300904,3.4061756713071687
-8.95,2.8768744009241565,3.4012276476581236
-8.9,2.8771685501769837,3.3961083528130374
-8.85,2.8774806032181632,3.390996231291217
-8.8,2.8777166220217874,3.385679610644923
-8.75,2.8779679712939825,3.380369831381064
-8.7,2.87810821973386,3.3748452224965746
-8.65,2.878265163347585,3.3692941861140406
-8.6,2.8783763195750223,3.3636217494707195
-8.55,2.8784602135970925,3.357853546334274
-8.5,2.878580109965838,3.3520513496265067
-8.45,2.8786953830871913,3.346137947001787
-8.4,2.8788070907409846,3.340179580130161
-8.35,2.8789134027311936,3.334080120301195
-8.3,2.87914264387286,3.328037485211007
-8.25,2.8795003889733466,3.3220106330065207
-8.2,2.8799669368705083,3.3159750346951395
-8.15,2.8805797787737015,3.310013084090458
-8.1,2.8812852269737985,3.3039988465614556
-8.05,2.882104459452695,3.2980049351193106
-8.0,2.8830482860459847,3.2920505142783405
-7.949999999999999,2.884066427721224,3.286017482457819
-7.9,2.885211372608099,3.2800375335129655
-7.85,2.886458936529753,3.274064552631811
-7.8,2.887696558886434,3.2679429163891363
-7.75,2.8889453917018924,3.261756578784918
-7.699999999999999,2.8902350007349837,3.255516345234398
-7.65,2.8914998246386627,3.2490928877466057
-7.6,2.8927117417673274,3.2425338512592106
-7.55,2.8939827536293175,3.2359254631385896
-7.5,2.89516956280269,3.2291237389006295
-7.449999999999999,2.8963169650332623,3.2221400228299424
-7.4,2.8974477487546633,3.2150304186472867
-7.35,2.898536929882701,3.207775415779457
-7.3,2.8996632958488053,3.2004120683740167
-7.25,2.900783821876707,3.1929083153671383
-7.199999999999999,2.9019020182731383,3.185277300330481
-7.15,2.903011219414814,3.1775112638284235
-7.1,2.904069230922735,3.169553848263936
-7.05,2.9050465294478007,3.16137303778475
-7.0,2.905915613327511,3.1529221525665534
-6.949999999999999,2.9066909259457314,3.1442290962041133
-6.9,2.907346144588007,3.135273300803713
-6.85,2.907869695425933,3.126027790057401
-6.8,2.9082172582547527,3.1164510434926656
-6.75,2.90830707943549,3.10645854219192
-6.699999999999999,2.908119507491091,3.096034136462715
-6.65,2.907648962431179,3.085160543511638
-6.6,2.9068593441411217,3.073769732235992
-6.55,2.9058937065850787,3.0619985325920123
-6.5,2.9047830956087037,3.0498839313059074
-6.449999999999999,2.903534221372379,3.037418809998196
-6.4,2.90213260639229,3.024573730528443
-6.35,2.9005737774311955,3.011333681292318
-6.3,2.898937891962567,2.9977832115936796
-6.25,2.8972641830855737,2.983960169748634
-6.199999999999999,2.8955648239291825,2.9698436917506204
-6.15,2.8938682647379967,2.9554481981513923
-6.1,2.8921879585023422,2.9407938671218226
-6.05,2.890559447113761,2.9258973157128265
-6.0,2.888950832656803,2.910723392229398
-5.95,2.887305075605567,2.8952038767075776
-5.8999999999999995,2.885607933141158,2.879318991979948
-5.85,2.8838277839495823,2.8630354668368088
-5.8,2.8819487151891914,2.8462915812238117
-5.75,2.880018293856501,2.8291358014567973
-5.7,2.8779981212464145,2.811526332271037
-5.6499999999999995,2.8759621528093327,2.793518694102795
-5.6,2.8738648514458562,2.775005032759994
-5.55,2.871749789093879,2.7560759122555654
-5.5,2.869619568745609,2.7367219671467633
-5.45,2.8674671046846596,2.7168606119389187
-5.3999999999999995,2.8653805999868305,2.6966187249536264
-5.35,2.8634302825029305,2.6761957682306172
-5.3,2.861651389877522,2.6557007321927917
-5.25,2.8600467641416367,2.6351260100398104
-5.199999999999999,2.858591546792001,2.614457496104799
-5.1499999999999995,2.8573742778629683,2.593897253468474
-5.1,2.856448028991014,2.573543199683873
-5.05,2.855788199332287,2.5533853118482717
-5.0,2.855370545618644,2.53338848137374
-4.949999999999999,2.8552037029331405,2.5135676968114304
-4.8999999999999995,2.8552430605112136,2.493907105427723
-4.85,2.8554946609148004,2.474392164681081
-4.8,2.8559415118049487,2.4550045470714044
-4.75,2.8565788912320675,2.435730093398281
-4.699999999999999,2.8573839678516553,2.4165385198957607
-4.6499999999999995,2.858325143765241,2.3974349424983923
-4.6,2.8594116382674475,2.3784085259473686
-4.55,2.860621553350625,2.3594157804525344
-4.5,2.8619308632866702,2.3404287960508072
-4.449999999999999,2.863342790925593,2.32145694497662
-4.3999999999999995,2.8648129576520183,2.3024574467757852
-4.35,2.866347068178129,2.283406484688369
-4.3,2.8679400027637616,2.264291853967397
-4.25,2.8695695189449326,2.24508078003789
-4.199999999999999,2.8711894948786383,2.2257455639477293
-4.1499999999999995,2.8728395397278113,2.2062746934219164
-4.1,2.8745005974915374,2.186633776806824
-4.05,2.876136349431896,2.1667883032841067
-4.0,2.8777266535490265,2.1467023931437668
-3.9499999999999993,2.8792799883448614,2.126343453731513
-3.8999999999999995,2.880776035685001,2.105668767830536
-3.8499999999999996,2.8821784898078184,2.0846406177091974
-3.8,2.8835203123557016,2.0632307540393406
-3.75,2.8847512590821767,2.041348586058207
-3.6999999999999993,2.8858723444300747,2.01899607312017
-3.6499999999999995,2.8868795118223063,1.9961096450584017
-3.5999999999999996,2.887758023864285,1.9726266716273069
-3.55,2.8885214310014997,1.9486378506835738
-3.5,2.8892027195354792,1.9241396501572874
-3.4499999999999993,2.8897856991733666,1.8990895417456577
-3.3999999999999995,2.8902794931292033,1.8735691836696022
-3.3499999999999996,2.8907110209188938,1.8475450943920386
-3.3,2.891034315579314,1.8209672844891882
-3.25,2.891307399570522,1.793917509908386
-3.1999999999999993,2.8915310592544072,1.7663779214828639
-3.1499999999999995,2.891681976271782,1.7383412500867947
-3.0999999999999996,2.891822827718184,1.7098610139535635
-3.05,2.891905185533445,1.6809058841150994
-3.0,2.891963943868377,1.6514546161485457
-2.9499999999999993,2.891999126146893,1.621572233967303
-2.8999999999999995,2.8920523576946024,1.591245035853423
-2.8499999999999996,2.8921047293337554,1.56048605556712
-2.8,2.8921925763872065,1.5293024436191838
-2.75,2.892302455932789,1.4976691394241617
-2.6999999999999993,2.892426250730402,1.4655531333899983
-2.6499999999999995,2.8926588128058115,1.433055089310867
-2.5999999999999996,2.8929846033415108,1.4001686349280813
-2.55,2.8934541931597266,1.3669192575333584
-2.5,2.894078832106904,1.3332986536421054
-2.4499999999999993,2.8948312671749656,1.2992524789841116
-2.3999999999999995,2.8957052809543002,1.2647449116832719
-2.3499999999999996,2.8968000176770428,1.2298589586121027
-2.3,2.8981543311537545,1.1946202399186632
-2.25,2.8998304314325636,1.1590898773750429
-2.1999999999999993,2.901842652830203,1.1232690150264528
-2.1499999999999995,2.904184387370641,1.0871214010093933
-2.0999999999999996,2.9068508264964272,1.05060527656693
-2.05,2.909869287082158,1.0138025269094824
-2.0,2.9132530987190015,0.976757794811159
-1.9499999999999993,2.917014958433561,0.9395310263423334
-1.9000000000000004,2.921151891285246,0.9021096818061128
-1.8499999999999996,2.9256503912329346,0.8644503345480459
-1.799999999999999,2.9304879267126003,0.8265191547819647
-1.75,2.935705104858632,0.7883913734052123
-1.6999999999999993,2.941296594045892,0.7501408857478253
-1.6500000000000004,2.9472877268887427,0.7118438141399499
-1.5999999999999996,2.953645244908654,0.6734980531398577
-1.549999999999999,2.9603719521243916,0.6351162924431216
-1.5,2.967447094119185,0.5966656784295233
-1.4499999999999993,2.974862035022385,0.5581967102525534
-1.4000000000000004,2.9826135525714177,0.5197974733876274
-1.3499999999999996,2.990675206006748,0.48153236743400823
-1.299999999999999,2.9990333408443224,0.443411258780078
-1.25,3.0076281248830337,0.40545573299872906
-1.1999999999999993,3.016442293869288,0.3677701165438342
-1.1500000000000004,3.0254299683662,0.3304108241079864
-1.0999999999999996,3.0345472505384596,0.2934776082552549
-1.049999999999999,3.0437150272943647,0.2570351796487908
-1.0,3.0528631994640714,0.22133193880903804
-0.9499999999999993,3.0618845066504954,0.18656261137874006
-0.9000000000000004,3.07061669994257,0.1526207891458265
-0.8499999999999996,3.078932409916682,0.11988679716698686
-0.7999999999999989,3.0866523149451734,0.08906382785720163
-0.75,3.0934859385505367,0.06007359095605961
-0.6999999999999993,3.099124440558748,0.03464134465380165
-0.6500000000000004,3.1031020381934478,0.013065111213484762
-0.5999999999999996,3.104840232655082,0.001587696140426554
-0.5499999999999989,3.1049355939483188,1.3868826341593575e-07
-0.5,3.1049355948771384,1.450109299969829e-07
-0.4499999999999993,3.1049355891493766,1.398610837007573e-07
-0.3999999999999986,3.104935608434739,1.371983886170494e-07
-0.34999999999999964,3.1049355857564467,1.429237134113423e-07
-0.29999999999999893,3.1049355873233875,1.4999277601152033e-07
-0.25,3.1049355755318833,1.4226402569085044e-07
-0.1999999999999993,3.10493559027029,1.4489939840826283e-07
-0.14999999999999858,3.1049355851925804,1.3203079580096423e-07
-0.09999999999999964,3.1049355819788405,1.4798585475918516e-07
-0.049999999999998934,3.1049355899294393,1.3993350953866974e-07
0.0,3.104935625237729,0.0
0.05000000000000071,3.1049355899294393,1.3993350953866974e-07
0.10000000000000142,3.1049355819788405,1.4798585475918516e-07
0.15000000000000036,3.1049355851925804,1.3203079580096423e-07
0.20000000000000107,3.10493559027029,1.4489939840826283e-07
0.25,3.1049355755318833,1.4226402569085044e-07
0.3000000000000007,3.1049355873233875,1.4999277601152033e-07
0.3500000000000014,3.1049355857564467,1.429237134113423e-07
0.40000000000000036,3.104935608434739,1.371983886170494e-07
0.45000000000000107,3.1049355891493766,1.398610837007573e-07
0.5,3.1049355948771384,1.450109299969829e-07
0.5500000000000007,3.1049355939483188,1.3868826341593575e-07
0.6000000000000014,3.104840232655082,0.001587696140426554
0.6500000000000004,3.1031020381934478,0.013065111213484762
0.7000000000000011,3.099124440558748,0.03464134465380165
0.75,3.0934859385505367,0.06007359095605961
0.8000000000000007,3.0866523149451734,0.08906382785720163
0.8500000000000014,3.078932409916682,0.11988679716698686
0.9000000000000004,3.07061669994257,0.1526207891458265
0.9500000000000011,3.0618845066504954,0.18656261137874006
1.0,3.0528631994640714,0.22133193880903804
1.0500000000000007,3.0437150272943647,0.2570351796487908
1.1000000000000014,3.0345472505384596,0.2934776082552549
1.1500000000000004,3.0254299683662,0.3304108241079864
1.200000000000001,3.016442293869288,0.3677701165438342
1.25,3.0076281248830337,0.40545573299872906
1.3000000000000007,2.9990333408443224,0.443411258780078
1.3500000000000014,2.990675206006748,0.48153236743400823
1.4000000000000004,2.9826135525714177,0.5197974733876274
1.450000000000001,2.974862035022385,0.5581967102525534
1.5,2.967447094119185,0.5966656784295233
1.5500000000000007,2.9603719521243916,0.6351162924431216
1.6000000000000014,2.953645244908654,0.6734980531398577
1.6500000000000004,2.9472877268887427,0.7118438141399499
1.700000000000001,2.941296594045892,0.7501408857478253
1.75,2.935705104858632,0.7883913734052123
1.8000000000000007,2.9304879267126003,0.8265191547819647
1.8500000000000014,2.9256503912329346,0.8644503345480459
1.9000000000000004,2.921151891285246,0.9021096818061128
1.950000000000001,2.917014958433561,0.9395310263423334
2.0,2.9132530987190015,0.976757794811159
2.0500000000000007,2.909869287082158,1.0138025269094824
2.1000000000000014,2.9068508264964272,1.05060527656693
2.1500000000000004,2.904184387370641,1.0871214010093933
2.200000000000001,2.901842652830203,1.1232690150264528
2.25,2.8998304314325636,1.1590898773750429
2.3000000000000007,2.8981543311537545,1.1946202399186632
2.3500000000000014,2.8968000176770428,1.2298589586121027
2.4000000000000004,2.8957052809543002,1.2647449116832719
2.450000000000001,2.8948312671749656,1.2992524789841116
2.5,2.894078832106904,1.3332986536421054
2.5500000000000007,2.8934541931597266,1.3669192575333584
2.6000000000000014,2.8929846033415108,1.4001686349280813
2.6500000000000004,2.8926588128058115,1.433055089310867
2.700000000000001,2.892426250730402,1.4655531333899983
2.75,2.892302455932789,1.4976691394241617
2.8000000000000007,2.8921925763872065,1.5293024436191838
2.8500000000000014,2.8921047293337554,1.56048605556712
2.9000000000000004,2.8920523576946024,1.591245035853423
2.950000000000001,2.891999126146893,1.621572233967303
3.0,2.891963943868377,1.6514546161485457
3.0500000000000007,2.891905185533445,1.6809058841150994
3.1000000000000014,2.891822827718184,1.7098610139535635
3.1500000000000004,2.891681976271782,1.7383412500867947
3.200000000000001,2.8915310592544072,1.7663779214828639
3.25,2.891307399570522,1.793917509908386
3.3000000000000007,2.891034315579314,1.8209672844891882
3.3500000000000014,2.8907110209188938,1.8475450943920386
3.4000000000000004,2.8902794931292033,1.8735691836696022
3.450000000000001,2.8897856991733666,1.8990895417456577
3.5,2.8892027195354792,1.9241396501572874
3.5500000000000007,2.8885214310014997,1.9486378506835738
3.6000000000000014,2.887758023864285,1.9726266716273069
3.6500000000000004,2.8868795118223063,1.9961096450584017
3.700000000000001,2.8858723444300747,2.01899607312017
3.75,2.8847512590821767,2.041348586058207
3.8000000000000007,2.8835203123557016,2.0632307540393406
3.8500000000000014,2.8821784898078184,2.0846406177091974
3.9000000000000004,2.880776035685001,2.105668767830536
3.950000000000001,2.8792799883448614,2.126343453731513
4.0,2.8777266535490265,2.1467023931437668
4.050000000000001,2.876136349431896,2.1667883032841067
4.100000000000001,2.8745005974915374,2.186633776806824
4.15,2.8728395397278113,2.2062746934219164
4.200000000000001,2.8711894948786383,2.2257455639477293
4.25,2.8695695189449326,2.24508078003789
4.300000000000001,2.8679400027637616,2.264291853967397
4.350000000000001,2.866347068178129,2.283406484688369
4.4,2.8648129576520183,2.3024574467757852
4.450000000000001,2.863342790925593,2.32145694497662
4.5,2.8619308632866702,2.3404287960508072
4.550000000000001,2.860621553350625,2.3594157804525344
4.600000000000001,2.8594116382674475,2.3784085259473686
4.65,2.858325143765241,2.3974349424983923
4.700000000000001,2.8573839678516553,2.4165385198957607
4.75,2.8565788912320675,2.435730093398281
4.800000000000001,2.8559415118049487,2.455004547071404
4.850000000000001,2.8554946609148004,2.474392164681081
4.9,2.8552430605112136,2.493907105427723
4.950000000000001,2.8552037029331405,2.5135676968114304
5.0,2.855370545618644,2.53338848137374
5.050000000000001,2.855788199332287,2.5533853118482717
5.100000000000001,2.856448028991014,2.5735431996838725
5.15,2.8573742778629683,2.593897253468474
5.200000000000001,2.858591546792001,2.614457496104799
5.25,2.8600467641416367,2.6351260100398104
5.300000000000001,2.861651389877522,2.6557007321927917
5.350000000000001,2.8634302825029305,2.6761957682306172
5.4,2.8653805999868305,2.6966187249536264
5.450000000000001,2.8674671046846596,2.7168606119389187
5.5,2.869619568745609,2.7367219671467633
5.550000000000001,2.871749789093879,2.7560759122555654
5.600000000000001,2.8738648514458562,2.775005032759994
5.65,2.8759621528093327,2.793518694102795
5.700000000000001,2.8779981212464145,2.811526332271037
5.75,2.880018293856501,2.8291358014567973
5.800000000000001,2.8819487151891914,2.8462915812238117
5.850000000000001,2.8838277839495823,2.8630354668368088
5.9,2.885607933141158,2.879318991979948
5.950000000000001,2.887305075605567,2.8952038767075776
6.0,2.888950832656803,2.910723392229398
6.050000000000001,2.890559447113761,2.9258973157128265
6.100000000000001,2.8921879585023422,2.9407938671218226
6.150000000000002,2.8938682647379967,2.9554481981513923
6.199999999999999,2.8955648239291825,2.9698436917506204
6.25,2.8972641830855737,2.983960169748634
6.300000000000001,2.8989378919625675,2.9977832115936796
6.350000000000001,2.9005737774311955,3.011333681292318
6.400000000000002,2.90213260639229,3.024573730528443
6.449999999999999,2.903534221372379,3.037418809998196
6.5,2.9047830956087037,3.0498839313059074
6.550000000000001,2.9058937065850787,3.0619985325920123
6.600000000000001,2.9068593441411217,3.073769732235992
6.650000000000002,2.907648962431179,3.085160543511638
6.699999999999999,2.908119507491091,3.096034136462715
6.75,2.90830707943549,3.10645854219192
6.800000000000001,2.9082172582547527,3.1164510434926656
6.850000000000001,2.907869695425933,3.126027790057401
6.900000000000002,2.907346144588007,3.135273300803713
6.949999999999999,2.9066909259457314,3.1442290962041133
7.0,2.905915613327511,3.1529221525665534
7.050000000000001,2.9050465294478007,3.16137303778475
7.100000000000001,2.9040692309227354,3.169553848263936
7.150000000000002,2.903011219414814,3.1775112638284235
7.199999999999999,2.9019020182731383,3.185277300330481
7.25,2.900783821876707,3.1929083153671383
7.300000000000001,2.8996632958488053,3.2004120683740167
7.350000000000001,2.898536929882701,3.207775415779457
7.400000000000002,2.8974477487546633,3.2150304186472867
7.449999999999999,2.8963169650332623,3.2221400228299424
7.5,2.8951695628026894,3.2291237389006295
7.550000000000001,2.8939827536293175,3.2359254631385896
7.600000000000001,2.8927117417673274,3.2425338512592106
7.650000000000002,2.8914998246386627,3.2490928877466057
7.699999999999999,2.8902350007349837,3.255516345234398
7.75,2.8889453917018924,3.261756578784918
7.800000000000001,2.887696558886434,3.2679429163891363
7.850000000000001,2.886458936529753,3.274064552631811
7.900000000000002,2.885211372608099,3.2800375335129655
7.949999999999999,2.884066427721224,3.286017482457819
8.0,2.8830482860459847,3.2920505142783405
8.05,2.882104459452695,3.2980049351193106
8.100000000000001,2.8812852269737985,3.3039988465614556
8.150000000000002,2.8805797787737015,3.310013084090458
8.2,2.8799669368705083,3.3159750346951395
8.25,2.8795003889733466,3.3220106330065207
8.3,2.87914264387286,3.328037485211007
8.350000000000001,2.8789134027311936,3.334080120301195
8.400000000000002,2.8788070907409846,3.340179580130161
8.45,2.8786953830871913,3.346137947001787
8.5,2.878580109965838,3.3520513496265067
8.55,2.8784602135970925,3.357853546334274
8.600000000000001,2.8783763195750223,3.3636217494707195
8.650000000000002,2.878265163347585,3.3692941861140406
8.7,2.87810821973386,3.3748452224965746
8.75,2.8779679712939825,3.380369831381064
8.8,2.877716622021788,3.385679610644923
8.850000000000001,2.8774806032181632,3.390996231291217
8.900000000000002,2.8771685501769837,3.3961083528130374
8.95,2.8768744009241565,3.4012276476581236
9.0,2.8765212992300904,3.4061756713071687
9.05,2.87611078315399,3.4110543175082357
9.100000000000001,2.8755584675338177,3.4157131864851262
9.150000000000002,2.87511134039056,3.4204308697477406
9.200000000000003,2.87458665828969,3.4249926492148335
9.25,2.8740537594842377,3.4295235232847476
9.3,2.8734889600046394,3.433921394850576
9.350000000000001,2.8729125229079338,3.4383044081406307
9.400000000000002,2.8723445504075324,3.442573951873546
9.450000000000003,2.8718291347270193,3.446899032991194
9.5,2.8712973059187354,3.4510972985178707
9.55,2.8708469215028427,3.4553538522839413
9.600000000000001,2.870373917047717,3.4595063756795255
9.650000000000002,2.8699701619925775,3.463703643211303
9.700000000000003,2.869432308542304,3.467716818100701
9.75,2.8689255804344365,3.4717101358018048
9.8,2.8683470440643295,3.475614223935153
9.850000000000001,2.867739588871906,3.479407435798917
9.900000000000002,2.8670960552554514,3.4831763047088464
9.950000000000003,2.8663799702174786,3.486771576562935
10.0,2.8656394060884938,3.4903520846226135
10.05,2.8648662959999616,3.4938375541701676
10.100000000000001,2.8640415366458365,3.4972361878682197
10.150000000000002,2.863251078779955,3.5006469922831744
10.200000000000003,2.8623647027572825,3.503886183287306
10.25,2.861513589867143,3.507156864484829
10.3,2.8606128174346046,3.5103196399883925
10.350000000000001,2.8597533028477278,3.513481367723456
10.400000000000002,2.8589104179247475,3.516645500153944
10.450000000000003,2.8580737171161488,3.5197146947675777
10.5,2.857267041868713,3.522814782035711
10.55,2.8565561143851657,3.5259450168349318
10.600000000000001,2.85580346856028,3.528982746828694
10.650000000000002,2.855223699970802,3.5321681499156883
10.700000000000003,2.8546381497976054,3.5352758796072945
10.75,2.854185085960048,3.5384735006382133
10.8,2.85385364357921,3.541758712685325
10.850000000000001,2.8535560409938054,3.5449755633135496
10.900000000000002,2.853448485158476,3.5483540742680617
10.950000000000003,2.8534136350366017,3.5517737397933975
11.0,2.853468679500456,3.5551751269417697
11.05,2.8535668970925596,3.5586166949628413
11.100000000000001,2.853818636006684,3.5621557192156956
11.150000000000002,2.8540960434632168,3.5656384339210807
11.200000000000003,2.854498421148055,3.5692213323377775
11.25,2.8549974057791445,3.5728554864010094
11.3,2.8555153610453954,3.5764394949422034
11.350000000000001,2.8563562514535583,3.5802792847019185
11.400000000000002,2.85717470848348,3.5840730477932774
11.450000000000003,2.858156506467094,3.587934646091632
11.5,2.8591704606683335,3.591821061708731
11.55,2.8602103658643476,3.5957137090501843
11.600000000000001,2.8612799264627884,3.599540849523918
11.650000000000002,2.8624777509435213,3.603477260342059
11.700000000000003,2.863590813226417,3.6073456985694907
11.75,2.864747220219997,3.6111564402939043
11.8,2.8658800876360453,3.6149398183503
11.850000000000001,2.8669753787515524,3.618698579537286
11.900000000000002,2.8681088315170222,3.622441046298661
11.950000000000003,2.8691291612842234,3.626048802563582
12.0,2.870140780996009,3.6296462448327698
12.05,2.8711851206193217,3.633257783034593
12.100000000000001,2.8719341892818604,3.636564873200996
12.150000000000002,2.8726474155810315,3.6398497294039918
12.200000000000003,2.873335098470286,3.643113754237652
12.25,2.8737529857469157,3.6461052065333464
12.3,2.8741788938910005,3.6490723258329933
12.350000000000001,2.8744827776374815,3.6519446754861864
12.400000000000002,2.8747232596962795,3.6547715712827844
12.450000000000003,2.8748787968019927,3.65744087268842
12.5,2.8749784890954566,3.6600631490862385
12.55,2.874877324482529,3.6625331457475374
12.600000000000001,2.8746375771555246,3.6648680786371988
12.650000000000002,2.87429517411011,3.6670625894741207
12.700000000000003,2.8738439601268753,3.669179466911998
12.75,2.8734559232165697,3.671345164115525
12.8,2.872898327045656,3.6733416167657706
12.850000000000001,2.8722793889055356,3.67524363240607
12.900000000000002,2.8716301621321785,3.6771252539540336
12.950000000000003,2.8709522064310886,3.6789877666492923
13.0,2.870213698881335,3.680759877552505
13.05,2.8693157590801044,3.6823697898968457
13.100000000000001,2.868496345683908,3.684040215766693
13.150000000000002,2.8675702419763964,3.685634648548716
13.200000000000003,2.8666544823996345,3.6872060818030064
13.25,2.865638784867289,3.6886516904281317
13.3,2.8646661301472505,3.690135893205877
13.350000000000001,2.8636589598447286,3.691596635083015
13.400000000000002,2.862687092615595,3.693065245878619
13.450000000000003,2.8616918321361235,3.6944512329082513
13.5,2.860729618696958,3.6958710068566654
13.55,2.8598328608070758,3.6973438391647475
13.600000000000001,2.8590261051068704,3.698891517189406
13.650000000000002,2.858205369663802,3.7003569590481606
13.700000000000003,2.857460272709467,3.701871733834943
13.75,2.856824829530569,3.703474518967549
13.8,2.8563039064890705,3.705173010775238
13.850000000000001,2.8558428141317553,3.706888920019856
13.900000000000002,2.855378075019622,3.708562507503227
13.950000000000003,2.8550200395253937,3.7103206956366415
14.0,2.854642240316584,3.712063411617427
14.05,2.854318030034942,3.7138430845871455
14.100000000000001,2.853794075459741,3.715408410668517
14.150000000000002,2.853404956948114,3.7170678879868815
14.200000000000003,2.8529606544335895,3.7186891655338274
14.25,2.8525554906608366,3.7203445498993584
14.3,2.8521474999602017,3.7219975976456423
14.350000000000001,2.851750221544669,3.7235819988491827
14.400000000000002,2.851433264236902,3.7252240911779655
14.450000000000003,2.851061761192165,3.7268300019474405
14.5,2.850771211354999,3.7285026619005985
14.55,2.8505288782298317,3.7302091407163895
14.600000000000001,2.850245939486602,3.7318141578635697
14.650000000000002,2.849977396594844,3.7334284705804435
14.700000000000003,2.8497033496431334,3.735041503862819
14.75,2.849381885433454,3.736617186501478
14.8,2.8490614060395316,3.738200999061568
14.850000000000001,2.848741948771818,3.7397165444308977
14.900000000000002,2.848258683993539,3.7411069071565697
14.950000000000003,2.847798019656666,3.7425149499920844
15.0,2.8475262842849536,3.7440672075649175
15.05,2.8470095159924274,3.7454333487897533
15.100000000000001,2.8465387203713424,3.746784372545855
15.150000000000002,2.846017624736322,3.748086254771001
15.200000000000003,2.8454617808154787,3.7493598723692934
15.25,2.8449211486367085,3.7506477354296206
15.3,2.8442994115259896,3.751874996310583
15.350000000000001,2.8437427737476315,3.7531329006746024
15.400000000000002,2.843097628448837,3.754268710915398
15.450000000000003,2.8425017043449166,3.7554452968624483
15.5,2.8419704841060285,3.756675700663328
15.55,2.8413751677152437,3.757863473161546
15.600000000000001,2.840814261421322,3.7590734983215883
15.650000000000002,2.840364380506807,3.7603258568425466
15.700000000000003,2.8398513582346356,3.7615003622510974
15.75,2.839228440744923,3.762593771250157
15.8,2.838663152153683,3.763734211734355
15.850000000000001,2.838007956988204,3.7648098786826267
15.900000000000002,2.837371132792508,3.7659030520242913
15.950000000000003,2.8367597662009034,3.76697233256075
16.0,2.835942356932852,3.76786503689806
16.05,2.8352008897707064,3.7688115079824858
16.1,2.8344754051796164,3.7697712148416005
16.150000000000002,2.8336723830880315,3.770672656009427
16.200000000000003,2.8330240640184123,3.771692770379961
16.25,2.8322503275663413,3.7725833979880856
16.3,2.831454805447705,3.7734341301180745
16.35,2.830831478879311,3.7744178270959874
16.400000000000002,2.8302284984104493,3.7754205626557584
16.450000000000003,2.829729615490659,3.776504929060812
16.5,2.829372264624325,3.777692803039728
16.55,2.8289031249322334,3.778780710547963
16.6,2.8285645400308885,3.779918615548264
16.650000000000002,2.828246089833585,3.781073702542216
16.700000000000003,2.8279768561316923,3.7822689231692075
16.75,2.827819554804452,3.783548331234883
16.8,2.827704618226116,3.7848637063410395
16.85,2.827649726345722,3.786226419254863
16.900000000000002,2.8276541185554143,3.787585615377152
16.950000000000003,2.827723973460448,3.7889766864286756
17.0,2.8278898087955393,3.7904362408381775
17.05,2.828182181542969,3.7919921239208674
17.1,2.8285696068006145,3.793623360078136
17.150000000000002,2.8291616891204154,3.795408560787086
17.200000000000003,2.8298214340676733,3.797245099612676
17.25,2.8305141400779,3.7990483490219145
17.3,2.831336700201886,3.8009439090401553
17.35,2.832255935418575,3.8029144873402316
17.400000000000002,2.8331523335270297,3.804871428303646
17.450000000000003,2.834205613530493,3.806945769198902
17.5,2.8352746044824038,3.808997514090871
17.55,2.8362954075193807,3.810965217550385
17.6,2.837297857268692,3.812848515960929
17.650000000000002,2.838245232835264,3.814618174996796
17.700000000000003,2.8391442947929355,3.8163378189288535
17.75,2.840010466165091,3.8179665901918005
17.8,2.8409943761491494,3.81968578114709
17.85,2.8418497313880935,3.821231062744297
17.900000000000002,2.8427482796581387,3.822810641202255
17.950000000000003,2.843553722350638,3.8242283451214094
18.0,2.8443041670642106,3.8255590087230726
18.05,2.8448870249308422,3.8267155696195188
18.1,2.8454412208716557,3.827823740635152
18.150000000000002,2.8460191918760405,3.8288592798004717
18.200000000000003,2.8462158803874975,3.8294950174001587
18.25,2.846281590316693,3.829999037242018
18.3,2.846158397256982,3.8301970454397187
18.35,2.845898880053229,3.8302564975427944
18.400000000000002,2.845395819019871,3.8299254230172983
18.450000000000003,2.8447183521891186,3.8294529215783784
18.5,2.843997492454798,3.828825007578065
18.55,2.8430516387157225,3.827958081957876
18.6,2.8419445349198647,3.8269218631034536
18.650000000000002,2.840751893220229,3.825674751674043
18.700000000000003,2.839378896707918,3.82430435649615
18.75,2.837903225252529,3.8226367636300305
18.8,2.836321120418039,3.82086042617893
18.85,2.8346392015432307,3.8189177296691694
18.900000000000002,2.8329064688763244,3.8168501311453005
18.950000000000003,2.8313205965248174,3.814888825576855
19.0,2.829660313023921,3.812701500936229
19.05,2.828083690759866,3.8105934740814806
19.1,2.826508646880234,3.8083774285255823
19.150000000000002,2.8251188891863683,3.806226942382508
19.200000000000003,2.8237979111992106,3.8040727824150693
19.25,2.8223528315594635,3.8016795824901033
19.3,2.8211289157890342,3.7994695263488523
19.35,2.8199400347567356,3.797184029127824
19.400000000000002,2.818878036123573,3.7949485325037666
19.450000000000003,2.817907114658018,3.792786816994859
19.5,2.8169861316365226,3.79051779357694
19.55,2.8162748491964678,3.788434775727509
19.6,2.8155056352361076,3.7862101489466147
19.650000000000002,2.8147488860372443,3.7839165057001862
19.700000000000003,2.814173615902963,3.7817891769805914
19.75,2.813657238740298,3.7795609069037166
19.8,2.813254754652435,3.777447920562055
19.85,2.812970382042477,3.7754108305093848
19.900000000000002,2.81272163025857,3.7733063560297957
19.950000000000003,2.8126334027119846,3.771361751671773
20.0,2.8126498747906905,3.769424036512759
20.05,2.8126020117303496,3.767391895132519
20.1,2.812752933249552,3.7655351368298797
20.150000000000002,2.8128207203688427,3.763499520218999
20.200000000000003,2.812828108718452,3.7614574813122332
20.25,2.8129141139787692,3.759505137957366
20.3,2.812828752967432,3.7573201713216657
20.35,2.8127010732200497,3.7551751944504708
20.400000000000002,2.812584924566561,3.753024660129872
20.450000000000003,2.812368386576501,3.7507467854670957
20.5,2.8120352259781236,3.74843903072209
20.55,2.811691814421223,3.746032203072401
20.6,2.811316761344833,3.7435919196856586
20.650000000000002,2.810893966491813,3.7411653400764027
20.700000000000003,2.810373635268988,3.7386162773338443
20.75,2.8098409494000096,3.736059243259703
20.8,2.80916250572915,3.733459095712484
20.85,2.8083751399128825,3.7307329353534557
20.900000000000002,2.807799440300337,3.7281746613832536
20.950000000000003,2.8070421601002122,3.7255785616625667
21.0,2.8061393215482204,3.722786049623199
21.05,2.8052465373931383,3.7199745098979817
21.1,2.80417724582974,3.717145605895258
21.150000000000002,2.803101661117485,3.7141723499914705
21.200000000000003,2.802025816826736,3.7112604439093815
21.25,2.800952837893308,3.70846476717752
21.3,2.7999913750439918,3.705599881021363
21.35,2.798965628789387,3.702793748411442
21.400000000000002,2.798004415944598,3.700094312841771
21.450000000000003,2.7971910825654778,3.6973726820148047
21.5,2.7962276042805017,3.6946713391090773
21.55,2.7953993554401384,3.692071300960553
21.6,2.7947331352855347,3.689472436785151
21.650000000000002,2.7940385746069802,3.6869564816526053
21.700000000000003,2.793473717728292,3.684535618420168
21.75,2.792677870732058,3.681914557354548
21.8,2.791927518241041,3.679368526495497
21.85,2.791572443527037,3.6771198758215355
21.900000000000002,2.7913013281302637,3.674974815947196
21.950000000000003,2.790795789443786,3.6726280030054124
22.0,2.7904064178271017,3.6703663228421908
22.050000000000004,2.7900232432050593,3.6682139076876807
22.1,2.7898103926093114,3.666080824632532
22.15,2.7897099032750345,3.664001624107131
22.200000000000003,2.7895571978748683,3.662032138581808
22.25,2.7895366796185903,3.6600632005422273
22.300000000000004,2.789638710101619,3.6581643319922246
22.35,2.7896960888124926,3.6563689694305808
22.4,2.7900382979496894,3.65474992526335
22.450000000000003,2.7905610843407933,3.6531983278963787
22.5,2.7911472263416095,3.6518207626690975
22.550000000000004,2.791813272623608,3.650532494829111
22.6,2.7924970995624028,3.649124450055062
22.65,2.7931271568413822,3.6478568244825422
22.700000000000003,2.7937942687409096,3.6466511221757187
22.75,2.794434186989099,3.6453277305143312
22.800000000000004,2.7948082053755408,3.643931173286452
22.85,2.7952588154113025,3.6426547723503706
22.9,2.7958677450576435,3.6415371295935035
22.950000000000003,2.796276307192836,3.6402681043217116
23.0,2.7965943874874633,3.6389884802092243
23.050000000000004,2.7970152059037545,3.6379147530008327
23.1,2.797372406520075,3.636750834274721
23.15,2.7977315349124594,3.635612368286575
23.200000000000003,2.798014779845209,3.6345315607177455
23.25,2.7982646921542327,3.63347448602121
23.300000000000004,2.7984164232098316,3.632248519775091
23.35,2.7987290118308645,3.631224502218008
23.4,2.79882293373664,3.630107768700749
23.450000000000003,2.798672696801207,3.6289358314458666
23.5,2.7984968993820005,3.6277662470430676
23.550000000000004,2.7982764762754124,3.626632806586284
23.6,2.797747820458342,3.6255601014399375
23.65,2.7971887532661563,3.6243413732639986
23.700000000000003,2.7964771733033236,3.623086884163414
23.75,2.7956233184878356,3.6219878220902535
23.800000000000004,2.7947140175560707,3.6208539459587845
23.85,2.7935096146292864,3.619469293635311
23.9,2.7922856883267353,3.61828968491484
23.950000000000003,2.7911503992648488,3.617167965129955
24.0,2.7895669072518374,3.6157832983570013
24.050000000000004,2.787854719117679,3.614371045963784
24.1,2.786309448626831,3.6131317353852674
24.15,2.7845531393166354,3.6118825435947075
24.200000000000003,2.7828735040543355,3.6107609632705286
24.25,2.7813439882184396,3.6097081227502703
24.300000000000004,2.77956831094673,3.608639059101462
24.35,2.7779142694789405,3.607794041554481
24.4,2.7764114164942777,3.60699492099954
24.450000000000003,2.77477181086946,3.6062052724619997
24.5,2.7732255688836482,3.6055884104048093
24.550000000000004,2.7719063969109086,3.6051875433657843
24.6,2.770382092382989,3.6046620803975635
24.65,2.768890406162837,3.6041692619292363
24.700000000000003,2.767653232470127,3.603911072726973
24.75,2.7666032372366383,3.603961545928624
24.800000000000004,2.7657718474721165,3.60416946866335
24.85,2.765165979682607,3.6044974361801354
24.9,2.7647727570686436,3.6051355416689175
24.950000000000003,2.764560369797542,3.6060290901365675
25.0,2.764606707407101,3.6070127023230985
25.050000000000004,2.7648056808425836,3.6081601215734938
25.1,2.7651901473751415,3.6095756961792613
25.15,2.7658444155252475,3.6111880635265
25.200000000000003,2.7665759084480253,3.6128526644344494
25.25,2.767337434963965,3.6145946701785543
25.300000000000004,2.7681954403491065,3.6163823916061264
25.35,2.7692994786460887,3.618344482470432
25.4,2.77060090953536,3.6206296166086953
25.450000000000003,2.7720967459357024,3.622915346902119
25.5,2.773677323699386,3.62524106975846
25.550000000000004,2.775394201357314,3.6278525683288145
25.6,2.7772026862877635,3.630566637766378
25.65,2.778933752904074,3.6330522528707965
25.700000000000003,2.7808650170030025,3.6357784930194486
25.75,2.7828780322461832,3.6386239752199727
25.800000000000004,2.7849374014681296,3.6414966021381576
25.85,2.786784055854375,3.644172224288405
25.9,2.7885188364962152,3.646801545011927
25.950000000000003,2.790148365796366,3.6493096525209108
26.0,2.791778526880491,3.6517899935623714
26.050000000000004,2.7931920785540005,3.6542572252053227
26.1,2.794427657399856,3.656370022886214
26.15,2.795625987215294,3.658432792474352
26.200000000000003,2.7965140720794075,3.6603770544760184
26.25,2.7973902460146403,3.662351060446087
26.300000000000004,2.7980460274723646,3.6640066880573228
26.35,2.7985330417531173,3.665513628422989
26.4,2.798830472515211,3.6670068911613543
26.450000000000003,2.79897881838333,3.6683542151131605
26.5,2.7988815148251227,3.6694710680286065
26.550000000000004,2.7984552669626446,3.670329879158054
26.6,2.7980335598077275,3.671208463406765
26.65,2.7974465150289207,3.671941879753902
26.700000000000003,2.7965777197291097,3.6724668222044983
26.75,2.795450436373496,3.672869879178502
26.800000000000004,2.794222130037671,3.6730790002001013
26.85,2.7926800397239364,3.6729765304036013
26.9,2.7909961665292102,3.6728702703128033
26.950000000000003,2.7891009353859495,3.672658419522907
27.0,2.787140406727708,3.672252183773624
27.050000000000004,2.784972812574589,3.6716349015828302
27.1,2.782539207920091,3.6709727811666584
27.15,2.78017622458881,3.670367552094428
27.200000000000003,2.7775941677549203,3.6695492755830945
27.25,2.774680404996176,3.6684090241370217
27.300000000000004,2.7719105374267032,3.667459026845936
27.35,2.7692351544310783,3.6665550248986203
27.4,2.766727736559282,3.6657488310200805
27.450000000000003,2.7639134108140926,3.6648631348303033
27.5,2.76106514174787,3.6637901165186504
27.550000000000004,2.758362186695287,3.6628325852787773
27.6,2.755815046421832,3.661965010494313
27.65,2.753447137247521,3.6614262789136243
27.700000000000003,2.7510802890059036,3.6607768249591346
27.75,2.748777399161838,3.660007802439501
27.800000000000004,2.746684788389466,3.659486782310582
27.85,2.744777731508758,3.6591672854854056
27.9,2.742944160965332,3.6589390060440268
27.950000000000003,2.741301702047576,3.658749254192563
28.0,2.739865416974769,3.6587138434442315
28.050000000000004,2.7385901708118814,3.658842832222294
28.1,2.737574980065485,3.659157081406924
28.15,2.736855801242559,3.6596851222401585
28.200000000000003,2.7362587203712048,3.660362683557752
28.25,2.735910154740916,3.661195847011402
28.300000000000004,2.7357691435629516,3.6620896777071157
28.35,2.7354488978171614,3.662887258323903
28.400000000000006,2.7352827244722895,3.6638570330187776
28.450000000000003,2.7353661149879596,3.6651032974413287
28.5,2.7354239563965432,3.666176979746399
28.550000000000004,2.7355260804687007,3.6671727965301044
28.6,2.7358714350248046,3.6684817089340367
28.650000000000006,2.736302595423265,3.669867261006438
28.700000000000003,2.736573916298012,3.671152416463343
28.75,2.737109646645737,3.6724932415158005
28.800000000000004,2.737635186671911,3.6738881684674167
28.85,2.737813912268395,3.6750537689761793
28.900000000000006,2.738131867417411,3.6763052219162224
28.950000000000003,2.7385614678816523,3.677616312676188
29.0,2.7387240589491717,3.678817494065209
29.050000000000004,2.738734543412618,3.679827085524915
29.1,2.7388309757755818,3.680855606448384
29.150000000000006,2.7389361874200424,3.681894280348433
29.200000000000003,2.7387838263800046,3.6828198069590012
29.25,2.738525681340789,3.6837410817190985
29.300000000000004,2.738293563903261,3.6845506450240895
29.35,2.738038311492934,3.6852774174811094
29.400000000000006,2.737592061182144,3.68591783582299
29.450000000000003,2.7371298823115886,3.686652694868232
29.5,2.7364025461333847,3.6871126437082893
29.550000000000004,2.7355695617447835,3.6874749244668186
29.6,2.734612468339178,3.687602029848117
29.650000000000006,2.7335265665247936,3.6877928797721933
29.700000000000003,2.732315556416638,3.6878598941120826
29.75,2.7308608148398794,3.6877344445590863
29.800000000000004,2.729561723093995,3.687706309254142
29.85,2.728033829382699,3.6875808698938246
29.900000000000006,2.726345126013503,3.6872722000176
29.950000000000003,2.7245093694159412,3.686834360239795
30.0,2.722720226467315,3.686415667216226
30.050000000000004,2.720933109547726,3.6860517744833996
30.1,2.719322605360711,3.6859253089874784
30.150000000000006,2.717716694436399,3.6856932941445155
30.200000000000003,2.716038227145009,3.6853244607352873
30.25,2.714554401473309,3.685076940300785
30.300000000000004,2.7131146724376256,3.685036106019364
30.35,2.7118626969019695,3.685125895633832
30.400000000000006,2.710680974719216,3.6852500340102394
30.450000000000003,2.709482349586219,3.685207599321451
30.5,2.708344974932194,3.685242350519191
30.550000000000004,2.707388189194249,3.6854627807338094
30.6,2.7065987355982926,3.6858027132986644
30.650000000000006,2.705716809058855,3.686041304505508
30.700000000000003,2.705020966914681,3.6864194704381172
30.75,2.7044123019109683,3.6868984179887687
30.800000000000004,2.7040150073941605,3.6874987337910055
30.85,2.7037531655078784,3.6881634110137766
30.900000000000006,2.7035639222590806,3.6888696972465826
30.950000000000003,2.703472503422526,3.689736576914371
31.0,2.7035489884345316,3.6908006635429844
31.050000000000004,2.7036118472981254,3.6917115048734233
31.1,2.7035461759463253,3.692464853024151
31.150000000000006,2.7036256805893193,3.6933503429977352
31.200000000000003,2.7038017346681045,3.6944235396427882
31.25,2.7038573579151564,3.6954141997763004
31.300000000000004,2.7036159345879507,3.6961687854776097
31.35,2.7034839738018595,3.696922808663983
31.400000000000006,2.7034623876539916,3.6976900316217987
31.450000000000003,2.703311285304645,3.698514477500792
31.5,2.703044972381591,3.6992261437197596
31.550000000000004,2.703019025760499,3.700051426448923
31.6,2.7029791337084608,3.7008590723308497
31.650000000000006,2.7026062050145265,3.701440385578519
31.700000000000003,2.702001742828211,3.7018413836781368
31.75,2.7016185665027748,3.7023883258671195
31.800000000000004,2.701236794718156,3.702921033974089
31.85,2.7005917683178895,3.7032350507218057
31.900000000000006,2.7000487528866137,3.7036947804296583
31.950000000000003,2.6996586008135837,3.704361061077336
32.0,2.6992372729930314,3.704879664297171
32.050000000000004,2.698658172058099,3.7052215384119576
32.1,2.6982109821309446,3.7056311106719053
32.150000000000006,2.6978945039744144,3.7062440590974255
32.2,2.697690383296894,3.707003403322387
32.25,2.69729698454075,3.707618565855798
32.300000000000004,2.696927536011419,3.7081851075617065
32.35,2.6966376900933247,3.708675248321373
32.400000000000006,2.6963677425775394,3.7092920471980957
32.45,2.695880847144801,3.7098177272582125
32.5,2.695444677167061,3.7103616760713196
32.550000000000004,2.6951967858016017,3.7110081082911064
32.6,2.6951966599367694,3.7118247589543825
32.650000000000006,2.6946790036094748,3.7122589680070703
32.7,2.693951410661292,3.7125216454216474
32.75,2.693443074083424,3.7129326129527835
32.800000000000004,2.693080401672291,3.7134327707804653
32.85,2.692418882442938,3.7137046441547032
32.900000000000006,2.691606058636052,3.713947394829886
32.95,2.690813043090152,3.714272767003824
33.0,2.6899480312654416,3.714396437694538
33.050000000000004,2.689188258063884,3.7145717831008813
33.1,2.688301064955552,3.7146572529823243
33.150000000000006,2.687412493241163,3.714781999687628
33.2,2.685981754335857,3.7146158752833633
33.25,2.684676093856553,3.7145071630777293
33.300000000000004,2.6836947667918,3.714630266056676
33.35,2.68272361250567,3.714623375908774
33.400000000000006,2.6817665417778125,3.714623642102161
33.45,2.680776110237888,3.7147453391052263
33.5,2.679899585949011,3.7149240106629224
33.550000000000004,2.678946223873255,3.71503644668509
33.6,2.678115432962032,3.71522396819067
33.650000000000006,2.677504322766806,3.71555925077863
33.7,2.676785326148794,3.715808360715572
33.75,2.6758303949550597,3.7159079720495707
33.800000000000004,2.674901204292545,3.7160120389685836
33.85,2.674209163598728,3.7162390319635135
33.900000000000006,2.6735419350677825,3.716457867425592
33.95,2.6727868228619394,3.7166487748323815
34.0,2.6721403224382074,3.717049093904075
34.050000000000004,2.6715318703815734,3.717364583948217
34.1,2.6708645965914046,3.7175825043590685
34.150000000000006,2.670291084870936,3.717838892118996
34.2,2.6698607742589746,3.7181656595269335
34.25,2.669402497101834,3.7186376780287222
34.300000000000004,2.6688836509169707,3.7190989896640216
34.35,2.6680300746616727,3.7193101805292565
34.400000000000006,2.6671602640223533,3.719409560070397
34.45,2.6663261420166386,3.719420199051327
34.5,2.6654313614832876,3.719442046706641
34.550000000000004,2.6645087833607968,3.7195747017463408
34.6,2.6634389026578655,3.7195968879058023
34.650000000000006,2.662296718330126,3.719556617855971
34.7,2.66104082052406,3.719392444676491
34.75,2.659874739955952,3.7192847667302975
34.800000000000004,2.6585438199705482,3.719031483209879
34.85,2.6571885554161563,3.7188144363623827
34.900000000000006,2.656034481964518,3.7187243430027177
34.95,2.6549082385931406,3.718631930112538
35.0,2.6539307276889,3.7186497946263737
