width_knob,increase,upright_gap,median_same_lean_gap,max_aligned_divergence,median_direction_angle,max_direction_angle,minimum_polyline_gap
3.1999999999999997,0.0,0.0,0.0,0.0,0.0,0.0,0.0
3.3,0.1,0.310493585344834,0.29918395609044296,0.3920002434435582,7.355068653351103,46.51645340738395,0.2494364715345188
3.4,0.2,0.620987126897102,0.5967561608095021,0.7890889317826212,14.462429412198938,54.44444532904307,0.5008584971648266
3.4999999999999996,0.3,0.9314806666496755,0.88778736472818,1.1788697723682708,20.909130972260908,57.16613553491683,0.7538343461262963
3.5999999999999996,0.4,1.2419742975867698,1.1759173008203463,1.561344642895127,26.77685463876071,58.50129193467368,1.0044656301861126
3.6999999999999997,0.5,1.552467746154823,1.4595195676973522,1.938086586652362,33.13982463341906,58.94618319774878,1.2506636351994396
3.8,0.6,1.8629613806913061,1.739646883352729,2.311676546080648,38.69917150362308,59.388146094801485,1.492757780651145
3.8999999999999995,0.7,2.173454829259359,2.017254091461053,2.68452632179181,43.42812017508265,59.5311949522183,1.731516447131345
4.0,0.8,2.483948460196453,2.2825731349756513,3.059001387600572,47.706894784192926,59.7667154342753,1.9673486131327047
4.1,0.9,2.7944420911335475,2.5409639825001644,3.4329771378454668,51.45179606593806,72.60071454456275,2.2003462014945643
4.199999999999999,1.0,3.1049357220706417,2.793265161391437,3.800829341892205,54.85294212065162,80.56677078225286,2.430000682316172
