width_px,height_change_px,height_px,distance_between_height_changes
1.7000000000000002,-1.5,18.25,0.9276987267321015
1.7000000000000002,-1.4000000000000001,18.35,0.8658521579605875
1.7000000000000002,-1.3,18.45,0.8040055530484471
1.7000000000000002,-1.2000000000000002,18.55,0.7421589625925564
1.7000000000000002,-1.1,18.65,0.6803124155054198
1.7000000000000002,-1.0,18.75,0.618465817821401
1.7000000000000002,-0.9,18.85,0.5566192345936376
1.7000000000000002,-0.8,18.95,0.4947726513658749
1.7000000000000002,-0.7000000000000001,19.05,0.4329260681381134
1.7000000000000002,-0.6000000000000001,19.15,0.3710794849103536
1.7000000000000002,-0.5,19.25,0.30923288722633047
1.7000000000000002,-0.4,19.35,0.2473863039985707
1.7000000000000002,-0.30000000000000004,19.45,0.18553969185829794
1.7000000000000002,-0.2,19.55,0.1236931375430717
1.7000000000000002,-0.1,19.65,0.0618465543153735
1.7000000000000002,0.0,19.75,0.0
1.7000000000000002,0.1,19.85,0.06184664105277079
1.7000000000000002,0.2,19.95,0.12369316645553323
1.7000000000000002,0.30000000000000004,20.05,0.1576785382413457
1.7000000000000002,0.4,20.15,0.1803122915303608
1.7000000000000002,0.5,20.25,0.21866074818950676
1.7000000000000002,0.6000000000000001,20.35,0.2660122489211171
1.7000000000000002,0.7000000000000001,20.45,0.3183748209383584
1.7000000000000002,0.8,20.55,0.373647603876357
1.7000000000000002,0.9,20.65,0.43071162486154807
1.7000000000000002,1.0,20.75,0.4889401941046201
1.7000000000000002,1.1,20.85,0.5479621438769698
1.7000000000000002,1.2000000000000002,20.95,0.607546301566658
1.7000000000000002,1.3,21.05,0.6675421377608325
1.7000000000000002,1.4000000000000001,21.15,0.7278478567250014
1.7000000000000002,1.5,21.25,0.7883923651695838
1.8,-1.5,18.25,0.9124143178113916
1.8,-1.4000000000000001,18.35,0.8515867064229086
1.8,-1.3,18.45,0.7907590656375956
1.8,-1.2000000000000002,18.55,0.7299314346512273
1.8,-1.1,18.65,0.6691038379611591
1.8,-1.0,18.75,0.6082762118742611
1.8,-0.9,18.85,0.5474485759884251
1.8,-0.8,18.95,0.48662095970046515
1.8,-0.7000000000000001,19.05,0.4257933336135674
1.8,-0.6000000000000001,19.15,0.3649656977277298
1.8,-0.5,19.25,0.30413807164083134
1.8,-0.4,19.35,0.24331044555393297
1.8,-0.30000000000000004,19.45,0.1824827998691986
1.8,-0.2,19.55,0.12165519338013626
1.8,-0.1,19.65,0.06082756729323822
1.8,0.0,19.75,0.0
1.8,0.1,19.85,0.0608277044785225
1.8,0.2,19.95,0.12165527177172125
1.8,0.30000000000000004,20.05,0.15508073164631161
1.8,0.4,20.15,0.17734157448334226
1.8,0.5,20.25,0.21505821412999296
1.8,0.6000000000000001,20.35,0.26162956708779156
1.8,0.7000000000000001,20.45,0.3131294269020704
1.8,0.8,20.55,0.36749155476009954
1.8,0.9,20.65,0.42361541746103365
1.8,1.0,20.75,0.4808846232326878
1.8,1.1,20.85,0.5389341612257736
1.8,1.2000000000000002,20.95,0.5975366259366583
1.8,1.3,21.05,0.656543996133488
1.8,1.4000000000000001,21.15,0.7158561533449956
1.8,1.5,21.25,0.7754031424869384
1.9000000000000001,-1.5,18.25,0.9031195377230887
1.9000000000000001,-1.4000000000000001,18.35,0.8429115789363315
1.9000000000000001,-1.3,18.45,0.7827035892127225
1.9000000000000001,-1.2000000000000002,18.55,0.7224956093889081
1.9000000000000001,-1.1,18.65,0.6622876691642605
1.9000000000000001,-1.0,18.75,0.6020796893404458
1.9000000000000001,-0.9,18.85,0.5418717144665256
1.9000000000000001,-0.8,18.95,0.4816637395926054
1.9000000000000001,-0.7000000000000001,19.05,0.4214557696685815
1.9000000000000001,-0.6000000000000001,19.15,0.36124778984476497
1.9000000000000001,-0.5,19.25,0.30103981497084475
1.9000000000000001,-0.4,19.35,0.24083184009692457
1.9000000000000001,-0.30000000000000004,19.45,0.18062386522300436
1.9000000000000001,-0.2,19.55,0.12041589034908419
1.9000000000000001,-0.1,19.65,0.06020791547516408
1.9000000000000001,0.0,19.75,0.0
1.9000000000000001,0.1,19.85,0.06020803427267674
1.9000000000000001,0.2,19.95,0.12041595964768191
1.9000000000000001,0.30000000000000004,20.05,0.15350091129633775
1.9000000000000001,0.4,20.15,0.1755349838701478
1.9000000000000001,0.5,20.25,0.21286740395133058
1.9000000000000001,0.6000000000000001,20.35,0.2589643343483306
1.9000000000000001,0.7000000000000001,20.45,0.3099395660936347
1.9000000000000001,0.8,20.55,0.36374790761288583
1.9000000000000001,0.9,20.65,0.41930003175495756
1.9000000000000001,1.0,20.75,0.47598584103063163
1.9000000000000001,1.1,20.85,0.533444019271097
1.9000000000000001,1.2000000000000002,20.95,0.5914495101083477
1.9000000000000001,1.3,21.05,0.6498557674877237
1.9000000000000001,1.4000000000000001,21.15,0.7085637071290909
1.9000000000000001,1.5,21.25,0.7675040910655354
2.0,-1.5,18.25,0.8999999463558197
2.0,-1.4000000000000001,18.35,0.8399999588727951
2.0,-1.3,18.45,0.7799999415874481
2.0,-1.2000000000000002,18.55,0.7199999392032623
2.0,-1.1,18.65,0.6599999666213989
2.0,-1.0,18.75,0.5999999642372131
2.0,-0.9,18.85,0.5399999618530273
2.0,-0.8,18.95,0.47999995946884155
2.0,-0.7000000000000001,19.05,0.41999995708465576
2.0,-0.6000000000000001,19.15,0.35999995470046997
2.0,-0.5,19.25,0.2999999523162842
2.0,-0.4,19.35,0.2399999499320984
2.0,-0.30000000000000004,19.45,0.1799999475479126
2.0,-0.2,19.55,0.1199999451637268
2.0,-0.1,19.65,0.059999942779541016
2.0,0.0,19.75,0.0
2.0,0.1,19.85,0.060000061988830566
2.0,0.2,19.95,0.12000000476837158
2.0,0.30000000000000004,20.05,0.1529706787917392
2.0,0.4,20.15,0.17492864046224324
2.0,0.5,20.25,0.21213210600561613
2.0,0.6000000000000001,20.35,0.25806980810723296
2.0,0.7000000000000001,20.45,0.30886895992282903
2.0,0.8,20.55,0.3624914306088258
2.0,0.9,20.65,0.417851669198831
2.0,1.0,20.75,0.4743416678739099
2.0,1.1,20.85,0.5316013721603441
2.0,1.2000000000000002,20.95,0.5894064984849787
2.0,1.3,21.05,0.6476110117980471
2.0,1.4000000000000001,21.15,0.706116155685495
2.0,1.5,21.25,0.7648529457420156
2.1,-1.5,18.25,0.8249999480322003
2.1,-1.4000000000000001,18.35,0.769999960437417
2.1,-1.3,18.45,0.7149999439716339
2.1,-1.2000000000000002,18.55,0.6599999405443668
2.1,-1.1,18.65,0.6049999669194221
2.1,-1.0,18.75,0.5499999672174454
2.1,-0.9,18.85,0.4949999637901783
2.1,-0.8,18.95,0.4399999603629112
2.1,-0.7000000000000001,19.05,0.38499995693564415
2.1,-0.6000000000000001,19.15,0.3299999572336674
2.1,-0.5,19.25,0.2749999538064003
2.1,-0.4,19.35,0.21999995410442352
2.1,-0.30000000000000004,19.45,0.16499994695186615
2.1,-0.2,19.55,0.10999994724988937
2.1,-0.1,19.65,0.0549999475479126
2.1,0.0,19.75,0.0
2.1,0.1,19.85,0.05500005930662155
2.1,0.2,19.95,0.11000000685453415
2.1,0.30000000000000004,20.05,0.14022312709635798
2.1,0.4,20.15,0.1603512582558511
2.1,0.5,20.25,0.19445443423690134
2.1,0.6000000000000001,20.35,0.23656399314677407
2.1,0.7000000000000001,20.45,0.2831298823414756
2.1,0.8,20.55,0.33228381457726586
2.1,0.9,20.65,0.3830306985486645
2.1,1.0,20.75,0.43481319476572505
2.1,1.1,20.85,0.48730125802387997
2.1,1.2000000000000002,20.95,0.5402892915419798
2.1,1.3,21.05,0.5936434298400107
2.1,1.4000000000000001,21.15,0.647273142553432
2.1,1.5,21.25,0.7011152012376343
2.2,-1.5,18.25,0.749999949708581
2.2,-1.4000000000000001,18.35,0.699999962002039
2.2,-1.3,18.45,0.6499999463558197
2.2,-1.2000000000000002,18.55,0.5999999418854713
2.2,-1.1,18.65,0.5499999672174454
2.2,-1.0,18.75,0.4999999701976776
2.2,-0.9,18.85,0.44999996572732925
2.2,-0.8,18.95,0.3999999612569809
2.2,-0.7000000000000001,19.05,0.34999995678663254
2.2,-0.6000000000000001,19.15,0.2999999597668648
2.2,-0.5,19.25,0.24999995529651642
2.2,-0.4,19.35,0.19999995827674866
2.2,-0.30000000000000004,19.45,0.1499999463558197
2.2,-0.2,19.55,0.09999994933605194
2.2,-0.1,19.65,0.04999995231628418
2.2,0.0,19.75,0.0
2.2,0.1,19.85,0.05000005662441254
2.2,0.2,19.95,0.10000000894069672
2.2,0.30000000000000004,20.05,0.12747557540097673
2.2,0.4,20.15,0.14577387604945893
2.2,0.5,20.25,0.17677676246818663
2.2,0.6000000000000001,20.35,0.21505817818631529
2.2,0.7000000000000001,20.45,0.25739080476012227
2.2,0.8,20.55,0.30207619854570594
2.2,0.9,20.65,0.34820972789849813
2.2,1.0,20.75,0.3952847216575403
2.2,1.1,20.85,0.4430011438874159
2.2,1.2000000000000002,20.95,0.49117208459898104
2.2,1.3,21.05,0.5396758478819743
2.2,1.4000000000000001,21.15,0.5884301294213691
2.2,1.5,21.25,0.637377456733253
2.3000000000000003,-1.5,18.25,0.6749999597668648
2.3000000000000003,-1.4000000000000001,18.35,0.6299999691545963
2.3000000000000003,-1.3,18.45,0.5849999561905861
2.3000000000000003,-1.2000000000000002,18.55,0.5399999544024467
2.3000000000000003,-1.1,18.65,0.4949999749660492
2.3000000000000003,-1.0,18.75,0.44999997317790985
2.3000000000000003,-0.9,18.85,0.4049999713897705
2.3000000000000003,-0.8,18.95,0.35999996960163116
2.3000000000000003,-0.7000000000000001,19.05,0.3149999678134918
2.3000000000000003,-0.6000000000000001,19.15,0.2699999660253525
2.3000000000000003,-0.5,19.25,0.22499996423721313
2.3000000000000003,-0.4,19.35,0.1799999624490738
2.3000000000000003,-0.30000000000000004,19.45,0.13499996066093445
2.3000000000000003,-0.2,19.55,0.0899999588727951
2.3000000000000003,-0.1,19.65,0.04499995708465576
2.3000000000000003,0.0,19.75,0.0
2.3000000000000003,0.1,19.85,0.045000046491622925
2.3000000000000003,0.2,19.95,0.09000000357627869
2.3000000000000003,0.30000000000000004,20.05,0.1147280090938044
2.3000000000000003,0.4,20.15,0.13119648034668244
2.3000000000000003,0.5,20.25,0.15909907950421212
2.3000000000000003,0.6000000000000001,20.35,0.19355235608042473
2.3000000000000003,0.7000000000000001,20.45,0.23165171994212178
2.3000000000000003,0.8,20.55,0.27186857295661937
2.3000000000000003,0.9,20.65,0.31338875189912324
2.3000000000000003,1.0,20.75,0.35575625090543245
2.3000000000000003,1.1,20.85,0.39870102912025807
2.3000000000000003,1.2000000000000002,20.95,0.44205487386373404
2.3000000000000003,1.3,21.05,0.4857082588485354
2.3000000000000003,1.4000000000000001,21.15,0.5295871167641213
2.3000000000000003,1.5,21.25,0.5736397093065116
2.4000000000000004,-1.5,18.25,0.5999999530613422
2.4000000000000004,-1.4000000000000001,18.35,0.5599999651312828
2.4000000000000004,-1.3,18.45,0.5199999511241913
2.4000000000000004,-1.2000000000000002,18.55,0.47999994456768036
2.4000000000000004,-1.1,18.65,0.4399999678134918
2.4000000000000004,-1.0,18.75,0.3999999761581421
2.4000000000000004,-0.9,18.85,0.35999996960163116
2.4000000000000004,-0.8,18.95,0.31999996304512024
2.4000000000000004,-0.7000000000000001,19.05,0.2799999564886093
2.4000000000000004,-0.6000000000000001,19.15,0.23999996483325958
2.4000000000000004,-0.5,19.25,0.19999995827674866
2.4000000000000004,-0.4,19.35,0.15999996662139893
2.4000000000000004,-0.30000000000000004,19.45,0.1199999451637268
2.4000000000000004,-0.2,19.55,0.07999995350837708
2.4000000000000004,-0.1,19.65,0.039999961853027344
2.4000000000000004,0.0,19.75,0.0
2.4000000000000004,0.1,19.85,0.04000005125999451
2.4000000000000004,0.2,19.95,0.08000001311302185
2.4000000000000004,0.30000000000000004,20.05,0.10198047201021432
2.4000000000000004,0.4,20.15,0.11661911163667485
2.4000000000000004,0.5,20.25,0.1414214189307575
2.4000000000000004,0.6000000000000001,20.35,0.17204654826539817
2.4000000000000004,0.7000000000000001,20.45,0.20591264959741595
2.4000000000000004,0.8,20.55,0.2416609664825864
2.4000000000000004,0.9,20.65,0.2785677865981656
2.4000000000000004,1.0,20.75,0.31622777544117114
2.4000000000000004,1.1,20.85,0.3544009156144881
2.4000000000000004,1.2000000000000002,20.95,0.3929376707129836
2.4000000000000004,1.3,21.05,0.43174068396590165
2.4000000000000004,1.4000000000000001,21.15,0.47074410315724347
2.4000000000000004,1.5,21.25,0.5099019677244907
2.5,-1.5,18.25,0.5249999463558197
2.5,-1.4000000000000001,18.35,0.489999957382679
2.5,-1.3,18.45,0.4549999386072159
2.5,-1.2000000000000002,18.55,0.41999994218349457
2.5,-1.1,18.65,0.38499996066093445
2.5,-1.0,18.75,0.34999996423721313
2.5,-0.9,18.85,0.3149999678134918
2.5,-0.8,18.95,0.2799999564886093
2.5,-0.7000000000000001,19.05,0.2449999451637268
2.5,-0.6000000000000001,19.15,0.2099999487400055
2.5,-0.5,19.25,0.17499995231628418
2.5,-0.4,19.35,0.13999995589256287
2.5,-0.30000000000000004,19.45,0.10499995946884155
2.5,-0.2,19.55,0.06999993324279785
2.5,-0.1,19.65,0.03499993681907654
2.5,0.0,19.75,0.0
2.5,0.1,19.85,0.03500005602836609
2.5,0.2,19.95,0.06999999284744263
2.5,0.30000000000000004,20.05,0.08923293483530083
2.5,0.4,20.15,0.10204174101002347
2.5,0.5,20.25,0.12374375835730443
2.5,0.6000000000000001,20.35,0.1505407434817662
2.5,0.7000000000000001,20.45,0.18017358576568968
2.5,0.8,20.55,0.21145335322579714
2.5,0.9,20.65,0.2437468212972096
2.5,1.0,20.75,0.2766993141133929
2.5,1.1,20.85,0.3101008021087197
2.5,1.2000000000000002,20.95,0.34382046756223433
2.5,1.3,21.05,0.37777310908326883
2.5,1.4000000000000001,21.15,0.41190110411142866
2.5,1.5,21.25,0.4461642261424706
2.6,-1.5,18.25,0.44999997317790985
2.6,-1.4000000000000001,18.35,0.41999997943639755
2.6,-1.3,18.45,0.38999997079372406
2.6,-1.2000000000000002,18.55,0.35999996960163116
2.6,-1.1,18.65,0.32999998331069946
2.6,-1.0,18.75,0.29999998211860657
2.6,-0.9,18.85,0.26999998092651367
2.6,-0.8,18.95,0.23999997973442078
2.6,-0.7000000000000001,19.05,0.20999997854232788
2.6,-0.6000000000000001,19.15,0.17999997735023499
2.6,-0.5,19.25,0.1499999761581421
2.6,-0.4,19.35,0.1199999749660492
2.6,-0.30000000000000004,19.45,0.0899999737739563
2.6,-0.2,19.55,0.0599999725818634
2.6,-0.1,19.65,0.029999971389770508
2.6,0.0,19.75,0.0
2.6,0.1,19.85,0.030000030994415283
2.6,0.2,19.95,0.06000000238418579
2.6,0.30000000000000004,20.05,0.0764853393958696
2.6,0.4,20.15,0.08746432023112162
2.6,0.5,20.25,0.10606605300280807
2.6,0.6000000000000001,20.35,0.12903490405361648
2.6,0.7000000000000001,20.45,0.15443447996141452
2.6,0.8,20.55,0.1812457153044129
2.6,0.9,20.65,0.2089258345994155
2.6,1.0,20.75,0.23717083393695496
2.6,1.1,20.85,0.26580068608017204
2.6,1.2000000000000002,20.95,0.29470324924248936
2.6,1.3,21.05,0.32380550589902357
2.6,1.4000000000000001,21.15,0.3530580778427475
2.6,1.5,21.25,0.3824264728710078
2.7,-1.5,18.25,0.3749999329447746
2.7,-1.4000000000000001,18.35,0.34999994933605194
2.7,-1.3,18.45,0.32499992847442627
2.7,-1.2000000000000002,18.55,0.2999999225139618
2.7,-1.1,18.65,0.2749999612569809
2.7,-1.0,18.75,0.24999994039535522
2.7,-0.9,18.85,0.22499996423721313
2.7,-0.8,18.95,0.19999995827674866
2.7,-0.7000000000000001,19.05,0.17499995231628418
2.7,-0.6000000000000001,19.15,0.1499999463558197
2.7,-0.5,19.25,0.12499994039535522
2.7,-0.4,19.35,0.09999993443489075
2.7,-0.30000000000000004,19.45,0.07499992847442627
2.7,-0.2,19.55,0.04999995231628418
2.7,-0.1,19.65,0.024999916553497314
2.7,0.0,19.75,0.0
2.7,0.1,19.85,0.02500009536743164
2.7,0.2,19.95,0.050000011920928955
2.7,0.30000000000000004,20.05,0.06373786066812216
2.7,0.4,20.15,0.07288700359001536
2.7,0.5,20.25,0.08838843721040686
2.7,0.6000000000000001,20.35,0.10752912785172936
2.7,0.7000000000000001,20.45,0.12869544507629072
2.7,0.8,20.55,0.15103814027774215
2.7,0.9,20.65,0.17410487678737635
2.7,1.0,20.75,0.19764239145784337
2.7,1.1,20.85,0.22150057509719104
2.7,1.2000000000000002,20.95,0.24558604685021063
2.7,1.3,21.05,0.26983793032612713
2.7,1.4000000000000001,21.15,0.29421507689768106
2.7,1.5,21.25,0.31868874297843564
2.8000000000000003,-1.5,18.25,0.2999999597668648
2.8000000000000003,-1.4000000000000001,18.35,0.2799999713897705
2.8000000000000003,-1.3,18.45,0.25999996066093445
2.8000000000000003,-1.2000000000000002,18.55,0.2399999499320984
2.8000000000000003,-1.1,18.65,0.21999996900558472
2.8000000000000003,-1.0,18.75,0.19999998807907104
2.8000000000000003,-0.9,18.85,0.17999997735023499
2.8000000000000003,-0.8,18.95,0.15999996662139893
2.8000000000000003,-0.7000000000000001,19.05,0.13999995589256287
2.8000000000000003,-0.6000000000000001,19.15,0.1199999749660492
2.8000000000000003,-0.5,19.25,0.09999996423721313
2.8000000000000003,-0.4,19.35,0.07999998331069946
2.8000000000000003,-0.30000000000000004,19.45,0.059999942779541016
2.8000000000000003,-0.2,19.55,0.039999961853027344
2.8000000000000003,-0.1,19.65,0.019999980926513672
2.8000000000000003,0.0,19.75,0.0
2.8000000000000003,0.1,19.85,0.020000040531158447
2.8000000000000003,0.2,19.95,0.04000002145767212
2.8000000000000003,0.30000000000000004,20.05,0.050990265228689886
2.8000000000000003,0.4,20.15,0.058309582811108374
2.8000000000000003,0.5,20.25,0.0707107318559025
2.8000000000000003,0.6000000000000001,20.35,0.08602328842356881
2.8000000000000003,0.7000000000000001,20.45,0.10295633927200726
2.8000000000000003,0.8,20.55,0.12083050235635015
2.8000000000000003,0.9,20.65,0.13928390399750396
2.8000000000000003,1.0,20.75,0.15811388300843693
2.8000000000000003,1.1,20.85,0.17720045906863569
2.8000000000000003,1.2000000000000002,20.95,0.19646884294099126
2.8000000000000003,1.3,21.05,0.21587035613375838
2.8000000000000003,1.4000000000000001,21.15,0.23537205062899463
2.8000000000000003,1.5,21.25,0.25495098970696795
2.9000000000000004,-1.5,18.25,0.22499991953372955
2.9000000000000004,-1.4000000000000001,18.35,0.2099999338388443
2.9000000000000004,-1.3,18.45,0.19499991834163666
2.9000000000000004,-1.2000000000000002,18.55,0.1799999177455902
2.9000000000000004,-1.1,18.65,0.16499993205070496
2.9000000000000004,-1.0,18.75,0.1499999463558197
2.9000000000000004,-0.9,18.85,0.13499993085861206
2.9000000000000004,-0.8,18.95,0.1199999451637268
2.9000000000000004,-0.7000000000000001,19.05,0.10499992966651917
2.9000000000000004,-0.6000000000000001,19.15,0.08999991416931152
2.9000000000000004,-0.5,19.25,0.07499992847442627
2.9000000000000004,-0.4,19.35,0.059999942779541016
2.9000000000000004,-0.30000000000000004,19.45,0.044999897480010986
2.9000000000000004,-0.2,19.55,0.029999911785125732
2.9000000000000004,-0.1,19.65,0.014999926090240479
2.9000000000000004,0.0,19.75,0.0
2.9000000000000004,0.1,19.85,0.015000104904174805
2.9000000000000004,0.2,19.95,0.030000030994415283
2.9000000000000004,0.30000000000000004,20.05,0.03824278631830056
2.9000000000000004,0.4,20.15,0.04373226233674241
2.9000000000000004,0.5,20.25,0.053033116063539554
2.9000000000000004,0.6000000000000001,20.35,0.06451751828451446
2.9000000000000004,0.7000000000000001,20.45,0.07721730438692627
2.9000000000000004,0.8,20.55,0.09062291376420528
2.9000000000000004,0.9,20.65,0.10446296009343307
2.9000000000000004,1.0,20.75,0.11858544052936398
2.9000000000000004,1.1,20.85,0.1329003766770025
2.9000000000000004,1.2000000000000002,20.95,0.14735164054874364
2.9000000000000004,1.3,21.05,0.16190278056088864
2.9000000000000004,1.4000000000000001,21.15,0.17652907880607466
2.9000000000000004,1.5,21.25,0.19121325981441906
3.0,-1.5,18.25,0.1499999463558197
3.0,-1.4000000000000001,18.35,0.13999995589256287
3.0,-1.3,18.45,0.12999993562698364
3.0,-1.2000000000000002,18.55,0.1199999451637268
3.0,-1.1,18.65,0.10999995470046997
3.0,-1.0,18.75,0.09999996423721313
3.0,-0.9,18.85,0.0899999737739563
3.0,-0.8,18.95,0.07999995350837708
3.0,-0.7000000000000001,19.05,0.06999993324279785
3.0,-0.6000000000000001,19.15,0.059999942779541016
3.0,-0.5,19.25,0.04999995231628418
3.0,-0.4,19.35,0.039999961853027344
3.0,-0.30000000000000004,19.45,0.029999971389770508
3.0,-0.2,19.55,0.019999921321868896
3.0,-0.1,19.65,0.00999993085861206
3.0,0.0,19.75,0.0
3.0,0.1,19.85,0.010000050067901611
3.0,0.2,19.95,0.019999980926513672
3.0,0.30000000000000004,20.05,0.025495190878867043
3.0,0.4,20.15,0.029154841557828277
3.0,0.5,20.25,0.03535541070902637
3.0,0.6000000000000001,20.35,0.04301167885634298
3.0,0.7000000000000001,20.45,0.051478211608582555
3.0,0.8,20.55,0.060415275842803526
3.0,0.9,20.65,0.06964197339562206
3.0,1.0,20.75,0.07905696035290932
3.0,1.1,20.85,0.08860023205712769
3.0,1.2000000000000002,20.95,0.09823443663951571
3.0,1.3,21.05,0.10793520636851152
3.0,1.4000000000000001,21.15,0.1176860525373831
3.0,1.5,21.25,0.12747550654294604
3.1,-1.5,18.25,0.07499997317790985
3.1,-1.4000000000000001,18.35,0.06999997794628143
3.1,-1.3,18.45,0.06499996781349182
3.1,-1.2000000000000002,18.55,0.0599999725818634
3.1,-1.1,18.65,0.054999977350234985
3.1,-1.0,18.75,0.04999998211860657
3.1,-0.9,18.85,0.04499998688697815
3.1,-0.8,18.95,0.039999961853027344
3.1,-0.7000000000000001,19.05,0.034999966621398926
3.1,-0.6000000000000001,19.15,0.029999971389770508
3.1,-0.5,19.25,0.02499997615814209
3.1,-0.4,19.35,0.019999980926513672
3.1,-0.30000000000000004,19.45,0.014999985694885254
3.1,-0.2,19.55,0.009999990463256836
3.1,-0.1,19.65,0.004999995231628418
3.1,0.0,19.75,0.0
3.1,0.1,19.85,0.004999995231628418
3.1,0.2,19.95,0.009999990463256836
3.1,0.30000000000000004,20.05,0.012747595439433521
3.1,0.4,20.15,0.014577420778914139
3.1,0.5,20.25,0.017677705354513185
3.1,0.6000000000000001,20.35,0.02150583942817149
3.1,0.7000000000000001,20.45,0.025739105804291278
3.1,0.8,20.55,0.030207637921401763
3.1,0.9,20.65,0.03482098669781103
3.1,1.0,20.75,0.03952848017645466
3.1,1.1,20.85,0.044300116028563846
3.1,1.2000000000000002,20.95,0.049117232730288
3.1,1.3,21.05,0.05396760318425576
3.1,1.4000000000000001,21.15,0.05884302626869155
3.1,1.5,21.25,0.06373775327147302
3.2,-1.5,18.25,0.0
3.2,-1.4000000000000001,18.35,0.0
3.2,-1.3,18.45,0.0
3.2,-1.2000000000000002,18.55,0.0
3.2,-1.1,18.65,0.0
3.2,-1.0,18.75,0.0
3.2,-0.9,18.85,0.0
3.2,-0.8,18.95,0.0
3.2,-0.7000000000000001,19.05,0.0
3.2,-0.6000000000000001,19.15,0.0
3.2,-0.5,19.25,0.0
3.2,-0.4,19.35,0.0
3.2,-0.30000000000000004,19.45,0.0
3.2,-0.2,19.55,0.0
3.2,-0.1,19.65,0.0
3.2,0.0,19.75,0.0
3.2,0.1,19.85,0.0
3.2,0.2,19.95,0.0
3.2,0.30000000000000004,20.05,0.0
3.2,0.4,20.15,0.0
3.2,0.5,20.25,0.0
3.2,0.6000000000000001,20.35,0.0
3.2,0.7000000000000001,20.45,0.0
3.2,0.8,20.55,0.0
3.2,0.9,20.65,0.0
3.2,1.0,20.75,0.0
3.2,1.1,20.85,0.0
3.2,1.2000000000000002,20.95,0.0
3.2,1.3,21.05,0.0
3.2,1.4000000000000001,21.15,0.0
3.2,1.5,21.25,0.0
3.3000000000000003,-1.5,18.25,0.0750001072883606
3.3000000000000003,-1.4000000000000001,18.35,0.07000008225440979
3.3000000000000003,-1.3,18.45,0.06500011682510376
3.3000000000000003,-1.2000000000000002,18.55,0.06000012159347534
3.3000000000000003,-1.1,18.65,0.05500006675720215
3.3000000000000003,-1.0,18.75,0.05000007152557373
3.3000000000000003,-0.9,18.85,0.04500007629394531
3.3000000000000003,-0.8,18.95,0.040000081062316895
3.3000000000000003,-0.7000000000000001,19.05,0.03500008583068848
3.3000000000000003,-0.6000000000000001,19.15,0.03000009059906006
3.3000000000000003,-0.5,19.25,0.02500009536743164
3.3000000000000003,-0.4,19.35,0.020000100135803223
3.3000000000000003,-0.30000000000000004,19.45,0.015000104904174805
3.3000000000000003,-0.2,19.55,0.010000050067901611
3.3000000000000003,-0.1,19.65,0.005000114440917969
3.3000000000000003,0.0,19.75,0.0
3.3000000000000003,0.1,19.85,0.004999876022338867
3.3000000000000003,0.2,19.95,0.009999990463256836
3.3000000000000003,0.30000000000000004,20.05,0.012747361650831705
3.3000000000000003,0.4,20.15,0.014577212503647201
3.3000000000000003,0.5,20.25,0.01767752623083094
3.3000000000000003,0.6000000000000001,20.35,0.02150571297634037
3.3000000000000003,0.7000000000000001,20.45,0.025738963966523844
3.3000000000000003,0.8,20.55,0.030207512132466023
3.3000000000000003,0.9,20.65,0.034820928926875765
3.3000000000000003,1.0,20.75,0.03952843305526681
3.3000000000000003,1.1,20.85,0.044300077346563396
3.3000000000000003,1.2000000000000002,20.95,0.04911717205469899
3.3000000000000003,1.3,21.05,0.05396754796192728
3.3000000000000003,1.4000000000000001,21.15,0.05884297562179833
3.3000000000000003,1.5,21.25,0.063737706514
3.4000000000000004,-1.5,18.25,0.15000008046627045
3.4000000000000004,-1.4000000000000001,18.35,0.14000006020069122
3.4000000000000004,-1.3,18.45,0.13000008463859558
3.4000000000000004,-1.2000000000000002,18.55,0.12000009417533875
3.4000000000000004,-1.1,18.65,0.11000004410743713
3.4000000000000004,-1.0,18.75,0.10000008344650269
3.4000000000000004,-0.9,18.85,0.09000003337860107
3.4000000000000004,-0.8,18.95,0.08000004291534424
3.4000000000000004,-0.7000000000000001,19.05,0.0700000524520874
3.4000000000000004,-0.6000000000000001,19.15,0.060000061988830566
3.4000000000000004,-0.5,19.25,0.05000007152557373
3.4000000000000004,-0.4,19.35,0.040000081062316895
3.4000000000000004,-0.30000000000000004,19.45,0.03000009059906006
3.4000000000000004,-0.2,19.55,0.020000040531158447
3.4000000000000004,-0.1,19.65,0.010000109672546387
3.4000000000000004,0.0,19.75,0.0
3.4000000000000004,0.1,19.85,0.009999871253967285
3.4000000000000004,0.2,19.95,0.019999980926513672
3.4000000000000004,0.30000000000000004,20.05,0.025494957455519118
3.4000000000000004,0.4,20.15,0.029154633282329468
3.4000000000000004,0.5,20.25,0.03535523158499085
3.4000000000000004,0.6000000000000001,20.35,0.04301155240403436
3.4000000000000004,0.7000000000000001,20.45,0.05147806977044978
3.4000000000000004,0.8,20.55,0.060415150053520945
3.4000000000000004,0.9,20.65,0.06964191562429627
3.4000000000000004,1.0,20.75,0.0790568849583886
3.4000000000000004,1.1,20.85,0.0886002219661435
3.4000000000000004,1.2000000000000002,20.95,0.0982344047847164
3.4000000000000004,1.3,21.05,0.10793515114593384
3.4000000000000004,1.4000000000000001,21.15,0.11768600189025927
3.4000000000000004,1.5,21.25,0.12747545978525862
3.5,-1.5,18.25,0.2250000536441803
3.5,-1.4000000000000001,18.35,0.21000005304813385
3.5,-1.3,18.45,0.1950000524520874
3.5,-1.2000000000000002,18.55,0.18000006675720215
3.5,-1.1,18.65,0.16500002145767212
3.5,-1.0,18.75,0.15000003576278687
3.5,-0.9,18.85,0.1350000500679016
3.5,-0.8,18.95,0.12000006437301636
3.5,-0.7000000000000001,19.05,0.10500001907348633
3.5,-0.6000000000000001,19.15,0.09000003337860107
3.5,-0.5,19.25,0.07500004768371582
3.5,-0.4,19.35,0.06000000238418579
3.5,-0.30000000000000004,19.45,0.04500007629394531
3.5,-0.2,19.55,0.030000030994415283
3.5,-0.1,19.65,0.015000104904174805
3.5,0.0,19.75,0.0
3.5,0.1,19.85,0.014999985694885254
3.5,0.2,19.95,0.029999971389770508
3.5,0.30000000000000004,20.05,0.03824255326023293
3.5,0.4,20.15,0.043732054061166314
3.5,0.5,20.25,0.05303293693938628
3.5,0.6000000000000001,20.35,0.06451737970646249
3.5,0.7000000000000001,20.45,0.07721717557461928
3.5,0.8,20.55,0.09062278797480709
3.5,0.9,20.65,0.10446290232197711
3.5,1.0,20.75,0.11858539340770802
3.5,1.1,20.85,0.13290030940326794
3.5,1.2000000000000002,20.95,0.14735157987277012
3.5,1.3,21.05,0.16190275433010654
3.5,1.4000000000000001,21.15,0.17652902815887395
3.5,1.5,21.25,0.1912132130566602
3.6,-1.5,18.25,0.30000002682209015
3.6,-1.4000000000000001,18.35,0.2800000160932541
3.6,-1.3,18.45,0.2600000202655792
3.6,-1.2000000000000002,18.55,0.24000003933906555
3.6,-1.1,18.65,0.2200000286102295
3.6,-1.0,18.75,0.19999998807907104
3.6,-0.9,18.85,0.18000000715255737
3.6,-0.8,18.95,0.1600000262260437
3.6,-0.7000000000000001,19.05,0.14000004529953003
3.6,-0.6000000000000001,19.15,0.12000000476837158
3.6,-0.5,19.25,0.10000002384185791
3.6,-0.4,19.35,0.07999998331069946
3.6,-0.30000000000000004,19.45,0.060000061988830566
3.6,-0.2,19.55,0.04000002145767212
3.6,-0.1,19.65,0.019999980926513672
3.6,0.0,19.75,0.0
3.6,0.1,19.85,0.019999980926513672
3.6,0.2,19.95,0.039999961853027344
3.6,0.30000000000000004,20.05,0.050990148334363015
3.6,0.4,20.15,0.05830947484004181
3.6,0.5,20.25,0.07071064229384058
3.6,0.6000000000000001,20.35,0.0860232312601386
3.6,0.7000000000000001,20.45,0.10295628137884967
3.6,0.8,20.55,0.12083042589615105
3.6,0.9,20.65,0.1392838612038527
3.6,1.0,20.75,0.15811390185707275
3.6,1.1,20.85,0.17720045402310106
3.6,1.2000000000000002,20.95,0.19646881260301874
3.6,1.3,21.05,0.21587029953054881
3.6,1.4000000000000001,21.15,0.23537205442752707
3.6,1.5,21.25,0.2549509663280975
3.7,-1.5,18.25,0.375
3.7,-1.4000000000000001,18.35,0.34999997913837433
3.7,-1.3,18.45,0.32500001788139343
3.7,-1.2000000000000002,18.55,0.30000001192092896
3.7,-1.1,18.65,0.2749999761581421
3.7,-1.0,18.75,0.25
3.7,-0.9,18.85,0.22499996423721313
3.7,-0.8,18.95,0.19999998807907104
3.7,-0.7000000000000001,19.05,0.17500001192092896
3.7,-0.6000000000000001,19.15,0.1499999761581421
3.7,-0.5,19.25,0.125
3.7,-0.4,19.35,0.09999996423721313
3.7,-0.30000000000000004,19.45,0.07500004768371582
3.7,-0.2,19.55,0.050000011920928955
3.7,-0.1,19.65,0.02499997615814209
3.7,0.0,19.75,0.0
3.7,0.1,19.85,0.02499997615814209
3.7,0.2,19.95,0.05000007152557373
3.7,0.30000000000000004,20.05,0.06373774413908669
3.7,0.4,20.15,0.07288689561893276
3.7,0.5,20.25,0.08838834764831845
3.7,0.6000000000000001,20.35,0.1075290828138366
3.7,0.7000000000000001,20.45,0.12869536113118762
3.7,0.8,20.55,0.15103806381751814
3.7,0.9,20.65,0.17410487571749503
3.7,1.0,20.75,0.19764235376052372
3.7,1.1,20.85,0.22150059864295107
3.7,1.2000000000000002,20.95,0.24558604533328313
3.7,1.3,21.05,0.26983790271478253
3.7,1.4000000000000001,21.15,0.29421508069619556
3.7,1.5,21.25,0.31868871959954903
3.8000000000000003,-1.5,18.25,0.4500001072883606
3.8000000000000003,-1.4000000000000001,18.35,0.4200000911951065
3.8000000000000003,-1.3,18.45,0.3900001049041748
3.8000000000000003,-1.2000000000000002,18.55,0.3600001037120819
3.8000000000000003,-1.1,18.65,0.330000102519989
3.8000000000000003,-1.0,18.75,0.30000007152557373
3.8000000000000003,-0.9,18.85,0.2700001001358032
3.8000000000000003,-0.8,18.95,0.24000006914138794
3.8000000000000003,-0.7000000000000001,19.05,0.21000009775161743
3.8000000000000003,-0.6000000000000001,19.15,0.18000012636184692
3.8000000000000003,-0.5,19.25,0.15000009536743164
3.8000000000000003,-0.4,19.35,0.12000006437301636
3.8000000000000003,-0.30000000000000004,19.45,0.09000015258789062
3.8000000000000003,-0.2,19.55,0.06000012159347534
3.8000000000000003,-0.1,19.65,0.03000009059906006
3.8000000000000003,0.0,19.75,0.0
3.8000000000000003,0.1,19.85,0.029999852180480957
3.8000000000000003,0.2,19.95,0.059999942779541016
3.8000000000000003,0.30000000000000004,20.05,0.07648510615517011
3.8000000000000003,0.4,20.15,0.08746411578893044
3.8000000000000003,0.5,20.25,0.10606587387877256
3.8000000000000003,0.6000000000000001,20.35,0.1290347715385089
3.8000000000000003,0.7000000000000001,20.45,0.15443435114923856
3.8000000000000003,0.8,20.55,0.1812456030806606
3.8000000000000003,0.9,20.65,0.20892574901220184
3.8000000000000003,1.0,20.75,0.23717078681541603
3.8000000000000003,1.1,20.85,0.2658006188065359
3.8000000000000003,1.2000000000000002,20.95,0.2947032173876839
3.8000000000000003,1.3,21.05,0.323805450676436
3.8000000000000003,1.4000000000000001,21.15,0.3530579980734912
3.8000000000000003,1.5,21.25,0.3824264261133204
3.9000000000000004,-1.5,18.25,0.5250000804662704
3.9000000000000004,-1.4000000000000001,18.35,0.49000005424022675
3.9000000000000004,-1.3,18.45,0.4550000727176666
3.9000000000000004,-1.2000000000000002,18.55,0.4200001060962677
3.9000000000000004,-1.1,18.65,0.3850000500679016
3.9000000000000004,-1.0,18.75,0.3500000834465027
3.9000000000000004,-0.9,18.85,0.315000057220459
3.9000000000000004,-0.8,18.95,0.28000009059906006
3.9000000000000004,-0.7000000000000001,19.05,0.24500006437301636
3.9000000000000004,-0.6000000000000001,19.15,0.21000009775161743
3.9000000000000004,-0.5,19.25,0.17500007152557373
3.9000000000000004,-0.4,19.35,0.14000004529953003
3.9000000000000004,-0.30000000000000004,19.45,0.10500001907348633
3.9000000000000004,-0.2,19.55,0.07000011205673218
3.9000000000000004,-0.1,19.65,0.03500008583068848
3.9000000000000004,0.0,19.75,0.0
3.9000000000000004,0.1,19.85,0.034999966621398926
3.9000000000000004,0.2,19.95,0.06999993324279785
3.9000000000000004,0.30000000000000004,20.05,0.08923270122929912
3.9000000000000004,0.4,20.15,0.10204153273449881
3.9000000000000004,0.5,20.25,0.12374357923321845
3.9000000000000004,0.6000000000000001,20.35,0.15054062309217392
3.9000000000000004,0.7000000000000001,20.45,0.18017345695346026
3.9000000000000004,0.8,20.55,0.2114532138709499
3.9000000000000004,0.9,20.65,0.24374676352581778
3.9000000000000004,1.0,20.75,0.2766992387188337
3.9000000000000004,1.1,20.85,0.310100763426363
3.9000000000000004,1.2000000000000002,20.95,0.3438203924757832
3.9000000000000004,1.3,21.05,0.3777730538606471
3.9000000000000004,1.4000000000000001,21.15,0.41190102434214115
3.9000000000000004,1.5,21.25,0.44616417938475256
4.0,-1.5,18.25,0.6000000536441803
4.0,-1.4000000000000001,18.35,0.5600000470876694
4.0,-1.3,18.45,0.5200000703334808
4.0,-1.2000000000000002,18.55,0.4800000488758087
4.0,-1.1,18.65,0.440000057220459
4.0,-1.0,18.75,0.40000003576278687
4.0,-0.9,18.85,0.36000001430511475
4.0,-0.8,18.95,0.3200000524520874
4.0,-0.7000000000000001,19.05,0.28000009059906006
4.0,-0.6000000000000001,19.15,0.24000006914138794
4.0,-0.5,19.25,0.20000004768371582
4.0,-0.4,19.35,0.1600000262260437
4.0,-0.30000000000000004,19.45,0.12000000476837158
4.0,-0.2,19.55,0.08000010251998901
4.0,-0.1,19.65,0.040000081062316895
4.0,0.0,19.75,0.0
4.0,0.1,19.85,0.039999961853027344
4.0,0.2,19.95,0.08000004291534424
4.0,0.30000000000000004,20.05,0.10198029703402114
4.0,0.4,20.15,0.1166189573466727
4.0,0.5,20.25,0.14142128458768116
4.0,0.6000000000000001,20.35,0.17204645039469943
4.0,0.7000000000000001,20.45,0.2059125367057768
4.0,0.8,20.55,0.24166087892334145
4.0,0.9,20.65,0.2785677224077054
4.0,1.0,20.75,0.31622774716820834
4.0,1.1,20.85,0.3544009080462021
4.0,1.2000000000000002,20.95,0.3929376252060375
4.0,1.3,21.05,0.43174059906109763
4.0,1.4000000000000001,21.15,0.47074405061080155
4.0,1.5,21.25,0.509901932656195
4.1000000000000005,-1.5,18.25,0.6046693841443952
4.1000000000000005,-1.4000000000000001,18.35,0.5643580889108837
4.1000000000000005,-1.3,18.45,0.524046823134041
4.1000000000000005,-1.2000000000000002,18.55,0.4837355132299532
4.1000000000000005,-1.1,18.65,0.4434242328980506
4.1000000000000005,-1.0,18.75,0.40311292253189746
4.1000000000000005,-0.9,18.85,0.36280161262780963
4.1000000000000005,-0.8,18.95,0.32249036186809227
4.1000000000000005,-0.7000000000000001,19.05,0.282179111108375
4.1000000000000005,-0.6000000000000001,19.15,0.2418678007422219
4.1000000000000005,-0.5,19.25,0.201556490838134
4.1000000000000005,-0.4,19.35,0.1612451804719809
4.1000000000000005,-0.30000000000000004,19.45,0.12093387102995834
4.1000000000000005,-0.2,19.55,0.08062267895254725
4.1000000000000005,-0.1,19.65,0.040311368586395446
4.1000000000000005,0.0,19.75,0.0
4.1000000000000005,0.1,19.85,0.04031125122178348
4.1000000000000005,0.2,19.95,0.08062261980817588
4.1000000000000005,0.30000000000000004,20.05,0.1027739317987475
4.1000000000000005,0.4,20.15,0.11752651311349414
4.1000000000000005,0.5,20.25,0.14252185731877176
4.1000000000000005,0.6000000000000001,20.35,0.17338535454452111
4.1000000000000005,0.7000000000000001,20.45,0.20751499436750787
4.1000000000000005,0.8,20.55,0.24354153745985935
4.1000000000000005,0.9,20.65,0.2807355979644124
4.1000000000000005,1.0,20.75,0.31868870118870674
4.1000000000000005,1.1,20.85,0.3571589334406692
4.1000000000000005,1.2000000000000002,20.95,0.395995552147296
4.1000000000000005,1.3,21.05,0.4351004996320193
4.1000000000000005,1.4000000000000001,21.15,0.47440748453194226
4.1000000000000005,1.5,21.25,0.5138701012912005
4.2,-1.5,18.25,0.6184658950719845
4.2,-1.4000000000000001,18.35,0.5772348325092688
4.2,-1.3,18.45,0.5360037984072953
4.2,-1.2000000000000002,18.55,0.4947727218400875
4.2,-1.1,18.65,0.45354167418537955
4.2,-1.0,18.75,0.41231059581114077
4.2,-0.9,18.85,0.37107951924393306
4.2,-0.8,18.95,0.3298485005017249
4.2,-0.7000000000000001,19.05,0.28861748175951696
4.2,-0.6000000000000001,19.15,0.24738640338527831
4.2,-0.5,19.25,0.20615532681807033
4.2,-0.4,19.35,0.1649242484438317
4.2,-0.30000000000000004,19.45,0.12369317368365473
4.2,-0.2,19.55,0.08246221095941925
4.2,-0.1,19.65,0.041231132585185556
4.2,0.0,19.75,0.0
4.2,0.1,19.85,0.041231020549242194
4.2,0.2,19.95,0.08246215313441635
4.2,0.30000000000000004,20.05,0.10511889116639717
4.2,0.4,20.15,0.12020807585428711
4.2,0.5,20.25,0.14577372894688403
4.2,0.6000000000000001,20.35,0.17734142607374578
4.2,0.7000000000000001,20.45,0.21224978970911532
4.2,0.8,20.55,0.24909833533615314
4.2,0.9,20.65,0.2871410384384223
4.2,1.0,20.75,0.32596010311714285
4.2,1.1,20.85,0.365308094728255
4.2,1.2000000000000002,20.95,0.40503083509047305
4.2,1.3,21.05,0.4450280266311607
4.2,1.4000000000000001,21.15,0.485231864126116
4.2,1.5,21.25,0.5255948831795701
4.300000000000001,-1.5,18.25,0.6408003264184945
4.300000000000001,-1.4000000000000001,18.35,0.5980803026516051
4.300000000000001,-1.3,18.45,0.5553603041734271
4.300000000000001,-1.2000000000000002,18.55,0.5126402651461087
4.300000000000001,-1.1,18.65,0.46992025663964804
4.300000000000001,-1.0,18.75,0.4272002176123297
4.300000000000001,-0.9,18.85,0.3844801785850114
4.300000000000001,-0.8,18.95,0.34176019536726226
4.300000000000001,-0.7000000000000001,19.05,0.2990402121495141
4.300000000000001,-0.6000000000000001,19.15,0.2563201731221955
4.300000000000001,-0.5,19.25,0.2136001340948769
4.300000000000001,-0.4,19.35,0.17088009506755836
4.300000000000001,-0.30000000000000004,19.45,0.1281600560402398
4.300000000000001,-0.2,19.55,0.08544012863207102
4.300000000000001,-0.1,19.65,0.04272008960475955
4.300000000000001,0.0,19.75,0.0
4.300000000000001,0.1,19.85,0.04271998844990612
4.300000000000001,0.2,19.95,0.08544007805463719
4.300000000000001,0.30000000000000004,20.05,0.10891502544999254
4.300000000000001,0.4,20.15,0.12454911898924904
4.300000000000001,0.5,20.25,0.1510380138717685
4.300000000000001,0.6000000000000001,20.35,0.18374570119991182
4.300000000000001,0.7000000000000001,20.45,0.21991469919686135
4.300000000000001,0.8,20.55,0.2580939416783237
4.300000000000001,0.9,20.65,0.29751046545992627
4.300000000000001,1.0,20.75,0.3377313861586867
4.300000000000001,1.1,20.85,0.3785003365971359
4.300000000000001,1.2000000000000002,20.95,0.419657573005755
4.300000000000001,1.3,21.05,0.46109917186031263
4.300000000000001,1.4000000000000001,21.15,0.5027548734402967
4.300000000000001,1.5,21.25,0.5445755068993304
4.4,-1.5,18.25,0.6708204382319503
4.4,-1.4000000000000001,18.35,0.6260990730175527
4.4,-1.3,18.45,0.5813777327931632
4.4,-1.2000000000000002,18.55,0.5366563559167619
4.4,-1.1,18.65,0.4919350056963687
4.4,-1.0,18.75,0.4472136221559662
4.4,-0.9,18.85,0.402492245279565
4.4,-0.8,18.95,0.3577709217151801
4.4,-0.7000000000000001,19.05,0.31304959815079597
4.4,-0.6000000000000001,19.15,0.26832821461039386
4.4,-0.5,19.25,0.22360683773399181
4.4,-0.4,19.35,0.17888545419358967
4.4,-0.30000000000000004,19.45,0.13416408398118887
4.4,-0.2,19.55,0.08944280706483222
4.4,-0.1,19.65,0.04472142352444557
4.4,0.0,19.75,0.0
4.4,0.1,19.85,0.04472133022839549
4.4,0.2,19.95,0.0894427537528053
4.4,0.30000000000000004,20.05,0.11401746432354068
4.4,0.4,20.15,0.13038398047492247
4.4,0.5,20.25,0.15811382292838522
4.4,0.6000000000000001,20.35,0.19235379467853517
4.4,0.7000000000000001,20.45,0.2302172335174565
4.4,0.8,20.55,0.2701850874178009
4.4,0.9,20.65,0.31144819138940727
4.4,1.0,20.75,0.3535533779492323
4.4,1.1,20.85,0.3962322619676912
4.4,1.2000000000000002,20.95,0.4393176272227906
4.4,1.3,21.05,0.4827006767304081
4.4,1.4000000000000001,21.15,0.526307860759107
4.4,1.5,21.25,0.5700876968665574
4.5,-1.5,18.25,0.7075486303944197
4.5,-1.4000000000000001,18.35,0.6603787199639864
4.5,-1.3,18.45,0.6132088348058726
4.5,-1.2000000000000002,18.55,0.5660389077904799
4.5,-1.1,18.65,0.5188690139450058
4.5,-1.0,18.75,0.47169908692961315
4.5,-0.9,18.85,0.4245291599142205
4.5,-0.8,18.95,0.3773592913410661
4.5,-0.7000000000000001,19.05,0.3301894227679123
4.5,-0.6000000000000001,19.15,0.28301949575251945
4.5,-0.5,19.25,0.2358495687371266
4.5,-0.4,19.35,0.18867964172173377
4.5,-0.30000000000000004,19.45,0.14150971470634094
4.5,-0.2,19.55,0.09433990457543293
4.5,-0.1,19.65,0.04716997756004535
4.5,0.0,19.75,0.0
4.5,0.1,19.85,0.047169876470761526
4.5,0.2,19.95,0.09433985403078572
4.5,0.30000000000000004,20.05,0.12026005566190211
4.5,0.4,20.15,0.13752265749462442
4.5,0.5,20.25,0.1667707400428202
4.5,0.6000000000000001,20.35,0.202885388415838
4.5,0.7000000000000001,20.45,0.2428218937864863
4.5,0.8,20.55,0.28497803638450064
4.5,0.9,20.65,0.32850034098957265
4.5,1.0,20.75,0.3729108312708016
4.5,1.1,20.85,0.417926436298507
4.5,1.2000000000000002,20.95,0.46337077582315234
4.5,1.3,21.05,0.5091290981854679
4.5,1.4000000000000001,21.15,0.5551238220056836
4.5,1.5,21.25,0.6013006576801017
4.6000000000000005,-1.5,18.25,0.7500000268220921
4.6000000000000005,-1.4000000000000001,18.35,0.7000000253319755
4.6000000000000005,-1.3,18.45,0.6500000387430224
4.6000000000000005,-1.2000000000000002,18.55,0.6000000208616281
4.6000000000000005,-1.1,18.65,0.5500000357627889
4.6000000000000005,-1.0,18.75,0.5000000178813947
4.6000000000000005,-0.9,18.85,0.4500000000000006
4.6000000000000005,-0.8,18.95,0.40000002980232524
4.6000000000000005,-0.7000000000000001,19.05,0.3500000596046521
4.6000000000000005,-0.6000000000000001,19.15,0.3000000417232573
4.6000000000000005,-0.5,19.25,0.2500000238418625
4.6000000000000005,-0.4,19.35,0.20000000596046769
4.6000000000000005,-0.30000000000000004,19.45,0.14999998807907294
4.6000000000000005,-0.2,19.55,0.10000006556514407
4.6000000000000005,-0.1,19.65,0.05000004768376698
4.6000000000000005,0.0,19.75,0.0
4.6000000000000005,0.1,19.85,0.04999998807909378
4.6000000000000005,0.2,19.95,0.10000003576278971
4.6000000000000005,0.30000000000000004,20.05,0.1274754412647728
4.6000000000000005,0.4,20.15,0.14577375801603407
4.6000000000000005,0.5,20.25,0.1767766594718443
4.6000000000000005,0.6000000000000001,20.35,0.21505810274793596
4.6000000000000005,0.7000000000000001,20.45,0.2573907173414776
4.6000000000000005,0.8,20.55,0.30207613232132424
4.6000000000000005,0.9,20.65,0.3482096786858153
4.6000000000000005,1.0,20.75,0.3952846980967401
4.6000000000000005,1.1,20.85,0.4430011380850649
4.6000000000000005,1.2000000000000002,20.95,0.4911720497103242
4.6000000000000005,1.3,21.05,0.5396757827882942
4.6000000000000005,1.4000000000000001,21.15,0.5884300871942906
4.6000000000000005,1.5,21.25,0.6373774298475609
4.7,-1.5,18.25,0.797260985157694
4.7,-1.4000000000000001,18.35,0.7441102486084977
4.7,-1.3,18.45,0.6909595393940771
4.7,-1.2000000000000002,18.55,0.6378087965368552
4.7,-1.1,18.65,0.5846580662956846
4.7,-1.0,18.75,0.5315073332509457
4.7,-0.9,18.85,0.478356570768758
4.7,-0.8,18.95,0.42520587276860455
4.7,-0.7000000000000001,19.05,0.3720551747684528
4.7,-0.6000000000000001,19.15,0.31890443191122975
4.7,-0.5,19.25,0.2657536890540071
4.7,-0.4,19.35,0.212602946196785
4.7,-0.30000000000000004,19.45,0.15945220333956409
4.7,-0.2,19.55,0.10630153057153396
4.7,-0.1,19.65,0.053150807339265034
4.7,0.0,19.75,0.0
4.7,0.1,19.85,0.05315067837518804
4.7,0.2,19.95,0.10630148571444775
4.7,0.30000000000000004,20.05,0.13550821677459385
4.7,0.4,20.15,0.15495959753494487
4.7,0.5,20.25,0.18791613901241963
4.7,0.6000000000000001,20.35,0.22860988059403017
4.7,0.7000000000000001,20.45,0.27361006601507565
4.7,0.8,20.55,0.3211113115320827
4.7,0.9,20.65,0.3701519617377495
4.7,1.0,20.75,0.42019338125233263
4.7,1.1,20.85,0.4709166677483305
4.7,1.2000000000000002,20.95,0.5221230508844749
4.7,1.3,21.05,0.5736832278901316
4.7,1.4000000000000001,21.15,0.6255097600294056
4.7,1.5,21.25,0.6775414944888603
