lean_deg,separation,upright_aligned_mismatch,angle_01degree,polyline_segment_angle
-10.0,2.796638982237973,3.4337562071247367,,46.91709209257703
-9.95,2.797253212213456,3.4299814471319987,,46.91709209257703
-9.9,2.7978765295211026,3.4262324177853247,,46.91709209257703
-9.85,2.798489639717873,3.422392879597016,,46.91709209257703
-9.8,2.799138240136149,3.418564099122811,,46.91709209257703
-9.75,2.7998083637451683,3.414648870415862,,46.91709209257703
-9.7,2.8004832821875385,3.41070834763242,,46.91709209257703
-9.65,2.8012552634673358,3.4068349314804887,,46.91709209257703
-9.6,2.8019280433806224,3.402787917647167,,46.91709209257703
-9.55,2.8026906137258165,3.3987877290616932,,46.91709209257703
-9.5,2.8035417547222634,3.3947948984519383,65.726033139194,46.91709209257703
-9.45,2.804543843484183,3.390887120572975,65.56991517763817,46.91709209257703
-9.4,2.805529760401983,3.3868813096506094,65.36493695639818,46.91709209257703
-9.35,2.8066405071067435,3.382985379341988,65.22307079593566,46.91709209257703
-9.3,2.8078505074217888,3.379063364699484,64.95361589652,46.91709209257703
-9.25,2.8091518168223164,3.375169161885015,64.4583119356784,46.91709209257703
-9.2,2.810521228132074,3.371255326793659,63.918502021082574,46.91709209257703
-9.15,2.811966564789964,3.3674063512207266,63.301173144426585,46.91709209257703
-9.1,2.8134592239177305,3.363476933729815,62.704226972559255,46.91709209257703
-9.05,2.8151298362040102,3.3596758928464503,61.98934401513132,46.91709209257703
-9.0,2.816779479082835,3.3557574701886597,61.22523095197797,46.91709209257703
-8.95,2.8184782555157817,3.3518437896466624,60.55697487687932,46.91709209257703
-8.9,2.820190283244897,3.347872565317634,59.88614451698827,46.91709209257703
-8.85,2.8219359781245577,3.3438869140795715,59.310431114858,46.91709209257703
-8.8,2.8236478781349987,3.339740647854541,58.74220976603834,46.91709209257703
-8.75,2.8254009400352174,3.3356278007285134,58.07597155168208,46.91709209257703
-8.7,2.8270060064425726,3.3312857246450687,57.520395323456995,46.91709209257703
-8.65,2.828618456651289,3.3268985166972627,57.02369245092536,46.91709209257703
-8.6,2.8301804411060036,3.322401642082,56.58081379226914,46.91709209257703
-8.55,2.831620754114239,3.3176970125442633,56.15647882573161,46.91709209257703
-8.5,2.8330130065317647,3.3129244255685166,55.8151067424622,46.91709209257703
-8.45,2.8343275022575347,3.307983623884376,55.518095877666426,46.91709209257703
-8.4,2.8355335088476,3.3028686346828153,55.27560825271459,46.91709209257703
-8.35,2.836652961680212,3.2975913113727215,55.0015615335368,46.91709209257703
-8.3,2.8377869962225915,3.292259007912964,54.47361157850505,46.91709209257703
-8.25,2.83895571870828,3.2868654517549527,53.84925526852515,46.91709209257703
-8.2,2.840130776845466,3.281376458644716,53.29447665027963,46.91709209257703
-8.15,2.841295805676725,3.2758132272946137,52.872062344196806,46.91709209257703
-8.1,2.842452664550986,3.2701522204390585,52.55257692048804,46.91709209257703
-8.05,2.8435779392534526,3.264338420999456,52.2159714630702,46.91709209257703
-8.0,2.8447585071072425,3.2585084177132835,52.029501395348035,46.91709209257703
-7.949999999999999,2.8459142621264206,3.2525468570583707,51.9667111343214,46.91709209257703
-7.9,2.8471310392121887,3.246550027027181,51.85097476377164,46.91709209257703
-7.85,2.848402306470145,3.2405128707207016,51.69145165376401,46.91709209257703
-7.8,2.8495961092473867,3.2342790032998283,51.37750988216131,46.91709209257703
-7.75,2.850796473742582,3.2279878030630167,51.12734150721148,46.91709209257703
-7.699999999999999,2.8519786685880053,3.2215375089554055,50.980618647138776,46.91709209257703
-7.65,2.853115336709298,3.21494613391406,50.86233136702663,46.91709209257703
-7.6,2.8541876348426096,3.208171571413433,50.76695624913976,46.91709209257703
-7.55,2.8552740224626314,3.2013217309086057,50.66639916232379,46.91709209257703
-7.5,2.856253966876955,3.1942207374874756,50.62026944199798,46.91709209257703
-7.449999999999999,2.857163833133232,3.1869669507557674,50.619559486342936,46.91709209257703
-7.4,2.8579981994761363,3.1794852795995716,50.65181875886812,46.91709209257703
-7.35,2.8587810525688093,3.1718636178186923,50.36261170567898,46.91709209257703
-7.3,2.859456884591442,3.163994740293957,49.788813654925434,46.91709209257703
-7.25,2.8600954801356226,3.1559654409827056,49.2522324686571,46.91709209257703
-7.199999999999999,2.860616344287795,3.147669680337095,48.71357115748673,46.91709209257703
-7.15,2.8610736107552563,3.139221590668434,48.25310941756988,46.91709209257703
-7.1,2.861411706992486,3.1304658765746245,47.887746625133595,46.91709209257703
-7.05,2.861633841552605,3.121489686088769,47.6194378186973,46.91709209257703
-7.0,2.861697151740063,3.1121753587704126,47.45913484022195,46.91709209257703
-6.949999999999999,2.8616578894691425,3.1025955564579055,47.31777215794878,46.91709209257703
-6.9,2.8614370932601916,3.0927197010092775,47.30371779196778,46.91709209257703
-6.85,2.861075685530774,3.0825069803250766,47.28282162791982,46.91709209257703
-6.8,2.860557253885646,3.071997556886284,47.12316534133149,46.91709209257703
-6.75,2.859788880094489,3.061046920387761,46.93295385356415,46.91709209257703
-6.699999999999999,2.858844393625742,3.0497485675284297,46.814797504864856,46.91709209257703
-6.65,2.8576399365941794,3.0380370878102467,46.88229681327195,46.91709209257703
-6.6,2.8562126473598934,3.0258659888900854,46.977470745969946,46.91709209257703
-6.55,2.854640100769224,3.013370357934957,47.037881066120654,46.91709209257703
-6.5,2.8529473851367992,3.0005214730891607,47.167789297546186,46.91709209257703
-6.449999999999999,2.8511532267554274,2.9873362925357654,47.33966978964076,46.91709209257703
-6.4,2.84924742172652,2.9738428898969604,47.75522595383002,46.91709209257703
-6.35,2.8472387295871164,2.959956550352245,48.37420694810078,46.91709209257703
-6.3,2.8451467410477305,2.9457725121912266,49.093854776587094,46.91709209257703
-6.25,2.8430612594389535,2.9313293251033596,49.94406683342782,46.91709209257703
-6.199999999999999,2.8409276882732573,2.9165813677183947,50.79839591094856,46.91709209257703
-6.15,2.838780027291865,2.901499566556881,51.60511913693901,46.91709209257703
-6.1,2.836607243665163,2.8861330770626985,52.45211115285959,46.91709209257703
-6.05,2.83445134904369,2.870470858411487,53.24917342095821,46.91709209257703
-6.0,2.832242831029944,2.854449500934019,53.79259372416568,46.91709209257703
-5.95,2.8300048078606173,2.8380537039369194,54.20079815044098,46.91709209257703
-5.8999999999999995,2.8277024741513848,2.821291091312763,54.69063791796356,46.91709209257703
-5.85,2.8253541158398114,2.804127770496274,55.292003348709756,46.91709209257703
-5.8,2.8228995960670495,2.7865145604902737,56.013590474945545,46.91709209257703
-5.75,2.820395200946732,2.7684308233150787,56.801877629774836,46.91709209257703
-5.7,2.817813155851797,2.7499133238701527,57.65712108335386,46.91709209257703
-5.6499999999999995,2.815192600165661,2.7309355984737462,58.677372528347995,46.91709209257703
-5.6,2.8124907424732806,2.711435747490371,59.763032583613914,46.91709209257703
-5.55,2.8097502092678686,2.69146930129515,60.89220835879374,46.91709209257703
-5.5,2.8069797192157164,2.671017867396958,62.16584232616202,46.91709209257703
-5.45,2.804129106258802,2.650007130702598,63.49979360673088,46.91709209257703
-5.3999999999999995,2.8013019938891786,2.6285172886456816,64.52089239653426,46.91709209257703
-5.35,2.798548433103524,2.6067056234344337,65.1665149868537,46.91709209257703
-5.3,2.795901767170185,2.584656329713467,65.77349613905699,46.91709209257703
-5.25,2.793392415599683,2.5623656809697186,66.38349183535587,46.91709209257703
-5.199999999999999,2.7909656656517825,2.5397987562470394,66.82760355175598,46.91709209257703
-5.1499999999999995,2.788691054201519,2.5170977657354,67.08166319544901,46.91709209257703
-5.1,2.7866271293715865,2.494329613872901,67.2802032780036,46.91709209257703
-5.05,2.784760878830434,2.471489952829639,67.43063349118457,46.91709209257703
-5.0,2.7830853700348297,2.448584847727752,67.56857396313808,46.91709209257703
-4.949999999999999,2.781616254919303,2.4255997618571414,67.7545697256889,46.91709209257703
-4.8999999999999995,2.7803289671276423,2.4025263579446086,67.95354808114871,46.91709209257703
-4.85,2.779227273704516,2.3793571809906084,68.16411390510422,46.91709209257703
-4.8,2.7783039416886073,2.356085251579465,68.41877723352717,46.91709209257703
-4.75,2.7775692227947544,2.332693029357106,68.75101347497386,46.91709209257703
-4.699999999999999,2.7770045047307454,2.3091308483286697,69.10880346044496,62.86488339543821
-4.6499999999999995,2.7766097384854254,2.2854424130715905,69.4657584101536,62.86488339543821
-4.6,2.7764012538467586,2.261625062233296,69.85890137466453,62.86488339543821
-4.55,2.776362721395946,2.2376411471853266,70.19028084196042,62.86488339543821
-4.5,2.776463877530934,2.213429148026591,70.4301990905756,62.86488339543821
-4.449999999999999,2.7767124719056353,2.189019539665703,70.70421380402752,62.86488339543821
-4.3999999999999995,2.7770612176725273,2.1643243915731176,71.04109088340346,62.86488339543821
-4.35,2.7775343117180213,2.139353944954199,71.4170589573082,62.86488339543821
-4.3,2.7781261644689947,2.114087508447738,71.86108081637256,62.86488339543821
-4.25,2.778817896556423,2.0884728183472814,72.3585370343735,62.86488339543821
-4.199999999999999,2.779599530751336,2.0625218370766847,72.90735743402857,62.86488339543821
-4.1499999999999995,2.7804875630093786,2.0361961216367974,73.48129195979261,62.86488339543821
-4.1,2.7814904169584054,2.009478862459277,74.01637680355583,62.86488339543821
-4.05,2.782619501867478,1.9824014310581939,74.55504085471436,62.86488339543821
-4.0,2.7838314492501377,1.9548569829432527,75.00523928849458,62.86488339543821
-3.9499999999999993,2.785104328280445,1.9267928187078247,75.39592150833218,52.22491994638227
-3.8999999999999995,2.7864355490442,1.8981627650473563,75.87760276545184,52.22491994638227
-3.8499999999999996,2.7877821098592883,1.8688989214739908,76.4574888536626,52.22491994638227
-3.8,2.789154016639671,1.8389347146843495,77.13358924187743,52.22491994638227
-3.75,2.7905302613066283,1.8081973856193834,77.88542196245268,52.22491994638227
-3.6999999999999993,2.7918903261597317,1.7766429959297354,78.72713750100122,52.22491994638227
-3.6499999999999995,2.793265161391437,1.744220655476769,79.65129485692013,52.22491994638227
-3.5999999999999996,2.7946485842238857,1.7108677107014445,80.27054554125387,52.22491994638227
-3.55,2.7961757929183606,1.6770903809885007,80.49690887100259,52.22491994638227
-3.5,2.7979096948556186,1.6430250550663557,80.56677078225286,52.22491994638227
-3.4499999999999993,2.7998683129031265,1.608752959087375,80.34000522875805,52.22491994638227
-3.3999999999999995,2.802144685979495,1.5746717773295653,79.86458316546226,52.22491994638227
-3.3499999999999996,2.804753995603713,1.5408310596327404,79.33378896324218,52.22491994638227
-3.3,2.8076508538458507,1.5072292277086359,78.79926819788376,52.22491994638227
-3.25,2.810833451061893,1.4738608575920296,78.27203674471932,52.22491994638227
-3.1999999999999993,2.814279679003682,1.4407246529849416,77.71906408506327,52.22491994638227
-3.1499999999999995,2.8179417628744177,1.407823829649467,77.1754544753884,52.22491994638227
-3.0999999999999996,2.8218355263089303,1.3751600533680044,76.65283478804453,52.22491994638227
-3.05,2.825914021159427,1.342745561525562,76.02823395479899,52.22491994638227
-3.0,2.830201885627417,1.310619556181674,75.1840979653979,52.22491994638227
-2.9499999999999993,2.834647127784786,1.2787943242096842,74.22918385753515,52.22491994638227
-2.8999999999999995,2.83924194422801,1.2472443424597814,73.26586954819368,52.22491994638227
-2.8499999999999996,2.8439239428248024,1.2159507270677292,72.29502914514943,52.22491994638227
-2.8,2.8486681258283717,1.184895442140307,71.36860451409859,52.22491994638227
-2.75,2.853448490786464,1.1540674695008855,70.50188766897912,52.22491994638227
-2.6999999999999993,2.8582258957638,1.1234646536958794,69.526443110807,52.22491994638227
-2.6499999999999995,2.862995537155262,1.0931240887356521,68.09374772064908,52.22491994638227
-2.5999999999999996,2.8677098238423886,1.0630590780888036,66.37157814240965,52.22491994638227
-2.55,2.8723294406140205,1.0332046706720155,64.70140125949405,52.22491994638227
-2.5,2.8767974933889833,1.003504467822578,63.1401939968721,52.22491994638227
-2.4499999999999993,2.8810527694507444,0.9739124263068877,61.785736456204894,52.22491994638227
-2.3999999999999995,2.8850553644928842,0.9444005773471161,60.68126821773962,52.22491994638227
-2.3499999999999996,2.8890243316242152,0.9149613163728968,59.82192062498787,52.22491994638227
-2.3,2.893054137735786,0.8855690147816501,59.479610077455526,52.22491994638227
-2.25,2.8973046217325593,0.8562194936551469,59.388138906558616,52.22491994638227
-2.1999999999999993,2.901816205337575,0.8269223146780726,59.315112701216606,52.22491994638227
-2.1499999999999995,2.9065829559988345,0.7976789615392789,59.23916536843208,52.22491994638227
-2.0999999999999996,2.911598940358076,0.7684909103695055,59.16085523200072,52.22491994638227
-2.05,2.916858088644463,0.7393597720893753,59.080961068623,52.22491994638227
-2.0,2.9223543510066294,0.7102872455934325,59.0003445644598,52.22491994638227
-1.9499999999999993,2.928081784959309,0.681275446549327,58.919624462254646,52.22491994638227
-1.9000000000000004,2.93403403832093,0.6523270187070092,58.838971866535665,52.22491994638227
-1.8499999999999996,2.940204006146792,0.6234452118092317,58.75271306159322,52.22491994638227
-1.799999999999999,2.9465728607054396,0.5946348602065711,58.67046370605499,52.22491994638227
-1.75,2.953146803703727,0.5659008529434857,58.592248266765466,52.22491994638227
-1.6999999999999993,2.9599041429372632,0.5372511398777916,58.51809080925113,52.22491994638227
-1.6500000000000004,2.966846310987495,0.5086961711816078,58.42555090251419,52.22491994638227
-1.5999999999999996,2.973951231279232,0.4802591522518597,58.235647924342054,52.22491994638227
-1.549999999999999,2.9812167118569968,0.4519739365699069,57.97125958442034,52.22491994638227
-1.5,2.988625609991803,0.4238425845692759,57.701462111644396,52.22491994638227
-1.4499999999999993,2.996159285094926,0.39586816686588533,57.43288210476027,52.22491994638227
-1.4000000000000004,3.0037994981558658,0.3680557246997566,57.166170094352,52.22491994638227
-1.3499999999999996,3.0115165600969354,0.3404160369975601,56.920497469621665,52.22491994638227
-1.299999999999999,3.0192997225745652,0.3129686407939174,56.680742744535,52.22491994638227
-1.25,3.0271127864313865,0.2857611894561703,56.23458169876008,52.22491994638227
-1.1999999999999993,3.034938844232644,0.25889638127720443,55.55024915414279,52.22491994638227
-1.1500000000000004,3.0427339212073967,0.23238067105244375,54.85294212065162,52.22491994638227
-1.0999999999999996,3.0504544177656827,0.2062128335329069,54.22595835554408,52.22491994638227
-1.049999999999999,3.058047979733618,0.18042596986399423,53.520654626052014,52.22491994638227
-1.0,3.0654636170543204,0.155199601389585,52.26461259341736,52.22491994638227
-0.9499999999999993,3.07263206927732,0.13068775597966362,50.718143683353574,52.22491994638227
-0.9000000000000004,3.0794541682638124,0.10684550378122648,49.27142387370129,52.22491994638227
-0.8499999999999996,3.0858334698489918,0.083920790134337,46.887171176660544,52.22491994638227
-0.7999999999999989,3.091640466271204,0.0623446914313318,43.84362359236993,52.22491994638227
-0.75,3.096694459036884,0.04205152929491444,39.7449617403698,52.22491994638227
-0.6999999999999993,3.100792166857008,0.024248955153112123,33.46962227971118,52.22491994638227
-0.6500000000000004,3.1036412762561905,0.009145581811232933,22.939469092973276,52.22491994638227
-0.5999999999999996,3.1048687335845178,0.0011113859844334298,8.691817124340348,52.22491994638227
-0.5499999999999989,3.104935621184645,1.5063296945222146e-07,1.0523640204545621,52.22491994638227
-0.5,3.1049355980229514,1.67835852796059e-07,1.688228096739878e-05,52.22491994638227
-0.4499999999999993,3.104935613676544,1.5287880622190742e-07,0.00011837318364625749,52.22491994638227
-0.3999999999999986,3.104935597966712,1.78833335827268e-07,0.00012794361419151662,52.22491994638227
-0.34999999999999964,3.10493559702937,1.6735325069936812e-07,0.0001412240715367331,52.22491994638227
-0.29999999999999893,3.1049355803447027,1.8059014742882285e-07,0.00011781457625474616,52.22491994638227
-0.25,3.1049355863436845,1.7958835949292705e-07,0.0001463344119833263,52.22491994638227
-0.1999999999999993,3.1049355993164824,1.7227202102201975e-07,0.0001131725195145272,52.22491994638227
-0.14999999999999858,3.1049355899430733,1.7225188049222367e-07,0.00013105355944239088,52.22491994638227
-0.09999999999999964,3.1049355761454156,1.7982003668169932e-07,0.00010579216703956513,52.22491994638227
-0.049999999999998934,3.104935599541444,1.6500975631438272e-07,0.00016947138055550676,52.22491994638227
0.0,3.1049357220706417,0.0,0.000138002679153862,52.88906008295351
0.05000000000000071,3.104935599541444,1.6500975631438272e-07,0.00016947138055550676,52.88906008295351
0.10000000000000142,3.1049355761454156,1.7982003668169932e-07,0.00010579216703956513,52.88906008295351
0.15000000000000036,3.1049355899430733,1.7225188049222367e-07,0.00013105355944239178,52.88906008295351
0.20000000000000107,3.1049355993164824,1.7227202102201975e-07,0.0001131725195145272,52.88906008295351
0.25,3.1049355863436845,1.7958835949292705e-07,0.0001463344119833263,52.88906008295351
0.3000000000000007,3.1049355803447027,1.8059014742882285e-07,0.00011781457625474616,52.88906008295351
0.3500000000000014,3.10493559702937,1.6735325069936812e-07,0.0001412240715367331,52.88906008295351
0.40000000000000036,3.104935597966712,1.78833335827268e-07,0.00012794361419151616,52.88906008295351
0.45000000000000107,3.104935613676544,1.5287880622190742e-07,0.00011837318364625749,52.88906008295351
0.5,3.1049355980229514,1.67835852796059e-07,1.688228096739878e-05,52.88906008295351
0.5500000000000007,3.104935621184645,1.5063296945222146e-07,1.0523640204545621,52.88906008295351
0.6000000000000014,3.1048687335845178,0.0011113859844334298,8.691817124340348,52.88906008295351
0.6500000000000004,3.1036412762561905,0.009145581811232933,22.939469092973276,52.88906008295351
0.7000000000000011,3.100792166857008,0.024248955153112123,33.46962227971118,52.88906008295351
0.75,3.096694459036884,0.04205152929491444,39.7449617403698,52.88906008295351
0.8000000000000007,3.091640466271204,0.0623446914313318,43.84362359236993,52.88906008295351
0.8500000000000014,3.0858334698489918,0.083920790134337,46.887171176660544,52.88906008295351
0.9000000000000004,3.0794541682638124,0.10684550378122648,49.27142387370129,52.88906008295351
0.9500000000000011,3.07263206927732,0.13068775597966362,50.718143683353574,52.88906008295351
1.0,3.0654636170543204,0.155199601389585,52.26461259341736,52.88906008295351
1.0500000000000007,3.058047979733618,0.18042596986399423,53.520654626052014,52.88906008295351
1.1000000000000014,3.0504544177656827,0.2062128335329069,54.22595835554408,52.88906008295351
1.1500000000000004,3.0427339212073967,0.23238067105244375,54.85294212065162,52.88906008295351
1.200000000000001,3.034938844232644,0.25889638127720443,55.55024915414279,52.88906008295351
1.25,3.0271127864313865,0.2857611894561703,56.23458169876008,52.88906008295351
1.3000000000000007,3.0192997225745652,0.3129686407939174,56.680742744535,52.88906008295351
1.3500000000000014,3.0115165600969354,0.3404160369975601,56.920497469621665,52.88906008295351
1.4000000000000004,3.0037994981558658,0.3680557246997566,57.166170094352,52.88906008295351
1.450000000000001,2.996159285094926,0.39586816686588533,57.43288210476027,52.88906008295351
1.5,2.988625609991803,0.4238425845692759,57.701462111644396,52.88906008295351
1.5500000000000007,2.9812167118569968,0.4519739365699069,57.971259584420345,52.88906008295351
1.6000000000000014,2.973951231279232,0.4802591522518597,58.235647924342054,52.88906008295351
1.6500000000000004,2.966846310987495,0.5086961711816078,58.42555090251419,52.88906008295351
1.700000000000001,2.9599041429372632,0.5372511398777916,58.51809080925113,52.88906008295351
1.75,2.953146803703727,0.5659008529434857,58.592248266765466,52.88906008295351
1.8000000000000007,2.9465728607054396,0.5946348602065711,58.67046370605499,52.88906008295351
1.8500000000000014,2.940204006146792,0.6234452118092317,58.75271306159322,52.88906008295351
1.9000000000000004,2.93403403832093,0.6523270187070092,58.838971866535665,52.88906008295351
1.950000000000001,2.928081784959309,0.681275446549327,58.919624462254646,52.88906008295351
2.0,2.9223543510066294,0.7102872455934325,59.0003445644598,52.88906008295351
2.0500000000000007,2.916858088644463,0.7393597720893753,59.080961068623,52.88906008295351
2.1000000000000014,2.911598940358076,0.7684909103695055,59.16085523200072,52.88906008295351
2.1500000000000004,2.9065829559988345,0.7976789615392789,59.23916536843208,52.88906008295351
2.200000000000001,2.901816205337575,0.8269223146780726,59.315112701216606,52.88906008295351
2.25,2.8973046217325593,0.8562194936551469,59.388138906558616,52.88906008295351
2.3000000000000007,2.893054137735786,0.8855690147816501,59.479610077455526,52.88906008295351
2.3500000000000014,2.8890243316242152,0.9149613163728968,59.82192062498787,52.88906008295351
2.4000000000000004,2.8850553644928842,0.9444005773471161,60.68126821773962,52.88906008295351
2.450000000000001,2.8810527694507444,0.9739124263068877,61.785736456204894,52.88906008295351
2.5,2.8767974933889833,1.003504467822578,63.1401939968721,52.88906008295351
2.5500000000000007,2.8723294406140205,1.0332046706720155,64.70140125949405,52.88906008295351
2.6000000000000014,2.8677098238423886,1.0630590780888036,66.37157814240965,52.88906008295351
2.6500000000000004,2.862995537155262,1.0931240887356521,68.09374772064908,52.88906008295351
2.700000000000001,2.8582258957638,1.1234646536958794,69.526443110807,52.88906008295351
2.75,2.853448490786464,1.1540674695008855,70.50188766897912,52.88906008295351
2.8000000000000007,2.8486681258283717,1.184895442140307,71.36860451409859,52.88906008295351
2.8500000000000014,2.8439239428248024,1.2159507270677292,72.29502914514943,52.88906008295351
2.9000000000000004,2.83924194422801,1.2472443424597814,73.26586954819368,52.88906008295351
2.950000000000001,2.834647127784786,1.2787943242096842,74.22918385753515,52.88906008295351
3.0,2.830201885627417,1.310619556181674,75.1840979653979,52.88906008295351
3.0500000000000007,2.825914021159427,1.342745561525562,76.02823395479899,52.88906008295351
3.1000000000000014,2.8218355263089303,1.3751600533680044,76.65283478804453,52.88906008295351
3.1500000000000004,2.8179417628744177,1.407823829649467,77.1754544753884,52.88906008295351
3.200000000000001,2.814279679003682,1.4407246529849416,77.71906408506327,52.88906008295351
3.25,2.810833451061893,1.4738608575920296,78.27203674471932,52.88906008295351
3.3000000000000007,2.8076508538458507,1.5072292277086359,78.79926819788376,52.88906008295351
3.3500000000000014,2.804753995603713,1.5408310596327404,79.33378896324218,52.88906008295351
3.4000000000000004,2.802144685979495,1.5746717773295653,79.86458316546226,52.88906008295351
3.450000000000001,2.7998683129031265,1.608752959087375,80.34000522875805,52.88906008295351
3.5,2.7979096948556186,1.6430250550663557,80.56677078225286,52.88906008295351
3.5500000000000007,2.7961757929183606,1.6770903809885007,80.49690887100259,52.88906008295351
3.6000000000000014,2.7946485842238857,1.7108677107014445,80.27054554125387,52.88906008295351
3.6500000000000004,2.793265161391437,1.744220655476769,79.65129485692013,52.88906008295351
3.700000000000001,2.7918903261597317,1.7766429959297354,78.72713750100122,52.88906008295351
3.75,2.7905302613066283,1.8081973856193834,77.88542196245268,52.88906008295351
3.8000000000000007,2.789154016639671,1.8389347146843495,77.13358924187743,52.88906008295351
3.8500000000000014,2.7877821098592883,1.8688989214739908,76.4574888536626,52.88906008295351
3.9000000000000004,2.7864355490442,1.8981627650473563,75.87760276545184,52.88906008295351
3.950000000000001,2.785104328280445,1.9267928187078245,75.39592150833218,52.88906008295351
4.0,2.7838314492501377,1.9548569829432527,75.00523928849458,52.88906008295351
4.050000000000001,2.782619501867478,1.9824014310581939,74.55504085471436,52.88906008295351
4.100000000000001,2.7814904169584054,2.009478862459277,74.01637680355583,52.88906008295351
4.15,2.7804875630093786,2.0361961216367974,73.48129195979261,52.88906008295351
4.200000000000001,2.779599530751336,2.0625218370766847,72.90735743402857,52.88906008295351
4.25,2.778817896556423,2.0884728183472814,72.3585370343735,52.88906008295351
4.300000000000001,2.7781261644689947,2.114087508447738,71.86108081637256,52.88906008295351
4.350000000000001,2.7775343117180213,2.139353944954199,71.4170589573082,52.88906008295351
4.4,2.7770612176725273,2.1643243915731176,71.04109088340346,52.88906008295351
4.450000000000001,2.7767124719056353,2.189019539665703,70.70421380402752,52.88906008295351
4.5,2.776463877530934,2.213429148026591,70.4301990905756,52.88906008295351
4.550000000000001,2.776362721395946,2.2376411471853266,70.19028084196042,52.88906008295351
4.600000000000001,2.7764012538467586,2.261625062233296,69.85890137466453,52.88906008295351
4.65,2.7766097384854254,2.2854424130715905,69.4657584101536,52.88906008295351
4.700000000000001,2.7770045047307454,2.3091308483286697,69.10880346044496,52.88906008295351
4.75,2.7775692227947544,2.332693029357106,68.75101347497386,52.88906008295351
4.800000000000001,2.7783039416886073,2.3560852515794646,68.41877723352717,52.88906008295351
4.850000000000001,2.779227273704516,2.3793571809906084,68.16411390510422,52.88906008295351
4.9,2.7803289671276423,2.4025263579446086,67.95354808114871,52.88906008295351
4.950000000000001,2.781616254919303,2.425599761857141,67.7545697256889,52.88906008295351
5.0,2.7830853700348297,2.448584847727752,67.56857396313808,52.88906008295351
5.050000000000001,2.784760878830434,2.471489952829639,67.43063349118457,52.88906008295351
5.100000000000001,2.7866271293715865,2.4943296138729005,67.2802032780036,52.88906008295351
5.15,2.788691054201519,2.5170977657354,67.08166319544901,52.88906008295351
5.200000000000001,2.7909656656517825,2.5397987562470394,66.82760355175598,52.88906008295351
5.25,2.793392415599683,2.5623656809697186,66.38349183535587,52.88906008295351
5.300000000000001,2.795901767170185,2.584656329713467,65.77349613905699,52.88906008295351
5.350000000000001,2.798548433103524,2.6067056234344337,65.1665149868537,58.511598450203884
5.4,2.8013019938891786,2.6285172886456816,64.52089239653426,58.511598450203884
5.450000000000001,2.804129106258802,2.650007130702598,63.49979360673088,58.511598450203884
5.5,2.8069797192157164,2.671017867396958,62.16584232616202,58.511598450203884
5.550000000000001,2.8097502092678686,2.69146930129515,60.89220835879374,58.511598450203884
5.600000000000001,2.8124907424732806,2.711435747490371,59.763032583613914,58.511598450203884
5.65,2.815192600165661,2.7309355984737462,58.67737252834797,58.511598450203884
5.700000000000001,2.817813155851797,2.7499133238701527,57.65712108335387,58.511598450203884
5.75,2.820395200946732,2.7684308233150787,56.801877629774836,58.511598450203884
5.800000000000001,2.8228995960670495,2.7865145604902737,56.013590474945545,58.511598450203884
5.850000000000001,2.8253541158398114,2.804127770496274,55.292003348709756,58.511598450203884
5.9,2.8277024741513848,2.821291091312763,54.69063791796355,58.511598450203884
5.950000000000001,2.8300048078606173,2.8380537039369194,54.20079815044099,58.511598450203884
6.0,2.832242831029944,2.854449500934019,53.79259372416568,58.511598450203884
6.050000000000001,2.83445134904369,2.870470858411487,53.24917342095821,58.511598450203884
6.100000000000001,2.836607243665163,2.8861330770626985,52.45211115285959,58.511598450203884
6.150000000000002,2.838780027291865,2.901499566556881,51.60511913693898,58.511598450203884
6.199999999999999,2.8409276882732573,2.9165813677183947,50.798395910948585,58.511598450203884
6.25,2.8430612594389535,2.9313293251033596,49.94406683342782,58.511598450203884
6.300000000000001,2.845146741047731,2.9457725121912266,49.093854776587094,58.511598450203884
6.350000000000001,2.8472387295871164,2.959956550352245,48.37420694810078,47.125550257888264
6.400000000000002,2.84924742172652,2.973842889896961,47.755225953830006,47.125550257888264
6.449999999999999,2.8511532267554274,2.987336292535766,47.33966978964077,47.125550257888264
6.5,2.8529473851367992,3.0005214730891607,47.167789297546186,47.125550257888264
6.550000000000001,2.854640100769224,3.013370357934957,47.037881066120654,47.125550257888264
6.600000000000001,2.8562126473598934,3.0258659888900854,46.977470745969946,47.125550257888264
6.650000000000002,2.8576399365941794,3.0380370878102467,46.88229681327195,47.125550257888264
6.699999999999999,2.858844393625742,3.0497485675284297,46.814797504864856,47.125550257888264
6.75,2.859788880094489,3.061046920387761,46.93295385356415,47.125550257888264
6.800000000000001,2.860557253885646,3.071997556886284,47.12316534133149,47.125550257888264
6.850000000000001,2.861075685530774,3.0825069803250766,47.28282162791982,47.125550257888264
6.900000000000002,2.8614370932601916,3.0927197010092775,47.30371779196778,47.125550257888264
6.949999999999999,2.8616578894691425,3.1025955564579055,47.31777215794878,47.125550257888264
7.0,2.861697151740063,3.1121753587704126,47.45913484022195,47.125550257888264
7.050000000000001,2.861633841552605,3.121489686088769,47.6194378186973,47.125550257888264
7.100000000000001,2.861411706992486,3.1304658765746245,47.887746625133595,47.125550257888264
7.150000000000002,2.8610736107552563,3.139221590668434,48.25310941756988,47.125550257888264
7.199999999999999,2.860616344287795,3.1476696803370947,48.71357115748673,47.125550257888264
7.25,2.8600954801356226,3.1559654409827056,49.2522324686571,47.125550257888264
7.300000000000001,2.859456884591442,3.163994740293957,49.788813654925434,47.125550257888264
7.350000000000001,2.8587810525688093,3.1718636178186923,50.36261170567898,47.125550257888264
7.400000000000002,2.8579981994761363,3.1794852795995716,50.65181875886812,47.125550257888264
7.449999999999999,2.857163833133232,3.1869669507557674,50.619559486342936,47.125550257888264
7.5,2.8562539668769547,3.1942207374874756,50.62026944199798,47.125550257888264
7.550000000000001,2.8552740224626314,3.2013217309086057,50.66639916232379,47.125550257888264
7.600000000000001,2.8541876348426096,3.208171571413433,50.76695624913976,47.125550257888264
7.650000000000002,2.853115336709298,3.21494613391406,50.86233136702663,47.125550257888264
7.699999999999999,2.8519786685880053,3.2215375089554055,50.980618647138776,47.125550257888264
7.75,2.850796473742582,3.2279878030630167,51.12734150721148,47.125550257888264
7.800000000000001,2.8495961092473867,3.2342790032998283,51.37750988216131,47.125550257888264
7.850000000000001,2.848402306470145,3.2405128707207016,51.69145165376401,47.125550257888264
7.900000000000002,2.8471310392121887,3.246550027027181,51.85097476377164,47.125550257888264
7.949999999999999,2.8459142621264206,3.2525468570583707,51.9667111343214,47.125550257888264
8.0,2.8447585071072425,3.2585084177132835,52.029501395348035,47.125550257888264
8.05,2.8435779392534526,3.264338420999456,52.2159714630702,47.125550257888264
8.100000000000001,2.842452664550986,3.2701522204390585,52.55257692048804,47.125550257888264
8.150000000000002,2.841295805676725,3.2758132272946137,52.872062344196806,47.125550257888264
8.2,2.840130776845466,3.281376458644716,53.29447665027963,47.125550257888264
8.25,2.83895571870828,3.2868654517549527,53.84925526852515,47.125550257888264
8.3,2.8377869962225915,3.292259007912964,54.47361157850505,47.125550257888264
8.350000000000001,2.836652961680212,3.2975913113727215,55.0015615335368,47.125550257888264
8.400000000000002,2.8355335088476,3.3028686346828158,55.27560825271459,47.125550257888264
8.45,2.8343275022575347,3.307983623884376,55.518095877666426,47.125550257888264
8.5,2.8330130065317647,3.3129244255685166,55.8151067424622,47.125550257888264
8.55,2.831620754114239,3.3176970125442633,56.15647882573161,47.125550257888264
8.600000000000001,2.8301804411060036,3.322401642082,56.58081379226914,47.125550257888264
8.650000000000002,2.828618456651289,3.3268985166972627,57.02369245092536,47.125550257888264
8.7,2.8270060064425726,3.3312857246450687,57.520395323456995,47.125550257888264
8.75,2.8254009400352174,3.3356278007285134,58.07597155168208,47.125550257888264
8.8,2.8236478781349987,3.339740647854541,58.74220976603834,47.125550257888264
8.850000000000001,2.8219359781245577,3.3438869140795715,59.310431114858,47.125550257888264
8.900000000000002,2.820190283244897,3.347872565317634,59.88614451698827,47.125550257888264
8.95,2.8184782555157817,3.3518437896466624,60.55697487687932,47.125550257888264
9.0,2.816779479082835,3.3557574701886597,61.22523095197797,47.125550257888264
9.05,2.8151298362040102,3.3596758928464503,61.98934401513132,47.125550257888264
9.100000000000001,2.8134592239177305,3.3634769337298156,62.704226972559255,47.125550257888264
9.150000000000002,2.811966564789964,3.3674063512207266,63.301173144426585,47.125550257888264
9.200000000000003,2.810521228132074,3.371255326793659,63.91850202108261,47.125550257888264
9.25,2.8091518168223164,3.375169161885015,64.4583119356784,47.125550257888264
9.3,2.8078505074217888,3.379063364699484,64.95361589652,47.125550257888264
9.350000000000001,2.8066405071067435,3.382985379341988,65.22307079593566,47.125550257888264
9.400000000000002,2.805529760401983,3.3868813096506094,65.36493695639818,47.125550257888264
9.450000000000003,2.804543843484183,3.390887120572975,65.56991517763818,47.125550257888264
9.5,2.8035417547222634,3.3947948984519383,65.726033139194,47.125550257888264
9.55,2.8026906137258165,3.3987877290616932,65.88730041800589,47.125550257888264
9.600000000000001,2.8019280433806224,3.402787917647167,65.7968067880733,47.125550257888264
9.650000000000002,2.8012552634673358,3.4068349314804887,65.3943259277945,47.125550257888264
9.700000000000003,2.8004832821875385,3.41070834763242,64.94864912548246,47.125550257888264
9.75,2.7998083637451683,3.414648870415862,64.68219110184292,47.125550257888264
9.8,2.799138240136149,3.418564099122811,64.43077061649898,47.125550257888264
9.850000000000001,2.798489639717873,3.4223928795970155,64.08349058835354,47.125550257888264
9.900000000000002,2.7978765295211026,3.4262324177853247,63.77919250099675,47.125550257888264
9.950000000000003,2.797253212213456,3.4299814471319987,63.65571720115593,47.125550257888264
10.0,2.796638982237973,3.4337562071247367,63.530249462808015,47.125550257888264
10.05,2.796066714963176,3.437467811477577,63.34078697418477,47.125550257888264
10.100000000000001,2.795464121289404,3.441118859337777,63.29703784704181,47.125550257888264
10.150000000000002,2.7949523434029144,3.4448277692825267,63.1988185779172,47.125550257888264
10.200000000000003,2.794456375669241,3.4484484072637236,63.23525870393516,47.125550257888264
10.25,2.793976264989486,3.452076493914597,63.27817782711909,47.125550257888264
10.3,2.7934930451166706,3.455659948885739,63.24893941713234,47.125550257888264
10.350000000000001,2.7931301487472178,3.459310989728471,63.44564716175473,47.125550257888264
10.400000000000002,2.7928137166561693,3.4629484696519315,63.4280271103992,47.125550257888264
10.450000000000003,2.7925377495116424,3.466531270479975,63.54279775259947,47.125550257888264
10.5,2.7923413848331498,3.4701756426755264,63.81757480664358,47.125550257888264
10.55,2.792307867470346,3.4739389225673216,63.90247906681133,47.125550257888264
10.600000000000001,2.79222454093753,3.477582552557992,63.972393905706326,47.125550257888264
10.650000000000002,2.7923127046508815,3.4813515328476723,63.96803303610927,47.125550257888264
10.700000000000003,2.7924910556468094,3.4851352784935727,63.78813089182934,47.125550257888264
10.75,2.792759420188045,3.4889739060685825,63.51454465866409,47.125550257888264
10.8,2.793218135742384,3.4929217561136414,63.386206564179844,47.125550257888264
10.850000000000001,2.7936798804444036,3.496804719383122,63.14516763070938,47.125550257888264
10.900000000000002,2.794314708192193,3.500833363394547,62.93724409538122,47.125550257888264
10.950000000000003,2.795044112662156,3.5049186305598483,62.61443858061567,47.125550257888264
11.0,2.795826366817386,3.5089586780873288,62.179452443471924,47.125550257888264
11.05,2.796637571028766,3.5129928455649946,61.94993845888679,47.125550257888264
11.100000000000001,2.7975733977528336,3.517100491033334,61.609789979092795,47.125550257888264
11.150000000000002,2.798513746376319,3.5211631071745,61.433315875343695,58.62067996811289
11.200000000000003,2.7995338225616098,3.5253084642742825,61.23542688778795,58.62067996811289
11.25,2.800613660043165,3.5294293790074494,61.05593018694109,58.62067996811289
11.3,2.8016685808508477,3.533477792253378,61.01892084448059,58.62067996811289
11.350000000000001,2.802945164613824,3.537698656966335,60.43900825130557,58.62067996811289
11.400000000000002,2.804131574357165,3.541825999505897,59.63081619146353,58.62067996811289
11.450000000000003,2.805387525013468,3.5459292451993702,59.040579655769285,58.62067996811289
11.5,2.8066357698569155,3.5500082675299947,58.44086022502196,58.62067996811289
11.55,2.807852319252681,3.55407274285407,57.79661293764525,58.62067996811289
11.600000000000001,2.809054518881473,3.5580605804387124,57.28412450878739,58.62067996811289
11.650000000000002,2.8103286403159027,3.562102193686702,56.802834723486605,58.62067996811289
11.700000000000003,2.811519113088582,3.5660423037153186,56.20491769172247,58.62067996811289
11.75,2.8126929510417895,3.569891311667481,55.82922878231201,58.62067996811289
11.8,2.81390640374836,3.573760927076414,55.44632052240114,58.62067996811289
11.850000000000001,2.8150333955275384,3.5775597704797875,55.02413600934576,58.62067996811289
11.900000000000002,2.8162444289051387,3.5814135004995173,54.782592868288475,58.62067996811289
11.950000000000003,2.8172687588722685,3.585056193566636,54.440874142829976,58.62067996811289
12.0,2.818379226517699,3.588751488920967,54.25538193098855,47.498124558272515
12.05,2.8194681051525445,3.5924185898832204,54.03686588598838,47.498124558272515
12.100000000000001,2.8204582061629786,3.595955202070727,53.7652708981995,47.498124558272515
12.150000000000002,2.821435517960799,3.599479605386196,53.59845880098243,47.498124558272515
12.200000000000003,2.8224877840673264,3.6030375672477106,53.21640230799949,47.498124558272515
12.25,2.8232816184010807,3.606333753588088,52.95083641179708,47.498124558272515
12.3,2.824144676844932,3.609681910973798,52.65857575634757,47.498124558272515
12.350000000000001,2.824910865994563,3.6129524527808194,52.56474618835926,47.498124558272515
12.400000000000002,2.8256590380545146,3.616205922490497,52.438089652386864,47.498124558272515
12.450000000000003,2.826351282296576,3.6193463160213812,52.229061367206874,47.498124558272515
12.5,2.82695733952724,3.622379092238413,52.22966341957411,47.498124558272515
12.55,2.8274243007616877,3.625301964247171,52.14170606708453,47.498124558272515
12.600000000000001,2.8278114710600577,3.628142519305001,51.99695648851651,47.498124558272515
12.650000000000002,2.828072119136633,3.630838561989129,51.707705405941894,47.498124558272515
12.700000000000003,2.8282438276321225,3.6334887836751677,51.41794383840563,47.498124558272515
12.75,2.8283550263624746,3.636076676685245,51.11677287400368,47.498124558272515
12.8,2.828350444650195,3.6385210094218676,50.920895931012836,47.498124558272515
12.850000000000001,2.8281983858679474,3.640816391154038,50.77117245663993,47.498124558272515
12.900000000000002,2.828021443084016,3.643091985053118,50.58195574442254,47.498124558272515
12.950000000000003,2.827822051438682,3.6453497271442927,50.51548493024065,47.498124558272515
13.0,2.8274707301225734,3.647457921052505,50.543377908512525,47.498124558272515
13.05,2.827021108601172,3.649439041702525,50.45706239607248,47.498124558272515
13.100000000000001,2.826505439593399,3.6513486412902747,50.53834767048804,47.498124558272515
13.150000000000002,2.8258899650965015,3.6532075133626085,50.706573332205366,47.498124558272515
13.200000000000003,2.825232349112846,3.655008145165706,50.75588865972108,47.498124558272515
13.25,2.824444492544391,3.6566742449806453,50.97766355628105,47.498124558272515
13.3,2.8236892314166693,3.6583658328129554,51.12338074106326,47.498124558272515
13.350000000000001,2.8228418886811317,3.6599748671758374,51.51287111692594,47.498124558272515
13.400000000000002,2.8219511377205215,3.661508864170455,51.61034380896676,47.498124558272515
13.450000000000003,2.8209922488091523,3.6629454003105013,51.9014665674118,47.498124558272515
13.5,2.8200279818463967,3.6643783556022633,52.413149999211015,47.498124558272515
13.55,2.8190393495048833,3.6657932142175143,52.65334763187631,47.498124558272515
13.600000000000001,2.818114126161936,3.6672691874064123,53.02837753392336,47.498124558272515
13.650000000000002,2.817143468531507,3.6686724160718023,53.44872460329764,47.498124558272515
13.700000000000003,2.816108938524992,3.669990511856053,53.90457075648453,47.498124558272515
13.75,2.815150376423024,3.6713596753322992,54.372800445622126,47.498124558272515
13.8,2.814154612899109,3.67270095791879,54.90571075757714,47.498124558272515
13.850000000000001,2.8131676915450834,3.674027844867723,55.306671578799715,47.498124558272515
13.900000000000002,2.812187620446562,3.675331330087569,55.56394782124216,47.498124558272515
13.950000000000003,2.8112256021126893,3.6766492912603277,55.709013404205926,47.498124558272515
14.0,2.810297039328098,3.6779935304680897,55.78825478363359,47.498124558272515
14.05,2.8094368716459046,3.6793536152026416,55.94931513803877,47.498124558272515
14.100000000000001,2.8083881980804204,3.680529386057488,56.29243591272843,47.498124558272515
14.150000000000002,2.807521265775741,3.6818531705422504,56.38335788463908,47.498124558272515
14.200000000000003,2.8066341589654646,3.6831621595501933,56.658014556005995,47.498124558272515
14.25,2.8057245188006754,3.6844546619713716,56.981321619042674,47.498124558272515
14.3,2.8048610135745515,3.6857811383648205,56.86788118599568,47.498124558272515
14.350000000000001,2.8039331963042358,3.6870054190961237,56.888682245029585,47.498124558272515
14.400000000000002,2.803019957425833,3.68821143196904,57.00000403954382,47.498124558272515
14.450000000000003,2.802003290527238,3.689332713854861,57.08939902937907,47.498124558272515
14.5,2.8010766105984404,3.6905230658172483,57.22308817238586,47.498124558272515
14.55,2.800103357773383,3.691673541642287,57.33867925109029,47.498124558272515
14.600000000000001,2.7991239787711013,3.6927706800934033,57.48287954633777,47.498124558272515
14.650000000000002,2.7981445870935926,3.693873444836746,57.7726502803239,47.498124558272515
14.700000000000003,2.797162851134454,3.6949945133014244,58.122017725096796,47.498124558272515
14.75,2.7961849852741016,3.6961090689818303,58.23491051494491,47.498124558272515
14.8,2.795207174197784,3.697198654782413,58.29113334124161,47.498124558272515
14.850000000000001,2.794239552190754,3.6982434461279876,58.39256822249969,47.498124558272515
14.900000000000002,2.7931358539151177,3.699185792020934,58.53713708988232,47.498124558272515
14.950000000000003,2.792063652483607,3.7001527974137884,58.75260587246083,47.498124558272515
15.0,2.7911715040439002,3.701256488976621,58.95390242124307,47.498124558272515
15.05,2.790076527774586,3.7022080169577833,59.149573503453084,47.498124558272515
15.100000000000001,2.7890606708118604,3.703182695621765,59.54232993552516,47.498124558272515
15.150000000000002,2.7880418437499257,3.704128002700664,59.74425004100543,47.498124558272515
15.200000000000003,2.7870525141708535,3.7050738014493048,60.08287946937023,47.498124558272515
15.25,2.7861102039976546,3.706062967979749,60.56150207331182,47.498124558272515
15.3,2.7851646606923333,3.70706650533511,60.84299075594202,47.498124558272515
15.350000000000001,2.784317830804859,3.7081326934763865,60.899126055153204,47.498124558272515
15.400000000000002,2.7834625280780725,3.709153596339368,60.91719418077707,47.498124558272515
15.450000000000003,2.782730239293245,3.710267477257541,60.9216413539321,47.498124558272515
15.5,2.782080711056202,3.71144399280799,61.05011284478817,47.498124558272515
15.55,2.7814693896000087,3.712649569472734,61.100939285667,47.498124558272515
15.600000000000001,2.7808947142843534,3.7138490815093492,61.351180595150964,47.498124558272515
15.650000000000002,2.7804706906247576,3.7151329207166572,61.291305191090075,47.498124558272515
15.700000000000003,2.780050818948507,3.7163982310326333,61.19388700006353,47.498124558272515
15.75,2.7797232444320867,3.7177329321284467,61.47281454686912,47.498124558272515
15.8,2.7794526554697914,3.719110552969382,61.2332167833512,47.498124558272515
15.850000000000001,2.7791671413024437,3.7204773063569485,60.97710680483826,47.498124558272515
15.900000000000002,2.778913529095195,3.7218779497983894,60.791133100903494,47.498124558272515
15.950000000000003,2.778809210567982,3.7233682249914315,60.659414610326195,47.498124558272515
16.0,2.778395704566541,3.7246063811690706,60.529560644219615,47.498124558272515
16.05,2.7782003067468564,3.7259806335918935,60.39842791392195,47.498124558272515
16.1,2.7779578026241003,3.7273200508680393,60.32360023155097,47.498124558272515
16.150000000000002,2.7777642079063467,3.7286962169262607,60.29922244469323,47.498124558272515
16.200000000000003,2.777571240784849,3.7300730916982627,60.24661605524309,47.498124558272515
16.25,2.7773923140317347,3.7314347165313806,60.22926020996157,47.498124558272515
16.3,2.777243749653592,3.7328015730788167,60.12999090798261,47.498124558272515
16.35,2.7771817532628473,3.7342331022581194,60.01609101939908,47.498124558272515
16.400000000000002,2.7771933061378182,3.7357195071886604,59.810308977019204,47.498124558272515
16.450000000000003,2.777204013566849,3.7372054313316063,59.572843959522984,47.498124558272515
16.5,2.777418514036196,3.7388148015630813,59.31130226105514,47.498124558272515
16.55,2.777388604617288,3.740225680248564,59.13831728816684,47.498124558272515
16.6,2.777513884556922,3.741726687610898,58.9585557536058,47.498124558272515
16.650000000000002,2.777656071719689,3.743251869265732,58.84142431105345,47.498124558272515
16.700000000000003,2.7778252807980266,3.7447971867820584,58.576217675275295,58.41584176986797
16.75,2.778077900926392,3.7464044758052797,58.64137326759616,58.41584176986797
16.8,2.7783118502266175,3.7479980195971874,58.95089296572229,58.41584176986797
16.85,2.7786652726791057,3.749680144709618,58.56549693228093,58.41584176986797
16.900000000000002,2.779015809180358,3.751327289568613,58.529607395743184,58.41584176986797
16.950000000000003,2.7794561453305104,3.7530262416091653,58.759907461448584,58.41584176986797
17.0,2.779893563925769,3.7546922945326253,58.608092150795954,58.41584176986797
17.05,2.780444301792036,3.756442227589202,58.147428525679054,58.41584176986797
17.1,2.7810306319552267,3.7582185017550263,57.606485977144345,58.41584176986797
17.150000000000002,2.781854715016533,3.7601706278969007,57.15060814978519,58.41584176986797
17.200000000000003,2.7826982816265486,3.7621370635468976,56.74832173286552,58.41584176986797
17.25,2.783610591523183,3.7641141350905256,56.32609210762627,58.41584176986797
17.3,2.7846004077556263,3.7661423157275533,55.8616410705513,58.41584176986797
17.35,2.785669471238258,3.7682338207769277,55.362480136746115,58.41584176986797
17.400000000000002,2.786765722564988,3.770360747223508,55.25453015036672,58.41584176986797
17.450000000000003,2.7879172252080844,3.7725283570957204,54.8451353977087,46.89806092930911
17.5,2.7890453240156527,3.774638195850118,54.36108988260789,46.89806092930911
17.55,2.7902117273987384,3.776727619848505,54.32945507919686,46.89806092930911
17.6,2.7913416606561023,3.778738040402367,54.03871042269251,46.89806092930911
17.650000000000002,2.7924865842243323,3.7807079739723806,53.900959799804156,46.89806092930911
17.700000000000003,2.7935255075223284,3.7825893295716746,53.809965268313235,46.89806092930911
17.75,2.794528916160162,3.784396786992324,53.73995295002076,46.89806092930911
17.8,2.795819838648689,3.7864147489616693,53.48271625344694,46.89806092930911
17.85,2.796880666891306,3.788207027375223,53.2194165749704,46.89806092930911
17.900000000000002,2.7978877668692292,3.7899596648265645,53.0988095196087,46.89806092930911
17.950000000000003,2.798868879150523,3.7916275319157045,52.82685815254514,46.89806092930911
18.0,2.799731038459077,3.7931718979699007,52.65949169097215,46.89806092930911
18.05,2.8005612962714506,3.7946411948608425,52.302856106375046,46.89806092930911
18.1,2.801312953068987,3.7960180739904774,52.0304314989624,46.89806092930911
18.150000000000002,2.8019398319481152,3.7972369344977053,52.06146038290478,46.89806092930911
18.200000000000003,2.802384618962691,3.7982486573995127,51.72673376357567,46.89806092930911
18.25,2.802709497798849,3.7991516422370455,51.571757338497996,46.89806092930911
18.3,2.8028550093517617,3.799801013570857,51.51746400585152,46.89806092930911
18.35,2.8029520390601332,3.800385685557826,51.415241783330195,46.89806092930911
18.400000000000002,2.802787973113235,3.8006281826152253,51.39732778832401,46.89806092930911
18.450000000000003,2.8024926603866125,3.800760929417452,51.38357053547217,46.89806092930911
18.5,2.802231651954284,3.800829341892205,51.39716491115317,46.89806092930911
18.55,2.8017298224569953,3.800662138083873,51.441458262609075,46.89806092930911
18.6,2.801119306607653,3.800374696736855,51.61209205133989,46.89806092930911
18.650000000000002,2.8003931725627025,3.7998756691504707,51.622871147285416,46.89806092930911
18.700000000000003,2.7995464562916963,3.799278945938301,51.97549615819179,46.89806092930911
18.75,2.798592372006478,3.798441934161226,52.111382867658726,46.89806092930911
18.8,2.797488027636986,3.797466386491471,51.954288521476585,46.89806092930911
18.85,2.796383876492188,3.7964148442122596,52.54487904964825,46.89806092930911
18.900000000000002,2.795197906969455,3.7952331373052317,52.55229703347004,46.89806092930911
18.950000000000003,2.7939835723627127,3.7940156137440226,52.26704587904819,46.89806092930911
19.0,2.792721279423125,3.7926321185385796,52.57685690092198,46.89806092930911
19.05,2.79146265714744,3.7912509761220767,52.663235603570456,46.89806092930911
19.1,2.790057459114463,3.789673805364604,52.78544513194176,46.89806092930911
19.150000000000002,2.7888486340865253,3.7881909712528863,52.800611692251316,46.89806092930911
19.200000000000003,2.787543803270008,3.7865821695451083,52.77838814484249,46.89806092930911
19.25,2.786007381144389,3.784679253935828,52.92516335676348,46.89806092930911
19.3,2.7846747417561537,3.7829012654620566,53.01892670111388,46.89806092930911
19.35,2.783328439980468,3.781018077640099,53.006442560726704,46.89806092930911
19.400000000000002,2.7820383694677098,3.779126287786963,53.112943284010434,46.89806092930911
19.450000000000003,2.7808077127292123,3.7772608832101793,53.46662565555706,46.89806092930911
19.5,2.7795162057815106,3.7752230912437112,53.69125298521892,46.89806092930911
19.55,2.778325143863088,3.773257934163484,53.887244926948,46.89806092930911
19.6,2.7771410870212003,3.7712005597657536,54.17476794984235,46.89806092930911
19.650000000000002,2.7760040002073194,3.7690935649924096,54.41149227278685,46.89806092930911
19.700000000000003,2.7749752748116867,3.7670647673199875,54.67136552648623,46.89806092930911
19.75,2.773985902700649,3.764932008111306,55.070398246524114,46.89806092930911
19.8,2.7729713628703547,3.7627686575060033,55.293298454836474,46.89806092930911
19.85,2.7720488909492778,3.7606312298968847,55.582818427367044,46.89806092930911
19.900000000000002,2.77109835349214,3.7583703241354187,55.955070678573335,46.89806092930911
19.950000000000003,2.770336914172288,3.7562270200204035,56.227108331310234,46.89806092930911
20.0,2.7696165604871985,3.754019242489021,56.72531511751581,46.89806092930911
20.05,2.7686457364300674,3.751552737598747,56.97993816892015,46.89806092930911
20.1,2.767963536030801,3.749291309312152,56.89304644574637,46.89806092930911
20.150000000000002,2.7671918130463706,3.7468965300230463,56.9322200217824,46.89806092930911
20.200000000000003,2.766385733391453,3.744459177406802,56.96580850430198,46.89806092930911
20.25,2.7657069581295497,3.742145998044444,57.1134587020975,46.89806092930911
20.3,2.764914688129521,3.7396351700560895,56.928887817058154,46.89806092930911
20.35,2.7641302841000313,3.7371569974889183,56.95332756774385,46.89806092930911
20.400000000000002,2.763252767092483,3.7345877419708025,57.610630522901474,46.89806092930911
20.450000000000003,2.762445226468008,3.731983627805274,57.33518535201466,46.89806092930911
20.5,2.7615878490849117,3.729395457432717,57.07989719385291,46.89806092930911
20.55,2.760657018341425,3.7266405800090645,57.50937795235693,46.89806092930911
20.6,2.75977424017272,3.7238872111987034,57.66963011421214,46.89806092930911
20.650000000000002,2.7588854569493644,3.721137551387732,57.926431744884425,46.89806092930911
20.700000000000003,2.7579623534791127,3.718258829887981,58.146289748599,46.89806092930911
20.75,2.757091159368841,3.7154218075003094,58.30530130675503,46.89806092930911
20.8,2.756160776868041,3.7125374007755982,58.36807852559408,46.89806092930911
20.85,2.755194408822134,3.7096208241157314,58.171532443377615,46.89806092930911
20.900000000000002,2.7545030897606413,3.706929217676701,58.22521312449724,46.89806092930911
20.950000000000003,2.7537107689945146,3.7041813015771954,58.14277638039119,46.89806092930911
21.0,2.7528810715172605,3.7014226771338072,58.06089339973699,46.89806092930911
21.05,2.752116985729839,3.6986549272753897,57.98831372490984,46.89806092930911
21.1,2.7513609533832857,3.695976648659574,57.88416923110778,46.89806092930911
21.150000000000002,2.7506172201781283,3.6932510785684345,58.180028533467926,46.89806092930911
21.200000000000003,2.7498905325883003,3.6905180163030775,57.84823532029896,46.89806092930911
21.25,2.7492183406644704,3.687996964307174,57.510501539969,46.89806092930911
21.3,2.74867045717118,3.685449612576241,58.095761380742054,46.89806092930911
21.35,2.7481303246921054,3.682945441586115,58.03794122180802,46.89806092930911
21.400000000000002,2.7476674092930287,3.6805921886818584,57.59016210179584,46.89806092930911
21.450000000000003,2.747302653433818,3.678176245235489,57.818142812109954,46.89806092930911
21.5,2.746938348506936,3.6758454566771586,57.98010101993171,46.89806092930911
21.55,2.74667011534663,3.6736104639537945,57.938554148175356,46.89806092930911
21.6,2.746485002781076,3.671324591753873,57.92193364616284,46.89806092930911
21.650000000000002,2.746355284561326,3.6691854969193756,57.827628445575066,46.89806092930911
21.700000000000003,2.746394635155901,3.6671703572210186,57.84865754222953,46.89806092930911
21.75,2.7462208637713426,3.6649708476383958,57.920600231333246,46.89806092930911
21.8,2.7461308638962234,3.6628751716053967,57.88896044293345,46.89806092930911
21.85,2.7464094292299626,3.661053339603102,57.69086212756693,46.89806092930911
21.900000000000002,2.7467387037918,3.6593099078221334,57.36439610282089,46.89806092930911
21.950000000000003,2.7468763457280567,3.6573993336895416,57.18644152104574,58.35728234481245
22.0,2.7471416067278334,3.6555822401332354,56.930480301050814,58.35728234481245
22.050000000000004,2.7473563927820535,3.6538326977522746,56.83640678337086,58.35728234481245
22.1,2.7476217366748865,3.6520167179674297,56.74580605095527,58.35728234481245
22.15,2.7480465400348857,3.6502970951324842,56.46511101659552,58.35728234481245
22.200000000000003,2.7483718170644496,3.6486533377680788,56.65214777020453,58.35728234481245
22.25,2.7487634517824944,3.646927819245803,56.60885789806571,58.35728234481245
22.300000000000004,2.7492538439909717,3.6452709510895778,56.096713531187326,58.35728234481245
22.35,2.7496915351080333,3.643700874637147,56.147498695096964,58.35728234481245
22.4,2.750252480820235,3.6421504972387932,56.06403833386533,58.35728234481245
22.450000000000003,2.7508679153629596,3.640626661822228,55.562811559140336,58.35728234481245
22.5,2.751456628118169,3.639202673711736,55.089713164604085,58.35728234481245
22.550000000000004,2.7521032833020564,3.637798462377686,54.74713007028739,58.35728234481245
22.6,2.7527560504234545,3.636343791559792,54.50896540802704,46.399637328140315
22.65,2.7532812500396453,3.6349364452176145,54.06486900663563,46.399637328140315
22.700000000000003,2.7538029745368475,3.6335063632824904,53.65771380349064,46.399637328140315
22.75,2.754282269863918,3.632013665315019,53.53598047282933,46.399637328140315
22.800000000000004,2.754554831420477,3.6304726983227575,53.32763245485063,46.399637328140315
22.85,2.754839657547986,3.6289391098483437,53.10713821787301,46.399637328140315
22.9,2.7552575775468267,3.6275672587588357,52.95975732873473,46.399637328140315
22.950000000000003,2.7554808407045734,3.626068801462408,52.6939370993977,46.399637328140315
23.0,2.755607843192607,3.624495356272777,52.67881075595436,46.399637328140315
23.050000000000004,2.755862550514427,3.6231342689522856,52.29040912924228,46.399637328140315
23.1,2.756173723115159,3.6218136525851863,51.82710881500144,46.399637328140315
23.15,2.7563906488208763,3.620379704505935,51.812509136205605,46.399637328140315
23.200000000000003,2.7566131445178077,3.6190468624844416,51.38372211670185,46.399637328140315
23.25,2.7568827881195554,3.617823342659229,51.395622491528464,46.399637328140315
23.300000000000004,2.7570961862289955,3.6164526172225937,51.76412595202488,46.399637328140315
23.35,2.7573688647061987,3.615185276530281,50.812394052058345,46.399637328140315
23.4,2.757534595788225,3.61394929850713,50.20507775629301,46.399637328140315
23.450000000000003,2.7576613876515608,3.612735854570738,51.16897860003223,46.399637328140315
23.5,2.7577928108390424,3.6115259735164984,51.16752867208616,46.399637328140315
23.550000000000004,2.757846518601779,3.6103903968583877,50.47242923467153,46.399637328140315
23.6,2.757744092545734,3.609298664287618,50.89164348010235,46.399637328140315
23.65,2.7576535563677287,3.60810616312026,50.69108997596594,46.399637328140315
23.700000000000003,2.7574338276895696,3.606962352706026,50.331102749655095,46.399637328140315
23.75,2.7571175807692616,3.605897568962418,50.68926327126281,46.399637328140315
23.800000000000004,2.7567758887322653,3.604792471052329,50.65803405589567,46.399637328140315
23.85,2.756214489556303,3.603579164635826,50.64176662817972,46.399637328140315
23.9,2.75575828476072,3.6026071188904036,50.69644824667641,46.399637328140315
23.950000000000003,2.7554304345991922,3.6016980044639575,50.783126667870185,46.399637328140315
24.0,2.754627121068238,3.600516964674587,51.03414270100671,46.399637328140315
24.050000000000004,2.753606360382682,3.5992641108687624,51.18756563694339,46.399637328140315
24.1,2.7528278188717277,3.598177164733748,51.38837224921068,46.399637328140315
24.15,2.751936988261091,3.597108518264335,51.5141633071039,46.399637328140315
24.200000000000003,2.7510048236717277,3.5961447280565544,51.59272092797905,46.399637328140315
24.25,2.750091083381351,3.595134806976107,51.788406056501124,46.399637328140315
24.300000000000004,2.7490398219306593,3.5941235249457186,52.223128581744504,46.399637328140315
24.35,2.7480594279622483,3.5933396849051564,52.60317216941384,46.399637328140315
24.4,2.7470972726188734,3.5925265728015208,52.80255452069252,46.399637328140315
24.450000000000003,2.7460543486476627,3.5917130644908104,53.013626283258695,46.399637328140315
24.5,2.7448764483918,3.590906659027174,53.100803961348504,46.399637328140315
24.550000000000004,2.7437624477100266,3.590240769819944,53.36797025723551,46.399637328140315
24.6,2.7425300834548443,3.5894900719919662,53.73680235389864,46.399637328140315
24.65,2.74138786939523,3.588811415710185,53.91650871713095,46.399637328140315
24.700000000000003,2.740195005179202,3.5882289702038617,53.996868309772346,46.399637328140315
24.75,2.739000385043931,3.5877573288407376,54.092150125685,46.399637328140315
24.800000000000004,2.7379721794640255,3.587397510356545,54.17932145436495,46.399637328140315
24.85,2.737041172708493,3.587131098143913,54.45055886033659,46.399637328140315
24.9,2.7361250298630133,3.5870454828978207,54.574057202059734,46.399637328140315
24.950000000000003,2.7352287382153375,3.5870497755245374,54.73737179452368,46.399637328140315
25.0,2.73438497925929,3.587027579188583,55.017028847654565,46.399637328140315
25.050000000000004,2.7334993749649703,3.587116228710151,54.87779895070313,46.399637328140315
25.1,2.7325288633386506,3.5871771817903095,54.7974808725007,46.399637328140315
25.15,2.731807998121009,3.587408531121251,54.93516921949824,46.399637328140315
25.200000000000003,2.731134845102221,3.5877064608749616,55.15283314984073,46.399637328140315
25.25,2.730029352552441,3.5877602311033434,55.285952046357025,46.399637328140315
25.300000000000004,2.728897929358945,3.5877765088023463,55.23035628481803,46.399637328140315
25.35,2.7280726760586886,3.5879992676504466,55.53852181264892,46.399637328140315
25.4,2.7271855400695975,3.588369732141514,55.97522055931743,46.399637328140315
25.450000000000003,2.7263480751989064,3.588724671261137,55.78604975051022,46.399637328140315
25.5,2.7256558690454313,3.5891530599372317,56.17880225550348,46.399637328140315
25.550000000000004,2.7249490420532876,3.589689694829209,56.53559693228123,46.399637328140315
25.6,2.7242373019121815,3.5903763626719236,56.280852037279935,46.399637328140315
25.65,2.7235139957968335,3.5909017654488644,56.73149226137953,46.399637328140315
25.700000000000003,2.7229127428665936,3.5915872802885396,56.980928671331895,46.399637328140315
25.75,2.7224554588993732,3.5924846001572766,56.46734500085504,46.399637328140315
25.800000000000004,2.722138301304695,3.5935358574647793,56.6449399657156,46.399637328140315
25.85,2.7216417511842024,3.5944219684856304,57.4984253644638,46.399637328140315
25.9,2.721242233921426,3.5954337176422144,56.787929715989094,46.399637328140315
25.950000000000003,2.7209511525588446,3.5964637698328117,55.42595988299667,46.399637328140315
26.0,2.7207790940962915,3.5976106301394553,55.56208731173768,46.399637328140315
26.050000000000004,2.720499802576641,3.598797413588558,55.7037148151791,46.399637328140315
26.1,2.7202657761658346,3.599762797191046,55.06267066454239,46.399637328140315
26.15,2.7201278631970247,3.600862494697499,54.93495856159783,46.399637328140315
26.200000000000003,2.7199231785813813,3.6020508091867645,54.8578756429493,46.399637328140315
26.25,2.7197713599668227,3.603185418125227,54.45396436608127,46.399637328140315
26.300000000000004,2.71963476829435,3.6042109772837665,54.37734665202929,46.399637328140315
26.35,2.71947696851301,3.6053241743037967,54.315748156076076,46.399637328140315
26.4,2.7193200133507354,3.6064610471890908,54.02751608865862,46.399637328140315
26.450000000000003,2.719214054341285,3.607587925414437,54.02019153702853,46.399637328140315
26.5,2.7189894480661274,3.60861644520503,53.76260324869503,46.399637328140315
26.550000000000004,2.7185960780835394,3.609537886870495,53.21973243584714,46.399637328140315
26.6,2.718434148016879,3.6106248115434636,53.19156651551084,46.399637328140315
26.65,2.718296606937733,3.6117307954139104,53.343537952356996,46.399637328140315
26.700000000000003,2.718030227085353,3.6126896281054117,53.170810935948836,46.399637328140315
26.75,2.717668587396934,3.6136795722572894,52.992943246672134,46.399637328140315
26.800000000000004,2.7173740428924327,3.6146698413755747,53.023365531256,46.399637328140315
26.85,2.717000420002356,3.6155103154580712,53.15382152595142,46.399637328140315
26.9,2.716616105600495,3.616335734448954,52.94338122271116,57.99305647022696
26.950000000000003,2.7161990566550442,3.617298772461097,53.1882911614542,57.99305647022696
27.0,2.715863643862746,3.6182300914130905,53.36400425317296,57.99305647022696
27.050000000000004,2.7154809338132475,3.6189696798774458,53.26847856195066,57.99305647022696
27.1,2.715028772681556,3.619794061767332,53.803685834938086,57.99305647022696
27.15,2.714750001151461,3.6208609213348297,53.72274787645288,57.99305647022696
27.200000000000003,2.7143654140240545,3.6217256451268183,53.530768354221195,57.99305647022696
27.25,2.713929904208686,3.6225065098107487,54.27264132879819,57.99305647022696
27.300000000000004,2.713714142989229,3.623526359712157,55.04813867876335,57.99305647022696
27.35,2.7136125549721153,3.6245952348061143,54.4666546013274,57.99305647022696
27.4,2.713564962700615,3.625705566465448,53.762672614202934,57.99305647022696
27.450000000000003,2.7134643907172755,3.6268773412095268,54.01514562952889,45.37829128588926
27.5,2.713252826780578,3.627816450780419,53.98370200480663,45.37829128588926
27.550000000000004,2.7131072180686284,3.6287502697444425,53.45807527543858,45.37829128588926
27.6,2.71311873132667,3.6298961318722656,53.39376978721544,45.37829128588926
27.65,2.7132175852670413,3.631231269646305,53.16290365793549,45.37829128588926
27.700000000000003,2.71313792985394,3.632234231662648,52.725176725949986,45.37829128588926
27.75,2.7130696425200083,3.6331594219482994,52.56745030867618,45.37829128588926
27.800000000000004,2.7130738271234742,3.634303538251301,52.34303443975671,45.37829128588926
27.85,2.7129425171307346,3.635338430269573,52.085025183672464,45.37829128588926
27.9,2.712841765297411,3.636343129415871,51.93764475460541,45.37829128588926
27.950000000000003,2.712947495356389,3.637491566486615,51.93403434989185,45.37829128588926
28.0,2.7128136365393325,3.6384839325289406,51.66690689200311,45.37829128588926
28.050000000000004,2.712467233377339,3.6393076599247856,51.5090434019577,45.37829128588926
28.1,2.712471153149891,3.6403932940254244,51.50903032201444,45.37829128588926
28.15,2.71282654501861,3.6417413963955063,51.38183265892732,45.37829128588926
28.200000000000003,2.7128768702307857,3.6428607706269687,51.31568008062778,45.37829128588926
28.25,2.7127365143685895,3.6438430328855995,51.34675951707442,45.37829128588926
28.300000000000004,2.7127194711591103,3.6449157402197985,51.139826070125594,45.37829128588926
28.35,2.7125504849894924,3.6458210032839333,51.17126482846178,45.37829128588926
28.400000000000006,2.712249239338206,3.646620502311476,51.32682415663508,45.37829128588926
28.450000000000003,2.7120152506165494,3.6476279705687786,51.415795242207686,45.37829128588926
28.5,2.7117382597410167,3.648534960638334,51.038895683945626,45.37829128588926
28.550000000000004,2.711468784825444,3.649271907657389,50.76615588523375,45.37829128588926
28.6,2.711268958446646,3.650122914303112,51.022182464656005,45.37829128588926
28.650000000000006,2.7111127481884227,3.651090085318721,50.75800047299123,45.37829128588926
28.700000000000003,2.7107317506816955,3.65193718067544,50.467982553161725,45.37829128588926
28.75,2.710497924270888,3.652716017068474,50.69928389411321,45.37829128588926
28.800000000000004,2.7102151803406187,3.6534848722446407,50.67640486765684,45.37829128588926
28.85,2.7097680134007263,3.65417546851371,49.8012838262193,45.37829128588926
28.900000000000006,2.7092739749321453,3.6548227326913554,49.586275627830204,45.37829128588926
28.950000000000003,2.7086412620620686,3.6553423594322187,50.39910493940263,45.37829128588926
29.0,2.7078709644803043,3.6558411413171084,50.74402969245703,45.37829128588926
29.050000000000004,2.707101218620337,3.656296686108042,50.236582914116184,45.37829128588926
29.1,2.7063885273867387,3.656645559376836,50.1067081157527,45.37829128588926
29.150000000000006,2.705726288981027,3.657161444614037,50.3871716589165,45.37829128588926
29.200000000000003,2.704898595709136,3.6576292176940695,50.3581015813389,45.37829128588926
29.25,2.704010612076553,3.6580775753022223,50.296287077837356,45.37829128588926
29.300000000000004,2.7031415093843263,3.6583584495383334,50.78779913216546,45.37829128588926
29.35,2.70228201256905,3.658647878380628,50.94263466484807,45.37829128588926
29.400000000000006,2.7013882592178313,3.659045584827934,50.72103602185036,45.37829128588926
29.450000000000003,2.7005042450796135,3.659458654822048,51.06916065339915,45.37829128588926
29.5,2.69949329746633,3.6596786643137222,51.48393748235257,45.37829128588926
29.550000000000004,2.69845389379687,3.6598702576905717,51.7091726788947,45.37829128588926
29.6,2.6974312905642237,3.6600521706327864,51.61683384656228,45.37829128588926
29.650000000000006,2.696337844076106,3.6602488039375607,51.47085039341205,45.37829128588926
29.700000000000003,2.6950760019034052,3.660286713243854,51.687660779914005,45.37829128588926
29.75,2.693584347363831,3.660156854342347,51.93483198387503,45.37829128588926
29.800000000000004,2.692439733051002,3.660283877519043,51.85351876660998,45.37829128588926
29.85,2.6910953918562317,3.6602653267620084,52.00369663882747,45.37829128588926
29.900000000000006,2.6895024201667512,3.6600655901098054,52.45685836362789,45.37829128588926
29.950000000000003,2.687858424410285,3.6598299990064422,52.747044392310976,45.37829128588926
30.0,2.6862698707124046,3.6596238845224316,52.990053030322635,45.37829128588926
30.050000000000004,2.6845447092278474,3.6592392350394385,52.944189077656105,45.37829128588926
30.1,2.6829478032209053,3.6591092824119302,52.78033510535579,45.37829128588926
30.150000000000006,2.6814726338744315,3.6590441758417436,53.22396685778959,45.37829128588926
30.200000000000003,2.6800158317013123,3.658924298447016,53.571597845778186,45.37829128588926
30.25,2.6784757693468335,3.6586050586705707,53.37163299394526,45.37829128588926
30.300000000000004,2.677076349290208,3.6585221219818793,53.6041075836597,45.37829128588926
30.35,2.675916850458134,3.65869528543482,54.32448131869512,45.37829128588926
30.400000000000006,2.6747372412676462,3.658866795068687,54.31821570401736,45.37829128588926
30.450000000000003,2.673512199123624,3.658798619516353,54.06806545554242,45.37829128588926
30.5,2.672380324990198,3.658830091632032,54.8545546330065,45.37829128588926
30.550000000000004,2.6712636707137927,3.658930002189548,55.53485759185079,45.37829128588926
30.6,2.6702818494634886,3.6591639857278295,54.27140676180653,45.37829128588926
30.650000000000006,2.669242965436169,3.659289180477633,53.09595163329277,45.37829128588926
30.700000000000003,2.6685665735090716,3.659690648134909,54.24694698858999,45.37829128588926
30.75,2.667751296667966,3.6600379105524494,55.33072654371331,45.37829128588926
30.800000000000004,2.6671729635677015,3.6605139874601433,54.5705328736242,45.37829128588926
30.85,2.6666544085382347,3.6609432111878943,54.11400882235528,45.37829128588926
30.900000000000006,2.6661774476647992,3.661483113314769,54.531047683061935,45.37829128588926
30.950000000000003,2.6657773521161725,3.6621484000335323,54.29123673919495,45.37829128588926
31.0,2.6655331670466933,3.6629923119603527,53.66227511032362,45.37829128588926
31.050000000000004,2.6652987499580063,3.6636212098768968,53.839125857163175,45.37829128588926
31.1,2.664985417409875,3.6641724103567714,53.30598301893136,45.37829128588926
31.150000000000006,2.6647705602320255,3.664907291999043,52.69769619106555,45.37829128588926
31.200000000000003,2.664621997584281,3.665808301280833,52.894346198669744,45.37829128588926
31.25,2.664366302872329,3.666516644102782,52.66851413695525,45.37829128588926
31.300000000000004,2.6639766484727345,3.6671103959757194,52.39899871271943,45.37829128588926
31.35,2.663838692686408,3.6678342854763297,52.09077519193796,45.37829128588926
31.400000000000006,2.6637611513942137,3.6686701733544185,52.30681693410945,45.37829128588926
31.450000000000003,2.6634854976911932,3.6694120649638964,52.30739013886374,45.37829128588926
31.5,2.6631966438352572,3.6700948403262723,51.97401169521586,56.35503012336166
31.550000000000004,2.663292301821254,3.671028268512668,52.013234113322774,56.35503012336166
31.6,2.663457743656605,3.6720130145069767,52.0429487501179,56.35503012336166
31.650000000000006,2.663298217803853,3.672762748709857,51.88090757960687,56.35503012336166
31.700000000000003,2.6629926979466463,3.673407438657732,51.73931467622353,56.35503012336166
31.75,2.6630295759995137,3.6743011343259018,51.92026397342896,56.35503012336166
31.800000000000004,2.6632677067187798,3.6753303217829463,51.97225080651408,56.35503012336166
31.85,2.663220494437316,3.676127204235465,51.73201344685021,56.35503012336166
31.900000000000006,2.66332286419927,3.6769704535028533,51.35040088378299,56.35503012336166
31.950000000000003,2.663571257147878,3.678077261721633,51.31943419921561,56.35503012336166
32.0,2.663840288502369,3.6791431401023957,51.41751127188456,45.344656207427484
32.050000000000004,2.6639844908193973,3.6800988204233835,51.23133061021305,45.344656207427484
32.1,2.6642676416278137,3.681041536886263,50.66104917940066,45.344656207427484
32.150000000000006,2.664752711550059,3.68217836851512,50.523870362495835,45.344656207427484
32.2,2.665259082068206,3.6834032265816945,50.69627313920245,45.344656207427484
32.25,2.665612103770299,3.684614129299252,50.44297913109981,45.344656207427484
32.300000000000004,2.665973073407228,3.6857531717572707,50.32620009934439,45.344656207427484
32.35,2.666391527325788,3.6867603495575243,50.17063424200357,45.344656207427484
32.400000000000006,2.6668428032588793,3.6878797773234857,50.053005395343106,45.344656207427484
32.45,2.6672410781306817,3.689007695896289,49.84844705050045,45.344656207427484
32.5,2.667600586601513,3.690166222269815,49.52545055454618,45.344656207427484
32.550000000000004,2.667806583024114,3.6911433544151047,49.27688101826567,45.344656207427484
32.6,2.668141924120613,3.6921951502057198,49.068171963171764,45.344656207427484
32.650000000000006,2.6681459390782685,3.6930122099367155,49.020600957159004,45.344656207427484
32.7,2.6680823986329933,3.6937837141347774,48.87645675298331,45.344656207427484
32.75,2.667997521892889,3.694488882955309,48.73185139398674,45.344656207427484
32.800000000000004,2.6677722745823087,3.6950790690449273,48.484459091131086,45.344656207427484
32.85,2.6672853618441428,3.695514651685702,48.424532836087785,45.344656207427484
32.900000000000006,2.6667989731388695,3.6960183943754106,48.43552134929051,45.344656207427484
32.95,2.666080306789484,3.6964214621486926,48.18151498431003,45.344656207427484
33.0,2.665270303660398,3.6965617332902414,48.13942104344523,45.344656207427484
33.050000000000004,2.664486033844056,3.6966706348748,48.42965440501275,45.344656207427484
33.1,2.6635063968265897,3.6967373324732105,48.90673809247366,45.344656207427484
33.150000000000006,2.662231012806436,3.696653231781361,48.89458695260852,45.344656207427484
33.2,2.6606454015262324,3.6964180340299984,48.66509778468115,45.344656207427484
33.25,2.6590651174931703,3.696059067713404,48.91612200039355,45.344656207427484
33.300000000000004,2.657669365595518,3.6958343531168247,49.469841211416174,45.344656207427484
33.35,2.656076345322101,3.6953755619557005,49.51888746090394,45.344656207427484
33.400000000000006,2.654576970147287,3.6950891234590757,49.333669635715395,45.344656207427484
33.45,2.6530584805044732,3.6948644091603637,49.58712481870887,45.344656207427484
33.5,2.6516803640735462,3.694658127591082,49.70211519030646,45.344656207427484
33.550000000000004,2.6501792389706726,3.694348585522147,49.75536407210268,45.344656207427484
33.6,2.64887738830295,3.6941805573606223,49.804903276509926,45.344656207427484
33.650000000000006,2.647944956480094,3.6942786549234587,49.92610858204369,45.344656207427484
33.7,2.646912527041053,3.69430622318288,50.18157304323895,45.344656207427484
33.75,2.645526523811622,3.694081759188156,50.375332592493095,45.344656207427484
33.800000000000004,2.644250038876073,3.693937118629298,50.35605449586916,45.344656207427484
33.85,2.6433487471831465,3.694040900429195,50.34039993267848,45.344656207427484
33.900000000000006,2.64255597197391,3.6942159890872626,50.460119787924114,45.344656207427484
33.95,2.6415877561384673,3.6941832795105563,50.544125275225994,45.344656207427484
34.0,2.6408496719354018,3.6944662876777743,50.469326888776955,45.344656207427484
34.050000000000004,2.6402837465923374,3.6948443676780363,50.5044741766738,45.344656207427484
34.1,2.63947578467948,3.6950255309402107,50.70257660853719,45.344656207427484
34.150000000000006,2.6387555252738464,3.695270376621796,50.51967347837828,45.344656207427484
34.2,2.638082605956496,3.695405710876637,50.57428329511784,45.344656207427484
34.25,2.6373295034504713,3.6955932263420705,50.79346537520072,45.344656207427484
34.300000000000004,2.6364619857501728,3.6957642860653075,50.39166588633021,45.344656207427484
34.35,2.6355212279707767,3.6959540657382957,50.25180504796203,45.344656207427484
34.400000000000006,2.634610568635332,3.6961152158943693,50.68805005617751,45.344656207427484
34.45,2.6334595947122956,3.695913767506795,50.87019128305721,45.344656207427484
34.5,2.632366858797271,3.6957921964072895,50.565475901483914,45.344656207427484
34.550000000000004,2.631167763203462,3.695688417575951,,45.344656207427484
34.6,2.629874213482599,3.6955216409594582,,45.344656207427484
34.650000000000006,2.6284813509702643,3.695389343246263,,45.344656207427484
34.7,2.627005979318137,3.6950617264940253,,45.344656207427484
34.75,2.62552867147202,3.6947327784682984,,45.344656207427484
34.800000000000004,2.6237659275281944,3.694189868811211,,45.344656207427484
34.85,2.622160017702542,3.6938054922079884,,45.344656207427484
34.900000000000006,2.6209441591682348,3.693699475881414,,45.344656207427484
34.95,2.6196599014864135,3.693467036162415,,45.344656207427484
35.0,2.618357124532392,3.6932703891547565,,45.344656207427484
