name,cx,cy,height,width,lean,radius,numerical_rank,five_vectors_worst_percent,full_basis_max_absolute_L2_error,root_basis_worst_relative_error,root_vector_1_cosine,root_vector_2_cosine,root_vector_3_cosine,root_vector_4_cosine,root_vector_5_cosine
root,14.0,14.0,19.75,3.2,0.0,0.1,9,1.1814255921178678,5.162038084366242e-15,5.162038079045175e-14,1.0000000000000004,0.9999999999999994,1.0000000000000004,1.0,0.9999999999999999
root,14.0,14.0,19.75,3.2,0.0,0.01,9,0.11878087606697545,5.285650962842276e-15,5.285650979584097e-13,1.0000000000000004,0.9999999999999996,1.0000000000000004,0.9999999999999997,0.9999999999999993
root,14.0,14.0,19.75,3.2,0.0,0.001,9,0.011884379571882634,2.746599687588737e-15,2.7465995665969757e-12,1.0000000000000004,1.0,0.9999999999999998,1.0000000000000004,1.0000000000000002
right_0p3,14.3,14.0,19.75,3.2,0.0,0.1,9,1.1632431903263711,5.35389871822204e-15,5.4582049339343566e-14,0.999999880230475,0.9999997127359026,0.9999867661373879,0.975127511846451,0.970275787256724
right_0p3,14.3,14.0,19.75,3.2,0.0,0.01,9,0.11625665963765106,5.9061083783533715e-15,4.418398905415223e-12,0.9999998786229625,0.999999700542236,0.9999866685103616,0.9751222397204511,0.9702462070831919
right_0p3,14.3,14.0,19.75,3.2,0.0,0.001,9,0.011624808512749149,5.487751851257781e-15,3.65332915732086e-10,0.9999998784524189,0.9999996992885303,0.9999866583083725,0.9751212359424828,0.9702412780076917
down_0p3,14.0,14.3,19.75,3.2,0.0,0.1,9,1.2813762151631098,4.3714663119849814e-15,0.6743821154780738,0.9895126807977407,0.9965516662250955,0.9967216294133288,0.4456121480627437,0.5533906550347606
down_0p3,14.0,14.3,19.75,3.2,0.0,0.01,9,0.12781949881216076,5.051433455492514e-15,0.6744551467672585,0.9895129379874856,0.99655168770565,0.9967230036374058,0.4467023129334288,0.5523031979188281
down_0p3,14.0,14.3,19.75,3.2,0.0,0.001,9,0.012783135388404367,3.783093179143906e-15,0.6744674468936747,0.9895129619739054,0.9965516873847584,0.9967231362005587,0.44681140735736474,0.5521943611662797
height_20p1,14.0,14.0,20.1,3.2,0.0,0.1,9,1.2442344962656062,5.783134639009145e-15,0.6879201762572197,0.9978068650760619,0.9991638680170392,0.99914282084021,3.870952519355805e-06,3.310754020147697e-05
height_20p1,14.0,14.0,20.1,3.2,0.0,0.01,9,0.12396906468083796,6.0037474205220645e-15,0.6880543352561317,0.9978069842976213,0.9991643996456006,0.9991416596427152,3.869940034001554e-06,3.327944943131271e-05
height_20p1,14.0,14.0,20.1,3.2,0.0,0.001,9,0.012396483409237491,5.640895435402809e-15,0.6880727286935733,0.9978069785913227,0.9991644457593851,0.9991415258121497,3.869643891956097e-06,3.3297018230103045e-05
width_2p2,14.0,14.0,19.75,2.2,0.0,0.1,9,1.3205319717557498,5.566938512722865e-15,1.542636006481249e-13,0.9999995032230624,0.999989690509881,0.9999968323553324,0.9044112865071763,0.9102635389932643
width_2p2,14.0,14.0,19.75,2.2,0.0,0.01,9,0.1330536828546044,6.111757822575395e-15,1.4713945434034646e-11,0.9999995038555328,0.9999897180445523,0.9999968542322795,0.9044247333291142,0.910220528920968
width_2p2,14.0,14.0,19.75,2.2,0.0,0.001,9,0.013315298713234574,5.644930476487189e-15,1.5623957240993798e-09,0.999999503923081,0.9999897206673243,0.9999968564428465,0.9044257386475034,0.910215862897052
width_4p2,14.0,14.0,19.75,4.2,0.0,0.1,9,0.9288192063497671,5.166428199789494e-15,0.9999999502547204,7.123839680202315e-06,0.0012357373482074553,2.3570498408927837e-06,0.967667675110173,0.9496132985929235
width_4p2,14.0,14.0,19.75,4.2,0.0,0.01,9,0.09330709221955588,5.568832952429109e-15,0.9999999502542233,7.0680026196336164e-06,0.001237203939403841,2.291048217453463e-06,0.9676732232859493,0.9495479066190518
width_4p2,14.0,14.0,19.75,4.2,0.0,0.001,9,0.009334921393834744,5.710850029343342e-15,0.9999999502541959,7.062418866718336e-06,0.0012373466240349132,2.284515453361533e-06,0.967674018423387,0.9495415578239845
lean_minus7,14.0,14.0,19.75,3.2,-7.0,0.1,15,4.06356352931434,4.969103923924124e-15,0.9835860353020647,0.08194313451067503,0.42318120168037265,0.41939869935152135,0.7204543385001975,0.7273735982851343
lean_minus7,14.0,14.0,19.75,3.2,-7.0,0.01,11,0.2632098020133306,5.7318014922322345e-15,0.9831873179713068,0.08131416577447621,0.42207770087264684,0.418249373484346,0.7204572371391791,0.7274229446591596
lean_minus7,14.0,14.0,19.75,3.2,-7.0,0.001,9,0.21025889244484486,4.429043170242235e-15,0.9831909578183068,0.08131184744447434,0.4220695665614407,0.41824101290393423,0.7204531503047212,0.7274227753273608
lean_12p5,14.0,14.0,19.75,3.2,12.5,0.1,17,3.7784255080873916,4.632751053560973e-15,0.9841963232342531,0.20327862805040073,0.2404222282495843,0.23057336378411458,0.3614831983878144,0.2059243094980145
lean_12p5,14.0,14.0,19.75,3.2,12.5,0.01,11,1.48271889580534,5.343238244387514e-15,0.9843515191026568,0.2032623350760247,0.23979132741502074,0.22998261436512246,0.3613826331076079,0.20601159833421193
lean_12p5,14.0,14.0,19.75,3.2,12.5,0.001,9,0.38757529778517147,5.467335032466983e-15,0.9843621590160935,0.20326552548869573,0.23952877373216136,0.2297765099325454,0.3613911844417074,0.2057325087536565
lean_30,14.0,14.0,19.75,3.2,30.0,0.1,33,3.6918585994919497,6.557871923928477e-15,0.9999914952815995,0.09008573829310111,0.194639463966151,0.0004281908334128892,1.5170280076630845e-05,0.001546572657397389
lean_30,14.0,14.0,19.75,3.2,30.0,0.01,13,1.4691144214947227,4.954359509135523e-15,0.9999823205537213,0.09168361434644232,0.19800341301343719,4.727043550639687e-05,1.560967158195302e-05,0.0016919493353212542
lean_30,14.0,14.0,19.75,3.2,30.0,0.001,9,1.0148339941112028,1.495171591710921e-14,0.9999822598868534,0.09194386196418114,0.19867499959030338,4.740148645884096e-05,1.5770332148208534e-05,0.0016978742199352903
spread_01,14.651641063392162,14.86070129647851,19.845954217016697,2.8313581013679503,12.420367661863565,0.1,20,4.764136345685556,5.834975082551268e-15,0.9920608306586699,0.2396673408526129,0.2922917873402263,0.20555327502841045,0.07434350612042753,0.05756371155569364
spread_01,14.651641063392162,14.86070129647851,19.845954217016697,2.8313581013679503,12.420367661863565,0.01,14,1.0257493312645833,4.00521756200193e-15,0.9922788212889674,0.23917672071632734,0.2915922747316738,0.20559390091483426,0.07421783273386097,0.058115725322905834
spread_01,14.651641063392162,14.86070129647851,19.845954217016697,2.8313581013679503,12.420367661863565,0.001,9,0.3705058548499383,4.764401275372995e-15,0.992316853718881,0.24018008865895255,0.29230974376805513,0.20618113824419051,0.07478427514318071,0.05867429477570764
spread_02,14.319654080271722,14.458282725512982,19.613157633319496,3.2443996477127075,30.47140932828188,0.1,32,3.277780223267363,5.865060244689126e-15,0.9999871992760053,0.0877660608293962,0.1958546607086105,0.00018299199626003668,1.1604354485810083e-05,0.0011159469297366469
spread_02,14.319654080271722,14.458282725512982,19.613157633319496,3.2443996477127075,30.47140932828188,0.01,13,1.280190037121165,7.255604529282726e-15,0.999986183647289,0.08841478527931224,0.196122872838205,0.0017625727181032544,1.1221817416372626e-05,0.0011124970727950036
spread_02,14.319654080271722,14.458282725512982,19.613157633319496,3.2443996477127075,30.47140932828188,0.001,9,0.014042744948930928,1.0557728771649497e-14,0.9999861975399027,0.0887555661821722,0.19605802062510053,0.0017432816757214711,1.0633997833165356e-05,0.0010826971827883815
spread_03,14.144182012975216,14.543817611038685,20.125158774480223,2.4142609736323357,20.35931628569961,0.1,25,4.225676854509786,6.322253860579627e-15,0.9971340523399529,0.23889176147511226,0.29229172421076327,0.0003183252607912631,0.02757146700674025,0.0017897198344435194
spread_03,14.144182012975216,14.543817611038685,20.125158774480223,2.4142609736323357,20.35931628569961,0.01,13,1.545159548954185,7.489529968277828e-15,0.9971630185236298,0.237731110217776,0.2913071539485032,0.0003412387061863608,0.02710327866150302,0.0026093146712170157
spread_03,14.144182012975216,14.543817611038685,20.125158774480223,2.4142609736323357,20.35931628569961,0.001,10,1.3792783413082126,8.109027856717259e-15,0.9971633384467287,0.23771568236401894,0.29130890515469365,0.0003366889602249446,0.027103667129746243,0.002610173950244373
spread_04,14.877917650341988,14.149409998208284,19.331610863655804,4.241184279620647,2.273671910166742,0.1,13,11.039058578379821,5.397481937702542e-15,0.9863420074772182,0.3173613263788485,0.41343400766127647,0.40840555270088996,0.8456962083343619,0.8284565843296189
spread_04,14.877917650341988,14.149409998208284,19.331610863655804,4.241184279620647,2.273671910166742,0.01,12,1.559588663097902,5.312639305972731e-15,0.9868652835226593,0.3141125098800664,0.40385359177818314,0.41078828028087955,0.8456962615107495,0.8286097458142883
spread_04,14.877917650341988,14.149409998208284,19.331610863655804,4.241184279620647,2.273671910166742,0.001,10,0.3574716220736878,5.304486525655482e-15,0.9869966151094896,0.3136429321995393,0.4040731673963367,0.4098984408106556,0.8456867735977032,0.8286102500340211
spread_05,14.783413652330637,14.681050959974527,19.586524522677063,3.9048452419042583,-4.2860687114298335,0.1,15,5.521427265503416,4.826215260939919e-15,0.9893780542255322,0.24093560532552738,0.3217008089716572,0.30335906278822283,0.43598921915012356,0.5341068595778017
spread_05,14.783413652330637,14.681050959974527,19.586524522677063,3.9048452419042583,-4.2860687114298335,0.01,12,0.8265246595449021,5.92545980168381e-15,0.9893904290397254,0.23488051097522342,0.31905492593760576,0.3000437979240138,0.4344527034632841,0.5355150867530006
spread_05,14.783413652330637,14.681050959974527,19.586524522677063,3.9048452419042583,-4.2860687114298335,0.001,9,0.0116222329660038,4.549579508540301e-15,0.98939211426545,0.23485555417009096,0.31880855920592127,0.30027449734966827,0.43446077077666484,0.5355012426378328
spread_06,14.239030431956053,14.275458668172359,19.954327039420605,2.0821988028287888,13.627814307808876,0.1,20,5.108094062385509,5.659504436072305e-15,0.9909059214661629,0.13104480816480227,0.2955975587251455,0.15355964822959986,0.06455834024287417,0.053288574948535006
spread_06,14.239030431956053,14.275458668172359,19.954327039420605,2.0821988028287888,13.627814307808876,0.01,14,1.9228310620286693,5.140368913159706e-15,0.9908029476786302,0.13064503501616895,0.2954572620386706,0.15371892852420815,0.06418901071639448,0.053407559644965526
spread_06,14.239030431956053,14.275458668172359,19.954327039420605,2.0821988028287888,13.627814307808876,0.001,9,0.012630865922666547,6.103970931631082e-15,0.9907993593168251,0.12979437201702665,0.29474555045750084,0.15382401868739184,0.06421918840705601,0.05338629016962047
spread_07,14.41274659410119,14.714143289625644,19.26866649016738,3.5095590272545816,21.525059375911955,0.1,26,3.338999807243928,4.781666921384697e-15,0.9959471145784639,0.17644638648489228,0.2469242247737773,0.0026462303166748763,0.04961265770124794,0.008656635547178231
spread_07,14.41274659410119,14.714143289625644,19.26866649016738,3.5095590272545816,21.525059375911955,0.01,12,1.2655854830786228,4.701740681466212e-15,0.996025630633517,0.17435597001591402,0.2459367865532672,0.0028357004803585767,0.04907559093514148,0.008607742428575194
spread_07,14.41274659410119,14.714143289625644,19.26866649016738,3.5095590272545816,21.525059375911955,0.001,9,0.010171621728215265,4.887244516026638e-15,0.996025787982685,0.1742652439442344,0.24561600266885003,0.0028715097877653937,0.0490678783550492,0.008589216057644398
spread_08,14.55889068171382,14.316561765223742,20.274527498707176,3.092172521650791,3.575475014746191,0.1,12,5.4913590438971145,5.6239961398434314e-15,0.9779236578729196,0.47651969231128904,0.441351791437496,0.4453938793725675,0.36733380786200587,0.36222888619852156
spread_08,14.55889068171382,14.316561765223742,20.274527498707176,3.092172521650791,3.575475014746191,0.01,12,0.7947863934287298,4.992682504245404e-15,0.978140691752181,0.4765219114674924,0.44006577610776454,0.4438895162162283,0.3672187929491424,0.3623014264806155
spread_08,14.55889068171382,14.316561765223742,20.274527498707176,3.092172521650791,3.575475014746191,0.001,9,0.012020764037419565,4.674362997359166e-15,0.9781396492165595,0.47652116059695865,0.44041552611213775,0.44424560182493705,0.3672467433838968,0.3623027701427476
