width_px,start_lean_deg,end_lean_deg,step_deg,change_l2,average_change_l2_per_degree,net_ink_change
1.8,0.0,-10.0,-10.0,4.404938849135257,0.4404938849135257,-3.671739250421524e-07
1.8,0.0,-9.5,-9.5,4.253498448640448,0.44773667880425766,-1.825392246246338e-07
1.8,0.0,-9.0,-9.0,4.080180484715111,0.4533533871905679,-2.60770320892334e-07
1.8,0.0,-8.5,-8.5,3.886855993303686,0.4572771756827866,-2.314336597919464e-07
1.8,0.0,-8.0,-8.0,3.6736710001542083,0.45920887501927604,-1.8952414393424988e-07
1.8,0.0,-7.5,-7.5,3.463128349895871,0.4617504466527828,-1.7881393432617188e-07
1.8,0.0,-7.0,-7.0,3.262499342323313,0.46607133461761613,-2.123415470123291e-07
1.8,0.0,-6.5,-6.5,3.0717502238333076,0.4725769575128166,-2.514570951461792e-07
1.8,0.0,-6.0,-6.0,2.891000735331199,0.48183345588853316,-1.955777406692505e-07
1.8,0.0,-5.5,-5.5,2.7187826957953534,0.4943241265082461,-3.152526915073395e-07
1.8,0.0,-5.0,-5.0,2.552179898470378,0.5104359796940756,-2.7404166758060455e-07
1.8,0.0,-4.5,-4.5,2.385593264038575,0.5301318364530166,-1.8067657947540283e-07
1.8,0.0,-4.0,-4.0,2.2077106326443983,0.5519276581610996,-2.1257437765598297e-07
1.8,0.0,-3.5,-3.5,1.9974835952787602,0.5707095986510743,-3.0139199225232005e-07
1.8,0.0,-3.0,-3.0,1.7622895310873703,0.5874298436957901,-1.696753315627575e-07
1.8,0.0,-2.5,-2.5,1.504904379735941,0.6019617518943764,-3.3527612686157227e-08
1.8,0.0,-2.0,-2.0,1.2060509987481414,0.6030254993740707,-3.166496753692627e-07
1.8,0.0,-1.5,-1.5,0.9043774537824664,0.6029183025216442,-2.3096799850463867e-07
1.8,0.0,-1.0,-1.0,0.6028417986263469,0.6028417986263469,-2.384185791015625e-07
1.8,0.0,-0.5,-0.5,0.30139793581197716,0.6027958716239543,-2.5331974029541016e-07
1.8,0.0,0.0,0.0,0.0,,0.0
1.8,0.0,0.5,0.5,0.30139793581197716,0.6027958716239543,-2.5331974029541016e-07
1.8,0.0,1.0,1.0,0.6028417986263469,0.6028417986263469,-2.384185791015625e-07
1.8,0.0,1.5,1.5,0.9043774537824664,0.6029183025216442,-2.3096799850463867e-07
1.8,0.0,2.0,2.0,1.2060509987481414,0.6030254993740707,-3.166496753692627e-07
1.8,0.0,2.5,2.5,1.504904379735941,0.6019617518943764,-3.3527612686157227e-08
1.8,0.0,3.0,3.0,1.7622895310873703,0.5874298436957901,-1.696753315627575e-07
1.8,0.0,3.5,3.5,1.9974835952787602,0.5707095986510743,-3.0139199225232005e-07
1.8,0.0,4.0,4.0,2.2077106326443983,0.5519276581610996,-2.1257437765598297e-07
1.8,0.0,4.5,4.5,2.385593264038575,0.5301318364530166,-1.8067657947540283e-07
1.8,0.0,5.0,5.0,2.552179898470378,0.5104359796940756,-2.7404166758060455e-07
1.8,0.0,5.5,5.5,2.7187826957953534,0.4943241265082461,-3.152526915073395e-07
1.8,0.0,6.0,6.0,2.891000735331199,0.48183345588853316,-1.955777406692505e-07
1.8,0.0,6.5,6.5,3.0717502238333076,0.4725769575128166,-2.514570951461792e-07
1.8,0.0,7.0,7.0,3.262499342323313,0.46607133461761613,-2.123415470123291e-07
1.8,0.0,7.5,7.5,3.463128349895871,0.4617504466527828,-1.7881393432617188e-07
1.8,0.0,8.0,8.0,3.6736710001542083,0.45920887501927604,-1.8952414393424988e-07
1.8,0.0,8.5,8.5,3.886855993303686,0.4572771756827866,-2.314336597919464e-07
1.8,0.0,9.0,9.0,4.080180484715111,0.4533533871905679,-2.60770320892334e-07
1.8,0.0,9.5,9.5,4.253498448640448,0.44773667880425766,-1.825392246246338e-07
1.8,0.0,10.0,10.0,4.404938849135257,0.4404938849135257,-3.671739250421524e-07
1.8,0.0,10.5,10.5,4.53353048287229,0.4317648078925991,6.752088665962219e-08
1.8,0.0,11.0,11.0,4.647503545936332,0.42250032235784835,-1.4808028936386108e-07
1.8,0.0,11.5,11.5,4.751299443361081,0.4131564733357461,-1.7881393432617188e-07
1.8,0.0,12.0,12.0,4.848710370017093,0.40405919750142444,-1.394655555486679e-07
1.8,0.0,12.5,12.5,4.9442138421164366,0.3955371073693149,-2.3283064365386963e-07
1.8,0.0,13.0,13.0,5.039856766911082,0.3876812897623909,-2.775341272354126e-07
1.8,0.0,13.5,13.5,5.137250498810725,0.38053707398597963,-2.0582228899002075e-07
1.8,0.0,14.0,14.0,5.237046406127678,0.3740747432948341,-2.8673093765974045e-07
1.8,0.0,14.5,14.5,5.334987134414961,0.3679301472010318,-3.5337870940566063e-07
1.8,0.0,15.0,15.0,5.424949137607481,0.36166327584049873,-2.915039658546448e-07
1.8,0.0,15.5,15.5,5.504706629274674,0.3551423631790112,-1.0617077350616455e-07
1.8,0.0,16.0,16.0,5.573133559152086,0.34832084744700537,-1.4528632164001465e-07
1.8,0.0,16.5,16.5,5.632121032229728,0.3413406686199835,-3.5390257835388184e-08
1.8,0.0,17.0,17.0,5.6837310343738245,0.3343371196690485,-4.2351894080638885e-07
1.8,0.0,17.5,17.5,5.731377429596645,0.32750728169123683,-1.655425876379013e-07
1.8,0.0,18.0,18.0,5.777080105231742,0.3209488947350968,-2.4586915969848633e-07
1.8,0.0,18.5,18.5,5.822149949976516,0.3147108081068387,-3.2782554626464844e-07
1.8,0.0,19.0,19.0,5.867874416932213,0.3088354956280112,-2.4586915969848633e-07
1.8,0.0,19.5,19.5,5.91476822164731,0.3033214472639646,-3.632158041000366e-07
1.8,0.0,20.0,20.0,5.9620453030686145,0.29810226515343075,-2.731103450059891e-07
1.8,0.0,20.5,20.5,6.005982942205477,0.29297477766855984,-2.682209014892578e-07
1.8,0.0,21.0,21.0,6.045157942903317,0.287864663947777,-2.784654498100281e-07
1.8,0.0,21.5,21.5,6.078023013708613,0.2826987448236564,-4.3760519474744797e-07
1.8,0.0,22.0,22.0,6.106150012547911,0.2775522732976323,-4.2852479964494705e-07
1.8,0.0,22.5,22.5,6.1314464734728675,0.2725087321543497,1.327134668827057e-07
1.8,0.0,23.0,23.0,6.155269734655261,0.2676204232458809,-2.8312206268310547e-07
1.8,0.0,23.5,23.5,6.1794579127424685,0.26295565586138164,-8.521601557731628e-08
1.8,0.0,24.0,24.0,6.205083425744946,0.25854514273937274,-1.6205012798309326e-07
1.8,0.0,24.5,24.5,6.2322088749681885,0.2543758724476812,-7.450580596923828e-08
1.8,0.0,25.0,25.0,6.2611045960526095,0.2504441838421044,9.639188647270203e-08
1.8,0.0,25.5,25.5,6.289084225543859,0.24663075394289644,-5.015172064304352e-07
1.8,0.0,26.0,26.0,6.314544430981705,0.24286709349929636,-3.869645297527313e-07
1.8,0.0,26.5,26.5,6.335557205421449,0.23907763039326224,-3.427267074584961e-07
1.8,0.0,27.0,27.0,6.351694617293381,0.23524794878864375,-1.7974525690078735e-07
1.8,0.0,27.5,27.5,6.365063210979415,0.23145684403561512,-3.9482574720750563e-07
1.8,0.0,28.0,28.0,6.378390310858366,0.22779965395922736,-1.94646418094635e-07
1.8,0.0,28.5,28.5,6.39348431114586,0.22433278284722316,-5.494803190231323e-08
1.8,0.0,29.0,29.0,6.411232970162062,0.22107699897110558,-4.3585896492004395e-07
1.8,0.0,29.5,29.5,6.430516598137672,0.21798361349619227,-1.7223646864295006e-07
1.8,0.0,30.0,30.0,6.45008704487051,0.21500290149568366,-1.7695128917694092e-08
1.8,0.0,30.5,30.5,6.467300225044544,0.2120426303293293,-1.83936208486557e-07
1.8,0.0,31.0,31.0,6.482039170552614,0.20909803775976174,-5.83939254283905e-07
1.8,0.0,31.5,31.5,6.493108939494437,0.20613044252363294,-4.086177796125412e-08
1.8,0.0,32.0,32.0,6.502128819038126,0.20319152559494144,-6.612390279769897e-08
1.8,0.0,32.5,32.5,6.510739420458282,0.20033044370640865,-2.849847078323364e-07
1.8,0.0,33.0,33.0,6.520897386611362,0.1976029511094352,1.234875526279211e-07
1.8,0.0,33.5,33.5,6.5330115245673674,0.19501526939007066,-1.1030351743102074e-07
1.8,0.0,34.0,34.0,6.547353287559763,0.19256921433999302,-2.922024577856064e-07
1.8,0.0,34.5,34.5,6.5614318625438655,0.1901864307983729,-3.3387914299964905e-07
1.8,0.0,35.0,35.0,6.573261776001695,0.18780747931433414,-3.0919909477233887e-07
3.2,0.0,-10.0,-10.0,4.852647698966611,0.4852647698966611,-1.0756775736808777e-07
3.2,0.0,-9.5,-9.5,4.692827198734625,0.4939818103931184,-6.437767297029495e-08
3.2,0.0,-9.0,-9.0,4.534758006203762,0.5038620006893069,-2.7939677238464355e-07
3.2,0.0,-8.5,-8.5,4.375126552981831,0.5147207709390389,2.514570951461792e-08
3.2,0.0,-8.0,-8.0,4.210345899249301,0.5262932374061626,-8.707866072654724e-08
3.2,0.0,-7.5,-7.5,4.035218472510943,0.5380291296681257,-4.190951585769653e-08
3.2,0.0,-7.0,-7.0,3.8420308256819484,0.5488615465259926,-2.3422762751579285e-07
3.2,0.0,-6.5,-6.5,3.6197040594392207,0.5568775476060339,-1.1920928955078125e-07
3.2,0.0,-6.0,-6.0,3.3709895850469422,0.5618315975078237,-7.078051567077637e-08
3.2,0.0,-5.5,-5.5,3.1005818894609787,0.563742161720178,-5.820766091346741e-09
3.2,0.0,-5.0,-5.0,2.8046843802016848,0.5609368760403369,-7.82310962677002e-08
3.2,0.0,-4.5,-4.5,2.5069995106885172,0.557111002375226,-1.6391277313232422e-07
3.2,0.0,-4.0,-4.0,2.211156603359575,0.5527891508398938,-8.568167686462402e-08
3.2,0.0,-3.5,-3.5,1.9177403862362203,0.5479258246389201,-1.1757947504520416e-08
3.2,0.0,-3.0,-3.0,1.627635680627007,0.542545226875669,-1.5832483768463135e-08
3.2,0.0,-2.5,-2.5,1.3423075464046152,0.5369230185618461,-2.7939677238464355e-07
3.2,0.0,-2.0,-2.0,1.064719972669355,0.5323599863346775,-9.313225746154785e-09
3.2,0.0,-1.5,-1.5,0.8001587637967869,0.5334391758645246,-4.6100467443466187e-08
3.2,0.0,-1.0,-1.0,0.5566854179005536,0.5566854179005536,-1.6746344044804573e-07
3.2,0.0,-0.5,-0.5,0.3013979344394376,0.6027958688788752,-6.05359673500061e-08
3.2,0.0,0.0,0.0,0.0,,0.0
3.2,0.0,0.5,0.5,0.3013979344394376,0.6027958688788752,-6.05359673500061e-08
3.2,0.0,1.0,1.0,0.5566854179005536,0.5566854179005536,-1.6746344044804573e-07
3.2,0.0,1.5,1.5,0.800158763796787,0.5334391758645246,-4.6100467443466187e-08
3.2,0.0,2.0,2.0,1.064719972669355,0.5323599863346775,-9.313225746154785e-09
3.2,0.0,2.5,2.5,1.3423075464046152,0.5369230185618461,-2.7939677238464355e-07
3.2,0.0,3.0,3.0,1.627635680627007,0.542545226875669,-1.5832483768463135e-08
3.2,0.0,3.5,3.5,1.9177403862362203,0.5479258246389201,-1.1757947504520416e-08
3.2,0.0,4.0,4.0,2.211156603359575,0.5527891508398938,-8.568167686462402e-08
3.2,0.0,4.5,4.5,2.5069995106885172,0.557111002375226,-1.6391277313232422e-07
3.2,0.0,5.0,5.0,2.8046843802016848,0.5609368760403369,-7.82310962677002e-08
3.2,0.0,5.5,5.5,3.1005818894609787,0.563742161720178,-5.820766091346741e-09
3.2,0.0,6.0,6.0,3.3709895850469422,0.5618315975078237,-7.078051567077637e-08
3.2,0.0,6.5,6.5,3.6197040594392207,0.5568775476060339,-1.1920928955078125e-07
3.2,0.0,7.0,7.0,3.8420308256819484,0.5488615465259926,-2.3422762751579285e-07
3.2,0.0,7.5,7.5,4.035218472510943,0.5380291296681257,-4.190951585769653e-08
3.2,0.0,8.0,8.0,4.2103458992493,0.5262932374061625,-8.707866072654724e-08
3.2,0.0,8.5,8.5,4.375126552981831,0.5147207709390389,2.514570951461792e-08
3.2,0.0,9.0,9.0,4.534758006203762,0.5038620006893069,-2.7939677238464355e-07
3.2,0.0,9.5,9.5,4.692827198734625,0.4939818103931184,-6.437767297029495e-08
3.2,0.0,10.0,10.0,4.852647698966611,0.4852647698966611,-1.0756775736808777e-07
3.2,0.0,10.5,10.5,5.015488357737825,0.4776655578797928,-2.945307642221451e-07
3.2,0.0,11.0,11.0,5.182423402109623,0.4711294001917839,-1.7136335372924805e-07
3.2,0.0,11.5,11.5,5.350700279878931,0.4652782852068636,-7.380731403827667e-08
3.2,0.0,12.0,12.0,5.514577754530863,0.45954814621090523,-3.725290298461914e-08
3.2,0.0,12.5,12.5,5.672007615977526,0.45376060927820205,-6.705522537231445e-08
3.2,0.0,13.0,13.0,5.820229099767245,0.4477099307513265,4.842877388000488e-08
3.2,0.0,13.5,13.5,5.958660758700654,0.4413822784222707,-1.644948497414589e-07
3.2,0.0,14.0,14.0,6.090808334581726,0.435057738184409,1.7881393432617188e-07
3.2,0.0,14.5,14.5,6.220282507833765,0.4289850005402597,1.5599653124809265e-07
3.2,0.0,15.0,15.0,6.348308861177203,0.42322059074514684,-7.171183824539185e-08
3.2,0.0,15.5,15.5,6.475920815162637,0.4178013429137185,1.3294629752635956e-07
3.2,0.0,16.0,16.0,6.605149918410089,0.4128218699006306,-1.4156103134155273e-07
3.2,0.0,16.5,16.5,6.737347634693402,0.40832409907232736,4.44706529378891e-08
3.2,0.0,17.0,17.0,6.870806652617515,0.404165097212795,-5.4249539971351624e-08
3.2,0.0,17.5,17.5,7.003465921511537,0.4001980526578021,-1.4156103134155273e-07
3.2,0.0,18.0,18.0,7.13090072092344,0.3961611511624133,-1.3559474609792233e-07
3.2,0.0,18.5,18.5,7.25024494941367,0.39190513240073893,-1.4901161193847656e-07
3.2,0.0,19.0,19.0,7.358853829426723,0.38730809628561697,-6.752088665962219e-09
3.2,0.0,19.5,19.5,7.458902896347361,0.3825078408383262,-9.080395102500916e-08
3.2,0.0,20.0,20.0,7.552180346717548,0.3776090173358774,-5.587935447692871e-08
3.2,0.0,20.5,20.5,7.6405579935159516,0.3727101460251684,2.0954757928848267e-09
3.2,0.0,21.0,21.0,7.725851120324219,0.3678976723963914,-8.102506399154663e-08
3.2,0.0,21.5,21.5,7.809600775413336,0.3632372453680621,-7.031485438346863e-08
3.2,0.0,22.0,22.0,7.891959193706142,0.3587254178957337,3.725290298461914e-08
3.2,0.0,22.5,22.5,7.972518645397583,0.3543341620176704,-2.1886080503463745e-07
3.2,0.0,23.0,23.0,8.049654543017777,0.3499849801312077,-1.8370337784290314e-07
3.2,0.0,23.5,23.5,8.121692081622944,0.3456039183669338,-1.1734664440155029e-07
3.2,0.0,24.0,24.0,8.187608340514956,0.3411503475214565,-2.4586915969848633e-07
3.2,0.0,24.5,24.5,8.247762017155345,0.3366433476389937,-1.0570511221885681e-07
3.2,0.0,25.0,25.0,8.304313084289392,0.33217252337157566,-2.523884177207947e-07
3.2,0.0,25.5,25.5,8.358500597189696,0.32778433714469396,6.239861249923706e-08
3.2,0.0,26.0,26.0,8.41186884234715,0.3235334170133519,4.917383193969727e-07
3.2,0.0,26.5,26.5,8.464966601717148,0.31943270195159046,-6.28642737865448e-09
3.2,0.0,27.0,27.0,8.516793909809904,0.31543681147444086,-2.384185791015625e-07
3.2,0.0,27.5,27.5,8.567755270245211,0.31155473709982584,-8.475035429000854e-08
3.2,0.0,28.0,28.0,8.61635876268151,0.30772709866719683,4.761386662721634e-08
3.2,0.0,28.5,28.5,8.662165285926944,0.3039356240676121,6.565824151039124e-08
3.2,0.0,29.0,29.0,8.704297201557218,0.300148179364042,-9.569339454174042e-08
3.2,0.0,29.5,29.5,8.742814715139614,0.2963666005132073,-4.377216100692749e-08
3.2,0.0,30.0,30.0,8.779064447593012,0.2926354815864337,9.685754776000977e-08
3.2,0.0,30.5,30.5,8.814628750688804,0.2890042213340592,-8.870847523212433e-08
3.2,0.0,31.0,31.0,8.850847580876454,0.28551121228633725,-4.877801984548569e-08
3.2,0.0,31.5,31.5,8.887675793409409,0.28214843788601296,-5.005449565942399e-08
3.2,0.0,32.0,32.0,8.924864105274688,0.278902003289834,-8.055940270423889e-08
3.2,0.0,32.5,32.5,8.95997878685175,0.2756916549800538,-1.6274861991405487e-07
3.2,0.0,33.0,33.0,8.993058531059942,0.27251692518363463,-2.9840157367289066e-07
3.2,0.0,33.5,33.5,9.023043002304572,0.2693445672329723,-7.078051567077637e-08
3.2,0.0,34.0,34.0,9.050258119163114,0.2661840623283269,-1.3993121683597565e-07
3.2,0.0,34.5,34.5,9.076024523744282,0.26307317460128354,-1.862645149230957e-07
3.2,0.0,35.0,35.0,9.102492167399795,0.2600712047828513,-6.007030606269836e-08
3.3,0.0,-10.0,-10.0,4.752282417273211,0.4752282417273211,-4.0978193283081055e-08
3.3,0.0,-9.5,-9.5,4.589416219318984,0.48309644413884045,-1.3224780559539795e-07
3.3,0.0,-9.0,-9.0,4.427220569046022,0.4919133965606691,-1.4016404747962952e-07
3.3,0.0,-8.5,-8.5,4.263543572594727,0.5015933614817325,-2.9848888516426086e-07
3.3,0.0,-8.0,-8.0,4.094437374941061,0.5118046718676327,-2.0489096641540527e-08
3.3,0.0,-7.5,-7.5,3.9138956957093254,0.5218527594279101,-1.1331576388329268e-07
3.3,0.0,-7.0,-7.0,3.714408550534388,0.530629792933484,-2.1979212760925293e-07
3.3,0.0,-6.5,-6.5,3.491096939614131,0.5370918368637125,-1.366643118672073e-07
3.3,0.0,-6.0,-6.0,3.2576377817774653,0.5429396302962443,-1.4528632164001465e-07
3.3,0.0,-5.5,-5.5,3.009614603634174,0.5472026552062135,-2.498272806406021e-07
3.3,0.0,-5.0,-5.0,2.734781534526444,0.5469563069052887,-1.1990778148174286e-07
3.3,0.0,-4.5,-4.5,2.4444178445121136,0.5432039654471363,-9.220093488693237e-08
3.3,0.0,-4.0,-4.0,2.1571780751516663,0.5392945187879166,-2.0302832126617432e-07
3.3,0.0,-3.5,-3.5,1.8744064783673429,0.5355447081049551,-3.762543201446533e-07
3.3,0.0,-3.0,-3.0,1.597909644727102,0.5326365482423673,-2.146698534488678e-07
3.3,0.0,-2.5,-2.5,1.3300537412795317,0.5320214965118126,-1.3783574104309082e-07
3.3,0.0,-2.0,-2.0,1.0746776989143032,0.5373388494571516,-2.0116567611694336e-07
3.3,0.0,-1.5,-1.5,0.8351166116436909,0.5567444077624606,-1.5122350305318832e-07
3.3,0.0,-1.0,-1.0,0.597922094148563,0.597922094148563,-1.857843017205596e-07
3.3,0.0,-0.5,-0.5,0.30139793141818255,0.6027958628363651,-2.1606683731079102e-07
3.3,0.0,0.0,0.0,0.0,,0.0
3.3,0.0,0.5,0.5,0.30139793141818255,0.6027958628363651,-2.1606683731079102e-07
3.3,0.0,1.0,1.0,0.597922094148563,0.597922094148563,-1.857843017205596e-07
3.3,0.0,1.5,1.5,0.8351166116436909,0.5567444077624606,-1.5122350305318832e-07
3.3,0.0,2.0,2.0,1.0746776989143032,0.5373388494571516,-2.0116567611694336e-07
3.3,0.0,2.5,2.5,1.3300537412795317,0.5320214965118126,-1.3783574104309082e-07
3.3,0.0,3.0,3.0,1.597909644727102,0.5326365482423673,-2.146698534488678e-07
3.3,0.0,3.5,3.5,1.8744064783673429,0.5355447081049551,-3.762543201446533e-07
3.3,0.0,4.0,4.0,2.1571780751516663,0.5392945187879166,-2.0302832126617432e-07
3.3,0.0,4.5,4.5,2.4444178445121136,0.5432039654471363,-9.220093488693237e-08
3.3,0.0,5.0,5.0,2.734781534526444,0.5469563069052887,-1.1990778148174286e-07
3.3,0.0,5.5,5.5,3.009614603634174,0.5472026552062135,-2.498272806406021e-07
3.3,0.0,6.0,6.0,3.2576377817774653,0.5429396302962443,-1.4528632164001465e-07
3.3,0.0,6.5,6.5,3.491096939614131,0.5370918368637125,-1.366643118672073e-07
3.3,0.0,7.0,7.0,3.714408550534388,0.530629792933484,-2.1979212760925293e-07
3.3,0.0,7.5,7.5,3.9138956957093254,0.5218527594279101,-1.1331576388329268e-07
3.3,0.0,8.0,8.0,4.094437374941061,0.5118046718676327,-2.0489096641540527e-08
3.3,0.0,8.5,8.5,4.263543572594727,0.5015933614817325,-2.9848888516426086e-07
3.3,0.0,9.0,9.0,4.427220569046022,0.4919133965606691,-1.4016404747962952e-07
3.3,0.0,9.5,9.5,4.589416219318984,0.48309644413884045,-1.3224780559539795e-07
3.3,0.0,10.0,10.0,4.752282417273211,0.4752282417273211,-4.0978193283081055e-08
3.3,0.0,10.5,10.5,4.918388572727294,0.46841795930736135,-3.129243850708008e-07
3.3,0.0,11.0,11.0,5.087150267331587,0.4624682061210534,-2.1886080503463745e-07
3.3,0.0,11.5,11.5,5.252252751212026,0.4567176305401762,-6.612390279769897e-08
3.3,0.0,12.0,12.0,5.411257834491276,0.450938152874273,-4.284083843231201e-07
3.3,0.0,12.5,12.5,5.567153173340598,0.4453722538672478,-1.83936208486557e-07
3.3,0.0,13.0,13.0,5.71780783687425,0.43983137206725004,-2.4866312742233276e-07
3.3,0.0,13.5,13.5,5.859507382420342,0.4340375838829883,-2.0721927285194397e-07
3.3,0.0,14.0,14.0,5.994455151356837,0.42817536795405975,-3.313180059194565e-07
3.3,0.0,14.5,14.5,6.1265162860210785,0.4225183645531778,-5.48316165804863e-08
3.3,0.0,15.0,15.0,6.257063417667326,0.41713756117782175,-1.8352875486016273e-07
3.3,0.0,15.5,15.5,6.386931031110191,0.4120600665232381,-3.8681901060044765e-07
3.3,0.0,16.0,16.0,6.518242695911578,0.4073901684944736,-1.3771932572126389e-07
3.3,0.0,16.5,16.5,6.651734514671858,0.40313542513162776,-3.7997961044311523e-07
3.3,0.0,17.0,17.0,6.785033548188563,0.3991196204816802,-1.9371509552001953e-07
3.3,0.0,17.5,17.5,6.915350119581441,0.39516286397608236,-2.7101486921310425e-07
3.3,0.0,18.0,18.0,7.042687458935926,0.3912604143853292,-1.8786522559821606e-07
3.3,0.0,18.5,18.5,7.165351903211156,0.3873163190924949,-2.980232238769531e-07
3.3,0.0,19.0,19.0,7.280389817835785,0.38317841146504134,-2.566980583651457e-07
3.3,0.0,19.5,19.5,7.386499458328489,0.37879484401684554,-2.1816231310367584e-07
3.3,0.0,20.0,20.0,7.4850985908439425,0.37425492954219713,-4.1443854570388794e-07
3.3,0.0,20.5,20.5,7.578263283583942,0.3696713796870216,-1.1362135410308838e-07
3.3,0.0,21.0,21.0,7.668936602382134,0.3651874572562921,-1.825392246246338e-07
3.3,0.0,21.5,21.5,7.757914484587901,0.36083323184129773,-5.168840289115906e-08
3.3,0.0,22.0,22.0,7.844315663997599,0.35655980290898176,-4.172325134277344e-07
3.3,0.0,22.5,22.5,7.927891483609275,0.35235073260485666,-1.9025173969566822e-07
3.3,0.0,23.0,23.0,8.007932167309173,0.348170963796051,-2.2351741790771484e-07
3.3,0.0,23.5,23.5,8.083509385557575,0.343979122789684,-1.660664565861225e-07
3.3,0.0,24.0,24.0,8.15475206377802,0.33978133599075083,-3.4994445741176605e-07
3.3,0.0,24.5,24.5,8.22056699053317,0.33553334655237427,-1.0721851140260696e-07
3.3,0.0,25.0,25.0,8.28198714837484,0.3312794859349936,-3.403984010219574e-07
3.3,0.0,25.5,25.5,8.339922342219639,0.32705577812626035,-1.816079020500183e-07
3.3,0.0,26.0,26.0,8.396191557457728,0.32293044451760494,-7.301568984985352e-07
3.3,0.0,26.5,26.5,8.452205820304018,0.31895116303034027,-3.03611159324646e-07
3.3,0.0,27.0,27.0,8.507361192240582,0.315087451564466,-2.0116567611694336e-07
3.3,0.0,27.5,27.5,8.561781743149133,0.31133751793269576,-9.825453162193298e-08
3.3,0.0,28.0,28.0,8.613677676305915,0.3076313455823541,-3.771856427192688e-07
3.3,0.0,28.5,28.5,8.662037988084816,0.3039311574766602,-5.192123353481293e-07
3.3,0.0,29.0,29.0,8.706824326866258,0.30023532161607785,-2.337619662284851e-07
3.3,0.0,29.5,29.5,8.748532754847306,0.2965604323677053,-2.016313374042511e-07
3.3,0.0,30.0,30.0,8.788343512463923,0.29294478374879745,-2.905726432800293e-07
3.3,0.0,30.5,30.5,8.827414267768514,0.28942341861536114,-2.3562461137771606e-07
3.3,0.0,31.0,31.0,8.866099939455825,0.2860032238534137,-3.0151568353176117e-07
3.3,0.0,31.5,31.5,8.904619984862876,0.2826863487258056,-4.1443854570388794e-08
3.3,0.0,32.0,32.0,8.943256102857484,0.2794767532142964,-1.1827796697616577e-07
3.3,0.0,32.5,32.5,8.97991249335164,0.27630499979543505,6.51925802230835e-08
3.3,0.0,33.0,33.0,9.014753255711733,0.27317434108217375,-2.718334144446999e-07
3.3,0.0,33.5,33.5,9.047254629537795,0.2700673023742625,-3.166496753692627e-08
3.3,0.0,34.0,34.0,9.07687381503625,0.26696687691283083,-9.313225746154785e-08
3.3,0.0,34.5,34.5,9.105039305225993,0.2639141827601737,-3.259629011154175e-09
3.3,0.0,35.0,35.0,9.13387299597497,0.26096779988499913,-2.8312206268310547e-07
3.4,0.0,-10.0,-10.0,4.666786909741259,0.46667869097412595,1.1362135410308838e-07
3.4,0.0,-9.5,-9.5,4.499385774916445,0.4736195552543626,-1.9371509552001953e-07
3.4,0.0,-9.0,-9.0,4.332334239518044,0.4813704710575604,-2.280576154589653e-07
3.4,0.0,-8.5,-8.5,4.163144807311925,0.48978174203669705,-1.902226358652115e-07
3.4,0.0,-8.0,-8.0,3.987323659774333,0.4984154574717916,-2.1731830202043056e-07
3.4,0.0,-7.5,-7.5,3.799572824301217,0.506609709906829,-1.471489667892456e-07
3.4,0.0,-7.0,-7.0,3.592016152664382,0.5131451646663403,2.0256265997886658e-08
3.4,0.0,-6.5,-6.5,3.3754470710502034,0.519299549392339,-2.062879502773285e-07
3.4,0.0,-6.0,-6.0,3.1560956762012036,0.526015946033534,-3.2782554626464844e-07
3.4,0.0,-5.5,-5.5,2.9285902222414517,0.5324709494984458,-1.6437843441963196e-07
3.4,0.0,-5.0,-5.0,2.6827994298844047,0.536559885976881,-9.592622518539429e-08
3.4,0.0,-4.5,-4.5,2.4084030779986247,0.5352006839996943,-2.3840402718633413e-07
3.4,0.0,-4.0,-4.0,2.1320974762424956,0.5330243690606239,-1.7601996660232544e-07
3.4,0.0,-3.5,-3.5,1.8623816219631464,0.5321090348466132,-1.4528632164001465e-07
3.4,0.0,-3.0,-3.0,1.6013678637842297,0.5337892879280766,-1.4388933777809143e-07
3.4,0.0,-2.5,-2.5,1.3513326122451823,0.540533044898073,1.7863931134343147e-07
3.4,0.0,-2.0,-2.0,1.1136540789222933,0.5568270394611466,-4.6798959374427795e-08
3.4,0.0,-1.5,-1.5,0.8806498628616575,0.5870999085744383,-2.227025106549263e-07
3.4,0.0,-1.0,-1.0,0.6028417836795364,0.6028417836795364,-4.842877388000488e-08
3.4,0.0,-0.5,-0.5,0.3013979254569863,0.6027958509139726,-1.341104507446289e-07
3.4,0.0,0.0,0.0,0.0,,0.0
3.4,0.0,0.5,0.5,0.3013979254569863,0.6027958509139726,-1.341104507446289e-07
3.4,0.0,1.0,1.0,0.6028417836795364,0.6028417836795364,-4.842877388000488e-08
3.4,0.0,1.5,1.5,0.8806498628616575,0.5870999085744383,-2.227025106549263e-07
3.4,0.0,2.0,2.0,1.1136540789222933,0.5568270394611466,-4.6798959374427795e-08
3.4,0.0,2.5,2.5,1.3513326122451823,0.540533044898073,1.7863931134343147e-07
3.4,0.0,3.0,3.0,1.6013678637842297,0.5337892879280766,-1.4388933777809143e-07
3.4,0.0,3.5,3.5,1.8623816219631464,0.5321090348466132,-1.4528632164001465e-07
3.4,0.0,4.0,4.0,2.1320974762424956,0.5330243690606239,-1.7601996660232544e-07
3.4,0.0,4.5,4.5,2.4084030779986247,0.5352006839996943,-2.3840402718633413e-07
3.4,0.0,5.0,5.0,2.6827994298844047,0.536559885976881,-9.592622518539429e-08
3.4,0.0,5.5,5.5,2.9285902222414517,0.5324709494984458,-1.6437843441963196e-07
3.4,0.0,6.0,6.0,3.1560956762012036,0.526015946033534,-3.2782554626464844e-07
3.4,0.0,6.5,6.5,3.3754470710502034,0.519299549392339,-2.062879502773285e-07
3.4,0.0,7.0,7.0,3.592016152664382,0.5131451646663403,2.0256265997886658e-08
3.4,0.0,7.5,7.5,3.799572824301217,0.506609709906829,-1.471489667892456e-07
3.4,0.0,8.0,8.0,3.987323659774333,0.4984154574717916,-2.1731830202043056e-07
3.4,0.0,8.5,8.5,4.163144807311925,0.48978174203669705,-1.902226358652115e-07
3.4,0.0,9.0,9.0,4.332334239518044,0.4813704710575604,-2.280576154589653e-07
3.4,0.0,9.5,9.5,4.499385774916445,0.4736195552543626,-1.9371509552001953e-07
3.4,0.0,10.0,10.0,4.666786909741259,0.46667869097412595,1.1362135410308838e-07
3.4,0.0,10.5,10.5,4.836553658369765,0.46062415793997763,9.918585419654846e-08
3.4,0.0,11.0,11.0,5.004774355200147,0.454979486836377,-1.564621925354004e-07
3.4,0.0,11.5,11.5,5.1652704962000335,0.44915395619130727,1.1175870895385742e-08
3.4,0.0,12.0,12.0,5.320151766674261,0.4433459805561884,7.43975760997273e-08
3.4,0.0,12.5,12.5,5.4733308869786805,0.43786647095829445,6.705522537231445e-08
3.4,0.0,13.0,13.0,5.624647706309775,0.43266520817767495,-7.031485438346863e-08
3.4,0.0,13.5,13.5,5.770535077679745,0.42744704279109225,4.6100467443466187e-08
3.4,0.0,14.0,14.0,5.909753270380021,0.4221252335985729,1.695007085800171e-07
3.4,0.0,14.5,14.5,6.044397768316703,0.41685501850460016,9.96515154838562e-08
3.4,0.0,15.0,15.0,6.177352140869402,0.41182347605796016,2.2351741790771484e-08
3.4,0.0,15.5,15.5,6.310103068791107,0.40710342379297465,-1.2014061212539673e-07
3.4,0.0,16.0,16.0,6.444086785074195,0.4027554240671372,2.1653249859809875e-08
3.4,0.0,16.5,16.5,6.577945446851351,0.3986633604152334,-1.3597309589385986e-07
3.4,0.0,17.0,17.0,6.709658691495621,0.39468580538209536,2.60770320892334e-08
3.4,0.0,17.5,17.5,6.838043987006885,0.3907453706861077,-9.872019290924072e-08
3.4,0.0,18.0,18.0,6.964761546930822,0.3869311970517123,-9.578070603311062e-08
3.4,0.0,18.5,18.5,7.08934313352813,0.3832077369474665,-1.0710209608078003e-07
3.4,0.0,19.0,19.0,7.209645685298457,0.37945503606833986,-2.654269337654114e-07
3.4,0.0,19.5,19.5,7.3214309010491165,0.37545799492559573,-1.5366822481155396e-08
3.4,0.0,20.0,20.0,7.425332468539244,0.3712666234269622,-1.4080433174967766e-07
3.4,0.0,20.5,20.5,7.523906037119949,0.367019806688778,-1.3668613974004984e-07
3.4,0.0,21.0,21.0,7.619995814389248,0.36285694354234516,-1.1548399925231934e-07
3.4,0.0,21.5,21.5,7.713482888173117,0.35876664596154034,-8.614733815193176e-08
3.4,0.0,22.0,22.0,7.803785296209388,0.3547175134640631,-1.88418198376894e-07
3.4,0.0,22.5,22.5,7.889868382062938,0.350660816980575,8.381903171539307e-08
3.4,0.0,23.0,23.0,7.972176555634568,0.34661637198411166,-7.217749953269958e-08
3.4,0.0,23.5,23.5,8.051428346149873,0.34261397217659034,-1.4319084584712982e-07
3.4,0.0,24.0,24.0,8.12748689210208,0.33864528717092,-1.8440186977386475e-07
3.4,0.0,24.5,24.5,8.19928553474075,0.33466471570370404,-1.648440957069397e-07
3.4,0.0,25.0,25.0,8.265897863719378,0.3306359145487751,1.0710209608078003e-08
3.4,0.0,25.5,25.5,8.328151274111926,0.3265941676122324,1.5832483768463135e-08
3.4,0.0,26.0,26.0,8.387829369420452,0.3226088219007866,-6.663321983069181e-08
3.4,0.0,26.5,26.5,8.446568707722562,0.3187384418008514,2.0489096641540527e-08
3.4,0.0,27.0,27.0,8.50532007439813,0.31501185460733816,3.5122502595186234e-07
3.4,0.0,27.5,27.5,8.562782903612446,0.31137392376772527,-2.334127202630043e-08
3.4,0.0,28.0,28.0,8.617611881770998,0.3077718529203928,-2.398155629634857e-07
3.4,0.0,28.5,28.5,8.668494142852605,0.30415768922289843,4.516914486885071e-08
3.4,0.0,29.0,29.0,8.71620291151295,0.30055872108665344,1.9080471247434616e-07
3.4,0.0,29.5,29.5,8.761220284476495,0.2969905181178473,-6.542541086673737e-08
3.4,0.0,30.0,30.0,8.804755279139139,0.2934918426379713,-6.478512659668922e-08
3.4,0.0,30.5,30.5,8.847353912505032,0.2900771774591814,-3.731111064553261e-07
3.4,0.0,31.0,31.0,8.888631602516396,0.2867300516940773,-7.916241884231567e-08
3.4,0.0,31.5,31.5,8.928926118728771,0.2834579720231356,-1.466250978410244e-07
3.4,0.0,32.0,32.0,8.968575939761799,0.2802679981175562,-1.695007085800171e-07
3.4,0.0,32.5,32.5,9.006962334711679,0.2771373026065132,-6.984919309616089e-09
3.4,0.0,33.0,33.0,9.043245904495386,0.27403775468167835,-2.337619662284851e-07
3.4,0.0,33.5,33.5,9.078109889714018,0.27098835491683637,-1.0058283805847168e-07
3.4,0.0,34.0,34.0,9.11050205364841,0.267955942754365,-2.1047890186309814e-07
3.4,0.0,34.5,34.5,9.141732490625653,0.2649777533514682,-3.4528784453868866e-07
3.4,0.0,35.0,35.0,9.172747736551454,0.26207850675861294,-2.48197466135025e-07
4.6,0.0,-10.0,-10.0,4.666786934782207,0.4666786934782207,-4.14322130382061e-07
4.6,0.0,-9.5,-9.5,4.49938575536527,0.47361955319634425,-6.603077054023743e-07
4.6,0.0,-9.0,-9.0,4.332334298800693,0.48137047764452146,-2.868473529815674e-07
4.6,0.0,-8.5,-8.5,4.163144845596578,0.48978174654077383,-6.30505383014679e-07
4.6,0.0,-8.0,-8.0,3.9873236609050555,0.49841545761313194,-5.637411959469318e-07
4.6,0.0,-7.5,-7.5,3.7995728627797405,0.5066097150372987,-5.755573511123657e-07
4.6,0.0,-7.0,-7.0,3.5920161696602406,0.5131451670943201,-4.102475941181183e-07
4.6,0.0,-6.5,-6.5,3.375447119373655,0.5192995568267161,-6.202608346939087e-07
4.6,0.0,-6.0,-6.0,3.1560957066814606,0.5260159511135768,-5.835900083184242e-07
4.6,0.0,-5.5,-5.5,2.9285902723873765,0.5324709586158867,-6.034970283508301e-07
4.6,0.0,-5.0,-5.0,2.682799492283208,0.5365598984566416,-6.360933184623718e-07
4.6,0.0,-4.5,-4.5,2.4084031418743623,0.5352006981943027,-5.941838026046753e-07
4.6,0.0,-4.0,-4.0,2.132097503712786,0.5330243759281965,-5.494803190231323e-07
4.6,0.0,-3.5,-3.5,1.8623816051628908,0.5321090300465402,-4.5588240027427673e-07
4.6,0.0,-3.0,-3.0,1.6013678779392488,0.5337892926464163,-5.21540641784668e-07
4.6,0.0,-2.5,-2.5,1.3513326360916007,0.5405330544366402,-3.725290298461914e-07
4.6,0.0,-2.0,-2.0,1.1136541137730347,0.5568270568865173,-4.731118679046631e-07
4.6,0.0,-1.5,-1.5,0.8806498725851858,0.5870999150567905,-4.600733518600464e-07
4.6,0.0,-1.0,-1.0,0.6028417767366201,0.6028417767366201,-5.364418029785156e-07
4.6,0.0,-0.5,-0.5,0.301397937696252,0.602795875392504,-4.172325134277344e-07
4.6,0.0,0.0,0.0,0.0,,0.0
4.6,0.0,0.5,0.5,0.301397937696252,0.602795875392504,-4.172325134277344e-07
4.6,0.0,1.0,1.0,0.6028417767366201,0.6028417767366201,-5.364418029785156e-07
4.6,0.0,1.5,1.5,0.8806498725851858,0.5870999150567905,-4.600733518600464e-07
4.6,0.0,2.0,2.0,1.1136541137730347,0.5568270568865173,-4.731118679046631e-07
4.6,0.0,2.5,2.5,1.3513326360916007,0.5405330544366402,-3.725290298461914e-07
4.6,0.0,3.0,3.0,1.6013678779392488,0.5337892926464163,-5.21540641784668e-07
4.6,0.0,3.5,3.5,1.8623816051628908,0.5321090300465402,-4.5588240027427673e-07
4.6,0.0,4.0,4.0,2.132097503712786,0.5330243759281965,-5.494803190231323e-07
4.6,0.0,4.5,4.5,2.4084031418743623,0.5352006981943027,-5.941838026046753e-07
4.6,0.0,5.0,5.0,2.682799492283208,0.5365598984566416,-6.360933184623718e-07
4.6,0.0,5.5,5.5,2.9285902723873765,0.5324709586158867,-6.034970283508301e-07
4.6,0.0,6.0,6.0,3.1560957066814606,0.5260159511135768,-5.835900083184242e-07
4.6,0.0,6.5,6.5,3.375447119373655,0.5192995568267161,-6.202608346939087e-07
4.6,0.0,7.0,7.0,3.5920161696602406,0.5131451670943201,-4.102475941181183e-07
4.6,0.0,7.5,7.5,3.7995728627797405,0.5066097150372987,-5.755573511123657e-07
4.6,0.0,8.0,8.0,3.987323660905056,0.498415457613132,-5.637411959469318e-07
4.6,0.0,8.5,8.5,4.163144845596578,0.48978174654077383,-6.30505383014679e-07
4.6,0.0,9.0,9.0,4.332334298800693,0.48137047764452146,-2.868473529815674e-07
4.6,0.0,9.5,9.5,4.49938575536527,0.47361955319634425,-6.603077054023743e-07
4.6,0.0,10.0,10.0,4.666786934782207,0.4666786934782207,-4.14322130382061e-07
4.6,0.0,10.5,10.5,4.836553678783069,0.4606241598841018,-3.0081719160079956e-07
4.6,0.0,11.0,11.0,5.004774395255822,0.454979490477802,-3.129243850708008e-07
4.6,0.0,11.5,11.5,5.165270509903639,0.44915395738292513,-4.6938657760620117e-07
4.6,0.0,12.0,12.0,5.3201518067936355,0.4433459838994696,-4.0512531995773315e-07
4.6,0.0,12.5,12.5,5.473330895961154,0.4378664716768923,-2.2887252271175385e-07
4.6,0.0,13.0,13.0,5.6246477220300495,0.4326652093869269,-4.33996319770813e-07
4.6,0.0,13.5,13.5,5.77053509278613,0.4274470439100837,-4.3213367462158203e-07
4.6,0.0,14.0,14.0,5.909753289297829,0.4221252349498449,-3.725290298461914e-07
4.6,0.0,14.5,14.5,6.044397780626842,0.41685501935357533,-5.140900611877441e-07
4.6,0.0,15.0,15.0,6.177352157032525,0.41182347713550166,-4.628673195838928e-07
4.6,0.0,15.5,15.5,6.310103088674838,0.407103425075796,-3.688037395477295e-07
4.6,0.0,16.0,16.0,6.444086777426937,0.40275542358918354,-2.3283064365386963e-07
4.6,0.0,16.5,16.5,6.5779454811580464,0.3986633624944271,-3.398163244128227e-07
4.6,0.0,17.0,17.0,6.709658703585668,0.3946858060932746,-4.973262548446655e-07
4.6,0.0,17.5,17.5,6.83804400717893,0.39074537183879604,-3.9328006096184254e-07
4.6,0.0,18.0,18.0,6.964761574871652,0.3869311986039807,-4.4269836507737637e-07
4.6,0.0,18.5,18.5,7.090714293993301,0.3832818537293676,-5.997717380523682e-07
4.6,0.0,19.0,19.0,7.215493319167592,0.37976280627197856,-2.835877239704132e-07
4.6,0.0,19.5,19.5,7.3367850346006644,0.37624538638977767,-3.7904828786849976e-07
4.6,0.0,20.0,20.0,7.454795165374872,0.3727397582687436,-2.3189932107925415e-07
4.6,0.0,20.5,20.5,7.571591918495283,0.36934594724367237,-2.3096799850463867e-07
4.6,0.0,21.0,21.0,7.68954756882005,0.3661689318485738,-5.466863512992859e-07
4.6,0.0,21.5,21.5,7.808063382473863,0.3631657387197146,-5.771871656179428e-07
4.6,0.0,22.0,22.0,7.925860221799627,0.36026637371816483,-5.615875124931335e-07
4.6,0.0,22.5,22.5,8.041190557157378,0.3573862469847724,-3.9674341678619385e-07
4.6,0.0,23.0,23.0,8.154268243156276,0.3545334018763598,-4.651956260204315e-07
4.6,0.0,23.5,23.5,8.265855981750814,0.35173855241492824,-7.286143954843283e-07
4.6,0.0,24.0,24.0,8.375984141402057,0.3489993392250857,-4.621688276529312e-07
4.6,0.0,24.5,24.5,8.483900916790136,0.34628167007306676,-6.209593266248703e-07
4.6,0.0,25.0,25.0,8.588844825803974,0.343553793032159,-5.96512109041214e-07
4.6,0.0,25.5,25.5,8.69142317421117,0.3408401244788694,-3.685709089040756e-07
4.6,0.0,26.0,26.0,8.79329348736655,0.3382035956679442,-4.014582373201847e-07
4.6,0.0,26.5,26.5,8.894831748666993,0.33565402825158464,-4.1513703763484955e-07
4.6,0.0,27.0,27.0,8.99627181817431,0.33319525252497445,-1.8430000636726618e-07
4.6,0.0,27.5,27.5,9.094708773476688,0.33071668267187954,-6.302725523710251e-07
4.6,0.0,28.0,28.0,9.188504855952607,0.3281608877125931,-1.5692785382270813e-07
4.6,0.0,28.5,28.5,9.276643923634666,0.325496278022269,-4.4330954551696777e-07
4.6,0.0,29.0,29.0,9.36000783332703,0.32275889080438036,-6.631016731262207e-07
4.6,0.0,29.5,29.5,9.439152781509017,0.31997128072911923,-6.968621164560318e-07
4.6,0.0,30.0,30.0,9.515404392903882,0.31718014643012943,-5.618203431367874e-07
4.6,0.0,30.5,30.5,9.589373683410782,0.31440569453805844,-1.5506520867347717e-07
4.6,0.0,31.0,31.0,9.660671527540563,0.31163456540453427,-4.55416738986969e-07
4.6,0.0,31.5,31.5,9.729786166241166,0.30888210051559256,-7.369089871644974e-07
4.6,0.0,32.0,32.0,9.797134007890865,0.3061604377465895,-6.09084963798523e-07
4.6,0.0,32.5,32.5,9.862181639675981,0.30345174275926096,-3.891182132065296e-07
4.6,0.0,33.0,33.0,9.92421161692335,0.3007336853613136,-3.2725074561312795e-07
4.6,0.0,33.5,33.5,9.983902946802992,0.2980269536359102,-4.870817065238953e-07
4.6,0.0,34.0,34.0,10.040468015583434,0.29530788281127746,-4.0652230381965637e-07
4.6,0.0,34.5,34.5,10.095023521061284,0.2926093774220662,-5.513429641723633e-07
4.6,0.0,35.0,35.0,10.14860922692798,0.2899602636265137,-3.587920218706131e-07
