width_change_px,height_change_px,width_px,height_px,distance_from_original
-1.5,-1.5,1.7000000000000002,18.25,4.151675192499048
-1.5,-1.4000000000000001,1.7000000000000002,18.35,4.120953394638682
-1.5,-1.3,1.7000000000000002,18.45,4.09176697062561
-1.5,-1.2000000000000002,1.7000000000000002,18.55,4.064148978480331
-1.5,-1.1,1.7000000000000002,18.65,4.038131609977557
-1.5,-1.0,1.7000000000000002,18.75,4.013745999545126
-1.5,-0.9,1.7000000000000002,18.85,3.991022033069464
-1.5,-0.8,1.7000000000000002,18.95,3.9699882762235026
-1.5,-0.7000000000000001,1.7000000000000002,19.05,3.9506717088316243
-1.5,-0.6000000000000001,1.7000000000000002,19.15,3.9330976200939043
-1.5,-0.5,1.7000000000000002,19.25,3.9172894866655485
-1.5,-0.4,1.7000000000000002,19.35,3.903268742525082
-1.5,-0.30000000000000004,1.7000000000000002,19.45,3.8910547370549566
-1.5,-0.2,1.7000000000000002,19.55,3.8806644954782006
-1.5,-0.1,1.7000000000000002,19.65,3.8721127177733745
-1.5,0.0,1.7000000000000002,19.75,3.8654116142235604
-1.5,0.1,1.7000000000000002,19.85,3.860570803097125
-1.5,0.2,1.7000000000000002,19.95,3.8575972984550297
-1.5,0.30000000000000004,1.7000000000000002,20.05,3.8570463981666157
-1.5,0.4,1.7000000000000002,20.15,3.8589191384329498
-1.5,0.5,1.7000000000000002,20.25,3.8626618956498464
-1.5,0.6000000000000001,1.7000000000000002,20.35,3.868269241674319
-1.5,0.7000000000000001,1.7000000000000002,20.45,3.8757330806055723
-1.5,0.8,1.7000000000000002,20.55,3.88504271774284
-1.5,0.9,1.7000000000000002,20.65,3.8961849196502683
-1.5,1.0,1.7000000000000002,20.75,3.909144011465027
-1.5,1.1,1.7000000000000002,20.85,3.9239020063539685
-1.5,1.2000000000000002,1.7000000000000002,20.95,3.940438671680221
-1.5,1.3,1.7000000000000002,21.05,3.958731727180015
-1.5,1.4000000000000001,1.7000000000000002,21.15,3.9787569616051965
-1.5,1.5,1.7000000000000002,21.25,4.000488334887638
-1.4000000000000001,-1.5,1.8,18.25,4.09244744861474
-1.4000000000000001,-1.4000000000000001,1.8,18.35,4.059769218605473
-1.4000000000000001,-1.3,1.8,18.45,4.028836817033813
-1.4000000000000001,-1.2000000000000002,1.8,18.55,3.9996907492361538
-1.4000000000000001,-1.1,1.8,18.65,3.972370344201338
-1.4000000000000001,-1.0,1.8,18.75,3.946913487253538
-1.4000000000000001,-0.9,1.8,18.85,3.9233564877123968
-1.4000000000000001,-0.8,1.8,18.95,3.9017337258393656
-1.4000000000000001,-0.7000000000000001,1.8,19.05,3.8820775511328334
-1.4000000000000001,-0.6000000000000001,1.8,19.15,3.8644179573676136
-1.4000000000000001,-0.5,1.8,19.25,3.848782418050399
-1.4000000000000001,-0.4,1.8,19.35,3.835195701105587
-1.4000000000000001,-0.30000000000000004,1.8,19.45,3.8236796607686996
-1.4000000000000001,-0.2,1.8,19.55,3.81425302189512
-1.4000000000000001,-0.1,1.8,19.65,3.806931322458046
-1.4000000000000001,0.0,1.8,19.75,3.8017267241090043
-1.4000000000000001,0.1,1.8,19.85,3.798647931564449
-1.4000000000000001,0.2,1.8,19.95,3.797700106833897
-1.4000000000000001,0.30000000000000004,1.8,20.05,3.7982925238699616
-1.4000000000000001,0.4,1.8,20.15,3.800424462895415
-1.4000000000000001,0.5,1.8,20.25,3.8046847561977195
-1.4000000000000001,0.6000000000000001,1.8,20.35,3.8110662674930587
-1.4000000000000001,0.7000000000000001,1.8,20.45,3.819558364221066
-1.4000000000000001,0.8,1.8,20.55,3.8301470078113447
-1.4000000000000001,0.9,1.8,20.65,3.842814863042459
-1.4000000000000001,1.0,1.8,20.75,3.8575414596370527
-1.4000000000000001,1.1,1.8,20.85,3.8743033018645665
-1.4000000000000001,1.2000000000000002,1.8,20.95,3.8930741232785655
-1.4000000000000001,1.3,1.8,21.05,3.913824993942266
-1.4000000000000001,1.4000000000000001,1.8,21.15,3.936524612857362
-1.4000000000000001,1.5,1.8,21.25,3.961139494731978
-1.3,-1.5,1.9000000000000001,18.25,4.054646375673596
-1.3,-1.4000000000000001,1.9000000000000001,18.35,4.020175020111883
-1.3,-1.3,1.9000000000000001,18.45,3.987669394210501
-1.3,-1.2000000000000002,1.9000000000000001,18.55,3.9571779433614576
-1.3,-1.1,1.9000000000000001,18.65,3.9287475366263087
-1.3,-1.0,1.9000000000000001,18.75,3.9024232564164136
-1.3,-0.9,1.9000000000000001,18.85,3.878247956714404
-1.3,-0.8,1.9000000000000001,18.95,3.856262084869359
-1.3,-0.7000000000000001,1.9000000000000001,19.05,3.8365032541573103
-1.3,-0.6000000000000001,1.9000000000000001,19.15,3.8190060566029853
-1.3,-0.5,1.9000000000000001,19.25,3.803801680259873
-1.3,-0.4,1.9000000000000001,19.35,3.7909177247728905
-1.3,-0.30000000000000004,1.9000000000000001,19.45,3.780377914986621
-1.3,-0.2,1.9000000000000001,19.55,3.7722019088687384
-1.3,-0.1,1.9000000000000001,19.65,3.766405079713053
-1.3,0.0,1.9000000000000001,19.75,3.7629984345698984
-1.3,0.1,1.9000000000000001,19.85,3.7619884666934604
-1.3,0.2,1.9000000000000001,19.95,3.7633771024078495
-1.3,0.30000000000000004,1.9000000000000001,20.05,3.765269872869493
-1.3,0.4,1.9000000000000001,20.15,3.767666016924225
-1.3,0.5,1.9000000000000001,20.25,3.7724537391702584
-1.3,0.6000000000000001,1.9000000000000001,20.35,3.7796239525553266
-1.3,0.7000000000000001,1.9000000000000001,20.45,3.7891631297357984
-1.3,0.8,1.9000000000000001,20.55,3.801053432033284
-1.3,0.9,1.9000000000000001,20.65,3.815272889902986
-1.3,1.0,1.9000000000000001,20.75,3.8317955558224432
-1.3,1.1,1.9000000000000001,20.85,3.8505918016970058
-1.3,1.2000000000000002,1.9000000000000001,20.95,3.8716284904749405
-1.3,1.3,1.9000000000000001,21.05,3.894869345735711
-1.3,1.4000000000000001,1.9000000000000001,21.15,3.920275137421087
-1.3,1.5,1.9000000000000001,21.25,3.947804100458288
-1.2000000000000002,-1.5,2.0,18.25,4.038873720461248
-1.2000000000000002,-1.4000000000000001,2.0,18.35,4.002811630157205
-1.2000000000000002,-1.3,2.0,18.45,3.9689420455364295
-1.2000000000000002,-1.2000000000000002,2.0,18.55,3.9373215389681158
-1.2000000000000002,-1.1,2.0,18.65,3.908004731609798
-1.2000000000000002,-1.0,2.0,18.75,3.8810437938565547
-1.2000000000000002,-0.9,2.0,18.85,3.856488154644992
-1.2000000000000002,-0.8,2.0,18.95,3.834384037743998
-1.2000000000000002,-0.7000000000000001,2.0,19.05,3.8147740426648715
-1.2000000000000002,-0.6000000000000001,2.0,19.15,3.7976967965390167
-1.2000000000000002,-0.5,2.0,19.25,3.7831866104955068
-1.2000000000000002,-0.4,2.0,19.35,3.7712731153761583
-1.2000000000000002,-0.30000000000000004,2.0,19.45,3.7619809809756153
-1.2000000000000002,-0.2,2.0,19.55,3.755329672466316
-1.2000000000000002,-0.1,2.0,19.65,3.7513332209497006
-1.2000000000000002,0.0,2.0,19.75,3.750000123977662
-1.2000000000000002,0.1,2.0,19.85,3.7513332209497006
-1.2000000000000002,0.2,2.0,19.95,3.755329672466316
-1.2000000000000002,0.30000000000000004,2.0,20.05,3.7586567986325896
-1.2000000000000002,0.4,2.0,20.15,3.7613163828134186
-1.2000000000000002,0.5,2.0,20.25,3.7666299167601376
-1.2000000000000002,0.6000000000000001,2.0,20.35,3.7745861926388904
-1.2000000000000002,0.7000000000000001,2.0,20.45,3.785168545666579
-1.2000000000000002,0.8,2.0,20.55,3.798355031187251
-1.2000000000000002,0.9,2.0,20.65,3.814118626739088
-1.2000000000000002,1.0,2.0,20.75,3.832427550500137
-1.2000000000000002,1.1,2.0,20.85,3.853245511301303
-1.2000000000000002,1.2000000000000002,2.0,20.95,3.876532072249979
-1.2000000000000002,1.3,2.0,21.05,3.9022430510792994
-1.2000000000000002,1.4000000000000001,2.0,21.15,3.930330886197269
-1.2000000000000002,1.5,2.0,21.25,3.9607449968197246
-1.1,-1.5,2.1,18.25,3.770465099334973
-1.1,-1.4000000000000001,2.1,18.35,3.7304231774293206
-1.1,-1.3,2.1,18.45,3.692662602486228
-1.1,-1.2000000000000002,2.1,18.55,3.657254029844604
-1.1,-1.1,2.1,18.65,3.6242664254266588
-1.1,-1.0,2.1,18.75,3.5937664177094604
-1.1,-0.9,2.1,18.85,3.565817861968624
-1.1,-0.8,2.1,18.95,3.540481194597142
-1.1,-0.7000000000000001,2.1,19.05,3.5178128346362527
-1.1,-0.6000000000000001,2.1,19.15,3.4978646481133078
-1.1,-0.5,2.1,19.25,3.4806834200280203
-1.1,-0.4,2.1,19.35,3.4663102928893665
-1.1,-0.30000000000000004,2.1,19.45,3.454780318179414
-1.1,-0.2,2.1,19.55,3.4461220364059435
-1.1,-0.1,2.1,19.65,3.440357113845924
-1.1,0.0,2.1,19.75,3.43750012010336
-1.1,0.1,2.1,19.85,3.4375583014407907
-1.1,0.2,2.1,19.95,3.4405315141242516
-1.1,0.30000000000000004,2.1,20.05,3.4434731117401283
-1.1,0.4,2.1,20.15,3.4463831871962003
-1.1,0.5,2.1,20.25,3.4521959780996894
-1.1,0.6000000000000001,2.1,20.35,3.460896858768446
-1.1,0.7000000000000001,2.1,20.45,3.4724641193991355
-1.1,0.8,2.1,20.55,3.486869238200343
-1.1,0.9,2.1,20.65,3.50407720236457
-1.1,1.0,2.1,20.75,3.5240469734830118
-1.1,1.1,2.1,20.85,3.5467318917240096
-1.1,1.2000000000000002,2.1,20.95,3.5720802130546603
-1.1,1.3,2.1,21.05,3.6000356902251824
-1.1,1.4000000000000001,2.1,21.15,3.6305381166552566
-1.1,1.5,2.1,21.25,3.663523859783503
-1.0,-1.5,2.2,18.25,3.5072247869430075
-1.0,-1.4000000000000001,2.2,18.35,3.462690532555803
-1.0,-1.3,2.2,18.45,3.4205300373215133
-1.0,-1.2000000000000002,2.2,18.55,3.380832099018667
-1.0,-1.1,2.2,18.65,3.343684459974466
-1.0,-1.0,2.2,18.75,3.309172964030141
-1.0,-0.9,2.2,18.85,3.277380915913232
-1.0,-0.8,2.2,18.95,3.2483881749164785
-1.0,-0.7000000000000001,2.2,19.05,3.2222702846740847
-1.0,-0.6000000000000001,2.2,19.15,3.1990976446809625
-1.0,-0.5,2.2,19.25,3.178934682633138
-1.0,-0.4,2.2,19.35,3.161838972577692
-1.0,-0.30000000000000004,2.2,19.45,3.147860495208909
-1.0,-0.2,2.2,19.55,3.1370409203975194
-1.0,-0.1,2.2,19.65,3.129412998219618
-1.0,0.0,2.2,19.75,3.1250001162290584
-1.0,0.1,2.2,19.85,3.123815891312039
-1.0,0.2,2.2,19.95,3.1258640012687584
-1.0,0.30000000000000004,2.2,20.05,3.1285021525655696
-1.0,0.4,2.2,20.15,3.131728870817539
-1.0,0.5,2.2,20.25,3.1381723532261003
-1.0,0.6000000000000001,2.2,20.35,3.1478128461476422
-1.0,0.7000000000000001,2.2,20.45,3.160621095285879
-1.0,0.8,2.2,20.55,3.176558787684285
-1.0,0.9,2.2,20.65,3.195579084802887
-1.0,1.0,2.2,20.75,3.2176273430869906
-1.0,1.1,2.2,20.85,3.2426417870645476
-1.0,1.2000000000000002,2.2,20.95,3.2705543407284567
-1.0,1.3,2.2,21.05,3.3012915075330413
-1.0,1.4000000000000001,2.2,21.15,3.334775204444455
-1.0,1.5,2.2,21.25,3.370923570556594
-0.9,-1.5,2.3000000000000003,18.25,3.2504087019604397
-0.9,-1.4000000000000001,2.3000000000000003,18.35,3.200782209739911
-0.9,-1.3,2.3000000000000003,18.45,3.153618043039222
-0.9,-1.2000000000000002,2.3000000000000003,18.55,3.109028256889203
-0.9,-1.1,2.3000000000000003,18.65,3.0671251682617355
-0.9,-1.0,2.3000000000000003,18.75,3.0280202683499544
-0.9,-0.9,2.3000000000000003,18.85,2.9918233074271257
-0.9,-0.8,2.3000000000000003,18.95,2.9586410335034183
-0.9,-0.7000000000000001,2.3000000000000003,19.05,2.9285759018893156
-0.9,-0.6000000000000001,2.3000000000000003,19.15,2.9017247931753505
-0.9,-0.5,2.3000000000000003,19.25,2.8781776781676895
-0.9,-0.4,2.3000000000000003,19.35,2.858016222565834
-0.9,-0.30000000000000004,2.3000000000000003,19.45,2.8413124994214756
-0.9,-0.2,2.3000000000000003,19.55,2.828127784868316
-0.9,-0.1,2.3000000000000003,19.65,2.8185114429014746
-0.9,0.0,2.3000000000000003,19.75,2.8125000929832464
-0.9,0.1,2.3000000000000003,19.85,2.8101168578777718
-0.9,0.2,2.3000000000000003,19.95,2.8113709809351035
-0.9,0.30000000000000004,2.3000000000000003,20.05,2.813815335096137
-0.9,0.4,2.3000000000000003,20.15,2.817446848084018
-0.9,0.5,2.3000000000000003,20.25,2.8246958668256577
-0.9,0.6000000000000001,2.3000000000000003,20.35,2.8355346472236524
-0.9,0.7000000000000001,2.3000000000000003,20.45,2.8499222321992326
-0.9,0.8,2.3000000000000003,20.55,2.867805215422437
-0.9,0.9,2.3000000000000003,20.65,2.8891186732736345
-0.9,1.0,2.3000000000000003,20.75,2.913787353133314
-0.9,1.1,2.3000000000000003,20.85,2.9417268363791678
-0.9,1.2000000000000002,2.3000000000000003,20.95,2.9728448860966172
-0.9,1.3,2.3000000000000003,21.05,3.007042839641445
-0.9,1.4000000000000001,2.3000000000000003,21.15,3.0442169247457196
-0.9,1.5,2.3000000000000003,21.25,3.0842595124195036
-0.8,-1.5,2.4000000000000004,18.25,3.0016662879069833
-0.8,-1.4000000000000001,2.4000000000000004,18.35,2.946251945007407
-0.8,-1.3,2.4000000000000004,18.45,2.8933718277107183
-0.8,-1.2000000000000002,2.4000000000000004,18.55,2.8431673330424623
-0.8,-1.1,2.4000000000000004,18.65,2.7957826407470754
-0.8,-1.0,2.4000000000000004,18.75,2.751363390076875
-0.8,-0.9,2.4000000000000004,18.85,2.7100554368553107
-0.8,-0.8,2.4000000000000004,18.95,2.672003095427311
-0.8,-0.7000000000000001,2.4000000000000004,19.05,2.637347265431372
-0.8,-0.6000000000000001,2.4000000000000004,19.15,2.606223425645077
-0.8,-0.5,2.4000000000000004,19.25,2.5787594933457623
-0.8,-0.4,2.4000000000000004,19.35,2.5550734804732667
-0.8,-0.30000000000000004,2.4000000000000004,19.45,2.535271289706336
-0.8,-0.2,2.4000000000000004,19.55,2.519444491507569
-0.8,-0.1,2.4000000000000004,19.65,2.507668342910583
-0.8,0.0,2.4000000000000004,19.75,2.500000108480455
-0.8,0.1,2.4000000000000004,19.85,2.496477625425145
-0.8,0.2,2.4000000000000004,19.95,2.497118454504826
-0.8,0.30000000000000004,2.4000000000000004,20.05,2.499520060161038
-0.8,0.4,2.4000000000000004,20.15,2.5036774019081034
-0.8,0.5,2.4000000000000004,20.25,2.51197144314021
-0.8,0.6000000000000001,2.4000000000000004,20.35,2.524361409732529
-0.8,0.7000000000000001,2.4000000000000004,20.45,2.540787382090894
-0.8,0.8,2.4000000000000004,20.55,2.5611717131147795
-0.8,0.9,2.4000000000000004,20.65,2.5854207585697173
-0.8,1.0,2.4000000000000004,20.75,2.6134269710220606
-0.8,1.1,2.4000000000000004,20.85,2.645070995685471
-0.8,1.2000000000000002,2.4000000000000004,20.95,2.6802239659255434
-0.8,1.3,2.4000000000000004,21.05,2.7187497913908643
-0.8,1.4000000000000001,2.4000000000000004,21.15,2.760507286380603
-0.8,1.5,2.4000000000000004,21.25,2.8053521224754308
-0.7000000000000001,-1.5,2.5,18.25,2.7631787413483595
-0.7000000000000001,-1.4000000000000001,2.5,18.35,2.7011861799182713
-0.7000000000000001,-1.3,2.5,18.45,2.641762063091645
-0.7000000000000001,-1.2000000000000002,2.5,18.55,2.585083505371327
-0.7000000000000001,-1.1,2.5,18.65,2.531334989527889
-0.7000000000000001,-1.0,2.5,18.75,2.4807069090403306
-0.7000000000000001,-0.9,2.5,18.85,2.4333940737261397
-0.7000000000000001,-0.8,2.5,18.95,2.389593437646908
-0.7000000000000001,-0.7000000000000001,2.5,19.05,2.349501406946941
-0.7000000000000001,-0.6000000000000001,2.5,19.15,2.3133107910086603
-0.7000000000000001,-0.5,2.5,19.25,2.2812073076512274
-0.7000000000000001,-0.4,2.5,19.35,2.253365650598766
-0.7000000000000001,-0.30000000000000004,2.5,19.45,2.2299454567877284
-0.7000000000000001,-0.2,2.5,19.55,2.2110872489575435
-0.7000000000000001,-0.1,2.5,19.65,2.1969084647262997
-0.7000000000000001,0.0,2.5,19.75,2.187500123977663
-0.7000000000000001,0.1,2.5,19.85,2.1829239090154524
-0.7000000000000001,0.2,2.5,19.95,2.183210205828359
-0.7000000000000001,0.30000000000000004,2.5,20.05,2.1857851674951765
-0.7000000000000001,0.4,2.5,20.15,2.1906407282488503
-0.7000000000000001,0.5,2.5,20.25,2.2003197036709814
-0.7000000000000001,0.6000000000000001,2.5,20.35,2.214758856835132
-0.7000000000000001,0.7000000000000001,2.5,20.45,2.2338658838353225
-0.7000000000000001,0.8,2.5,20.55,2.2575222728237567
-0.7000000000000001,0.9,2.5,20.65,2.2855867442368467
-0.7000000000000001,1.0,2.5,20.75,2.3178992209245757
-0.7000000000000001,1.1,2.5,20.85,2.354284783416635
-0.7000000000000001,1.2000000000000002,2.5,20.95,2.394557740856833
-0.7000000000000001,1.3,2.5,21.05,2.438525515955998
-0.7000000000000001,1.4000000000000001,2.5,21.15,2.4859921037885893
-0.7000000000000001,1.5,2.5,21.25,2.5367610842100907
-0.6000000000000001,-1.5,2.6,18.25,2.5378386786195404
-0.6000000000000001,-1.4000000000000001,2.6,18.35,2.468405394228236
-0.6000000000000001,-1.3,2.6,18.45,2.4015047764700372
-0.6000000000000001,-1.2000000000000002,2.6,18.55,2.337354301956946
-0.6000000000000001,-1.1,2.6,18.65,2.2761865566415858
-0.6000000000000001,-1.0,2.6,18.75,2.218248225210314
-0.6000000000000001,-0.9,2.6,18.85,2.163798776767685
-0.6000000000000001,-0.8,2.6,18.95,2.1131079501722527
-0.6000000000000001,-0.7000000000000001,2.6,19.05,2.0664523361691574
-0.6000000000000001,-0.6000000000000001,2.6,19.15,2.024110970413706
-0.6000000000000001,-0.5,2.6,19.25,1.9863597844094247
-0.6000000000000001,-0.4,2.6,19.35,1.9534649153155512
-0.6000000000000001,-0.30000000000000004,2.6,19.45,1.9256752496977072
-0.6000000000000001,-0.2,2.6,19.55,1.9032144431438534
-0.6000000000000001,-0.1,2.6,19.65,1.8862728339343247
-0.6000000000000001,0.0,2.6,19.75,1.875000061988831
-0.6000000000000001,0.1,2.6,19.85,1.8694986515032674
-0.6000000000000001,0.2,2.6,19.95,1.8698195774393152
-0.6000000000000001,0.30000000000000004,2.6,20.05,1.87289220009682
-0.6000000000000001,0.4,2.6,20.15,1.878703061973374
-0.6000000000000001,0.5,2.6,20.25,1.8902711957722083
-0.6000000000000001,0.6000000000000001,2.6,20.35,1.9074918579795566
-0.6000000000000001,0.7000000000000001,2.6,20.45,1.9302137663581762
-0.6000000000000001,0.8,2.6,20.55,1.9582454413059998
-0.6000000000000001,0.9,2.6,20.65,1.9913626388317993
-0.6000000000000001,1.0,2.6,20.75,2.0293164342794965
-0.6000000000000001,1.1,2.6,20.85,2.0718410246006687
-0.6000000000000001,1.2000000000000002,2.6,20.95,2.1186611735789223
-0.6000000000000001,1.3,2.6,21.05,2.1694988111269433
-0.6000000000000001,1.4000000000000001,2.6,21.15,2.2240784917489407
-0.6000000000000001,1.5,2.6,21.25,2.2821317212464005
-0.5,-1.5,2.7,18.25,2.3294648951034134
-0.5,-1.4000000000000001,2.7,18.35,2.251723053631414
-0.5,-1.3,2.7,18.45,2.1763631899222853
-0.5,-1.2000000000000002,2.7,18.55,2.103641291720571
-0.5,-1.1,2.7,18.65,2.0338403943448347
-0.5,-1.0,2.7,18.75,1.9672713920848457
-0.5,-0.9,2.7,18.85,1.9042732603891976
-0.5,-0.8,2.7,18.95,1.8452118365362045
-0.5,-0.7000000000000001,2.7,19.05,1.7904766902552878
-0.5,-0.6000000000000001,2.7,19.15,1.7404760120927765
-0.5,-0.5,2.7,19.25,1.6956287117259148
-0.5,-0.4,2.7,19.35,1.6563534394640116
-0.5,-0.30000000000000004,2.7,19.45,1.623054747645717
-0.5,-0.2,2.7,19.55,1.5961067438479069
-0.5,-0.1,2.7,19.65,1.5758352577815455
-0.5,0.0,2.7,19.75,1.56250015497208
-0.5,0.1,2.7,19.85,1.5562797852887
-0.5,0.2,2.7,19.95,1.5572593769064427
-0.5,0.30000000000000004,2.7,20.05,1.561347738809327
-0.5,0.4,2.7,20.15,1.5685205650624783
-0.5,0.5,2.7,20.25,1.582768701089049
-0.5,0.6000000000000001,2.7,20.35,1.6039035999148097
-0.5,0.7000000000000001,2.7,20.45,1.6316576694587441
-0.5,0.8,2.7,20.55,1.665700084854739
-0.5,0.9,2.7,20.65,1.7056543417107357
-0.5,1.0,2.7,20.75,1.7511158600016727
-0.5,1.1,2.7,20.85,1.80166778581696
-0.5,1.2000000000000002,2.7,20.95,1.856894381997209
-0.5,1.3,2.7,21.05,1.9163915744255438
-0.5,1.4000000000000001,2.7,21.15,1.9797744087270441
-0.5,1.5,2.7,21.25,2.0466818906239155
-0.4,-1.5,2.8000000000000003,18.25,2.1430119374520054
-0.4,-1.4000000000000001,2.8000000000000003,18.35,2.0562344677376196
-0.4,-1.3,2.8000000000000003,18.45,1.9715223034679015
-0.4,-1.2000000000000002,2.8000000000000003,18.55,1.8891532896262695
-0.4,-1.1,2.8000000000000003,18.65,1.8094474984569044
-0.4,-1.0,2.8000000000000003,18.75,1.7327723936181327
-0.4,-0.9,2.8000000000000003,18.85,1.6595481739881923
-0.4,-0.8,2.8000000000000003,18.95,1.5902516213036866
-0.4,-0.7000000000000001,2.8000000000000003,19.05,1.525418067511398
-0.4,-0.6000000000000001,2.8000000000000003,19.15,1.4656398670849664
-0.4,-0.5,2.8000000000000003,19.25,1.4115594939782
-0.4,-0.4,2.8000000000000003,19.35,1.3638548925359986
-0.4,-0.30000000000000004,2.8000000000000003,19.45,1.3232158553112565
-0.4,-0.2,2.8000000000000003,19.55,1.29031012995201
-0.4,-0.1,2.8000000000000003,19.65,1.2657409705823865
-0.4,0.0,2.8000000000000003,19.75,1.2500000929832475
-0.4,0.1,2.8000000000000003,19.85,1.2434227868202221
-0.4,0.2,2.8000000000000003,19.95,1.2461541904057793
-0.4,0.30000000000000004,2.8000000000000003,20.05,1.252158227919452
-0.4,0.4,2.8000000000000003,20.15,1.2613882151490734
-0.4,0.5,2.8000000000000003,20.25,1.2796484782891673
-0.4,0.6000000000000001,2.8000000000000003,20.35,1.3065604554265087
-0.4,0.7000000000000001,2.8000000000000003,20.45,1.3416036000010745
-0.4,0.8,2.8000000000000003,20.55,1.384160482125631
-0.4,0.9,2.8000000000000003,20.65,1.433562064138221
-0.4,1.0,2.8000000000000003,20.75,1.4891273400358733
-0.4,1.1,2.8000000000000003,20.85,1.550193623600867
-0.4,1.2000000000000002,2.8000000000000003,20.95,1.616137432712958
-0.4,1.3,2.8000000000000003,21.05,1.686386704329413
-0.4,1.4000000000000001,2.8000000000000003,21.15,1.760426136062108
-0.4,1.5,2.8000000000000003,21.25,1.8377976568952736
-0.30000000000000004,-1.5,2.9000000000000004,18.25,1.984667869548735
-0.30000000000000004,-1.4000000000000001,2.9000000000000004,18.35,1.8885329147091665
-0.30000000000000004,-1.3,2.9000000000000004,18.45,1.7939499952335252
-0.30000000000000004,-1.2000000000000002,2.9000000000000004,18.55,1.7011779822431676
-0.30000000000000004,-1.1,2.9000000000000004,18.65,1.6105299229457337
-0.30000000000000004,-1.0,2.9000000000000004,18.75,1.5223851548787481
-0.30000000000000004,-0.9,2.9000000000000004,18.85,1.4372044180330457
-0.30000000000000004,-0.8,2.9000000000000004,18.95,1.3555465997420237
-0.30000000000000004,-0.7000000000000001,2.9000000000000004,19.05,1.2780871065976922
-0.30000000000000004,-0.6000000000000001,2.9000000000000004,19.15,1.2056353643781867
-0.30000000000000004,-0.5,2.9000000000000004,19.25,1.1391473081856112
-0.30000000000000004,-0.4,2.9000000000000004,19.35,1.0797252243948656
-0.30000000000000004,-0.30000000000000004,2.9000000000000004,19.45,1.0285944733319679
-0.30000000000000004,-0.2,2.9000000000000004,19.55,0.9870443902976291
-0.30000000000000004,-0.1,2.9000000000000004,19.65,0.9563245303150031
-0.30000000000000004,0.0,2.9000000000000004,19.75,0.9375001859665005
-0.30000000000000004,0.1,2.9000000000000004,19.85,0.9312929874969892
-0.30000000000000004,0.2,2.9000000000000004,19.95,0.9379534315110196
-0.30000000000000004,0.30000000000000004,2.9000000000000004,20.05,0.947632117016053
-0.30000000000000004,0.4,2.9000000000000004,20.15,0.9602377993163074
-0.30000000000000004,0.5,2.9000000000000004,20.25,0.9849652930002332
-0.30000000000000004,0.6000000000000001,2.9000000000000004,20.35,1.0209341920700634
-0.30000000000000004,0.7000000000000001,2.9000000000000004,20.45,1.0670082561058982
-0.30000000000000004,0.8,2.9000000000000004,20.55,1.1219432442769917
-0.30000000000000004,0.9,2.9000000000000004,20.65,1.1845068981710507
-0.30000000000000004,1.0,2.9000000000000004,20.75,1.25355759066303
-0.30000000000000004,1.1,2.9000000000000004,20.85,1.3280838317459633
-0.30000000000000004,1.2000000000000002,2.9000000000000004,20.95,1.4072159090167145
-0.30000000000000004,1.3,2.9000000000000004,21.05,1.490220294308933
-0.30000000000000004,1.4000000000000001,2.9000000000000004,21.15,1.5764855080132798
-0.30000000000000004,1.5,2.9000000000000004,21.25,1.665504917160435
-0.2,-1.5,3.0,18.25,1.8616189415255007
-0.2,-1.4000000000000001,3.0,18.35,1.7565947484037414
-0.2,-1.3,3.0,18.45,1.6524603274549285
-0.2,-1.2000000000000002,3.0,18.55,1.5493950625656103
-0.2,-1.1,3.0,18.65,1.4476274286768145
-0.2,-1.0,3.0,18.75,1.3474513376327857
-0.2,-0.9,3.0,18.85,1.2492497965740283
-0.2,-0.8,3.0,18.95,1.1535272613827323
-0.2,-0.7000000000000001,3.0,19.05,1.0609548592587017
-0.2,-0.6000000000000001,3.0,19.15,0.9724326024444991
-0.2,-0.5,3.0,19.25,0.8891710359262953
-0.2,-0.4,3.0,19.35,0.8127884767173017
-0.2,-0.30000000000000004,3.0,19.45,0.7454026405638448
-0.2,-0.2,3.0,19.55,0.6896558399824254
-0.2,-0.1,3.0,19.65,0.6485562121640011
-0.2,0.0,3.0,19.75,0.625000123977667
-0.2,0.1,3.0,19.85,0.6209872474766386
-0.2,0.2,3.0,19.95,0.6368871014599488
-0.2,0.30000000000000004,3.0,20.05,0.6543127440193721
-0.2,0.4,3.0,20.15,0.6731457265170762
-0.2,0.5,3.0,20.25,0.7093131655996723
-0.2,0.6000000000000001,3.0,20.35,0.7603454226058192
-0.2,0.7000000000000001,3.0,20.45,0.8234835477907152
-0.2,0.8,3.0,20.55,0.8961725187062509
-0.2,0.9,3.0,20.65,0.9762812751200393
-0.2,1.0,3.0,20.75,1.0621323678774826
-0.2,1.1,3.0,20.85,1.1524431515510762
-0.2,1.2000000000000002,3.0,20.95,1.2462444136608284
-0.2,1.3,3.0,21.05,1.3428049157354456
-0.2,1.4000000000000001,3.0,21.15,1.4415703584451531
-0.2,1.5,3.0,21.25,1.542117105440773
-0.1,-1.5,3.1,18.25,1.7811951606866796
-0.1,-1.4000000000000001,3.1,18.35,1.6689236759075703
-0.1,-1.3,3.1,18.45,1.5569220415778002
-0.1,-1.2000000000000002,3.1,18.55,1.4452529808862313
-0.1,-1.1,3.1,18.65,1.3340001115018796
-0.1,-1.0,3.1,18.75,1.2232768450838125
-0.1,-0.9,3.1,18.85,1.1132413004644102
-0.1,-0.8,3.1,18.95,1.0041196563758525
-0.1,-0.7000000000000001,3.1,19.05,0.8962456851387218
-0.1,-0.6000000000000001,3.1,19.15,0.7901305510370193
-0.1,-0.5,3.1,19.25,0.6865903133198558
-0.1,-0.4,3.1,19.35,0.5869891311749806
-0.1,-0.30000000000000004,3.1,19.45,0.49371675381818525
-0.1,-0.2,3.1,19.55,0.41110373955729773
-0.1,-0.1,3.1,19.65,0.3468519510395652
-0.1,0.0,3.1,19.75,0.3125000619888335
-0.1,0.1,3.1,19.85,0.31789352273173294
-0.1,0.2,3.1,19.95,0.36125657600305794
-0.1,0.30000000000000004,3.1,20.05,0.3978144041311501
-0.1,0.4,3.1,20.15,0.4293090988984084
-0.1,0.5,3.1,20.25,0.48621631079949973
-0.1,0.6000000000000001,3.1,20.35,0.5608531840506602
-0.1,0.7000000000000001,3.1,20.45,0.647113815738196
-0.1,0.8,3.1,20.55,0.7409496062153373
-0.1,0.9,3.1,20.65,0.8398251363811914
-0.1,1.0,3.1,20.75,0.9421551332718666
-0.1,1.1,3.1,20.85,1.0469270947461804
-0.1,1.2000000000000002,3.1,20.95,1.1534757279608792
-0.1,1.3,3.1,21.05,1.261350935865869
-0.1,1.4000000000000001,3.1,21.15,1.3702394813256749
-0.1,1.5,3.1,21.25,1.4799176666517337
0.0,-1.5,3.2,18.25,1.7492855408538877
0.0,-1.4000000000000001,3.2,18.35,1.6326665145079682
0.0,-1.3,3.2,18.45,1.5160474728288813
0.0,-1.2000000000000002,3.2,18.55,1.3994284132610972
0.0,-1.1,3.2,18.65,1.2828094201370426
0.0,-1.0,3.2,18.75,1.1661903605692585
0.0,-0.9,3.2,18.85,1.0495713010014742
0.0,-0.8,3.2,18.95,0.9329522925442523
0.0,-0.7000000000000001,3.2,19.05,0.8163332840870309
0.0,-0.6000000000000001,3.2,19.15,0.6997142245192465
0.0,-0.5,3.2,19.25,0.5830951649514621
0.0,-0.4,3.2,19.35,0.4664761053836777
0.0,-0.30000000000000004,3.2,19.45,0.34985704581589333
0.0,-0.2,3.2,19.55,0.23323808846924218
0.0,-0.1,3.2,19.65,0.11661902890146336
0.0,0.0,3.2,19.75,0.0
0.0,0.1,3.2,19.85,0.11661909023412788
0.0,0.2,3.2,19.95,0.23323811913556886
0.0,0.30000000000000004,3.2,20.05,0.29732142311732473
0.0,0.4,3.2,20.15,0.34000004565015596
0.0,0.5,3.2,20.25,0.4123105994252124
0.0,0.6000000000000001,3.2,20.35,0.5015974697744985
0.0,0.7000000000000001,3.2,20.45,0.6003332605103388
0.0,0.8,3.2,20.55,0.7045566339038014
0.0,0.9,3.2,20.65,0.8121576118327246
0.0,1.0,3.2,20.75,0.9219544554268408
0.0,1.1,3.2,20.85,1.0332473369982231
0.0,1.2000000000000002,3.2,20.95,1.145600278372242
0.0,1.3,3.2,21.05,1.2587294874063646
0.0,1.4000000000000001,3.2,21.15,1.372443066390657
0.0,1.5,3.2,21.25,1.486606884354515
0.1,-1.5,3.3000000000000003,18.25,1.7685180248671302
0.1,-1.4000000000000001,3.3000000000000003,18.35,1.6512134949190655
0.1,-1.3,3.3000000000000003,18.45,1.53421186716388
0.1,-1.2000000000000002,3.3000000000000003,18.55,1.4175880931526146
0.1,-1.1,3.3000000000000003,18.65,1.301443833976255
0.1,-1.0,3.3000000000000003,18.75,1.1859199008716748
0.1,-0.9,3.3000000000000003,18.85,1.0712170547974895
0.1,-0.8,3.3000000000000003,18.95,0.9576304349689488
0.1,-0.7000000000000001,3.3000000000000003,19.05,0.8456099021083113
0.1,-0.6000000000000001,3.3000000000000003,19.15,0.7358709646791732
0.1,-0.5,3.3000000000000003,19.25,0.6296078586619946
0.1,-0.4,3.3000000000000003,19.35,0.5289196948846614
0.1,-0.30000000000000004,3.3000000000000003,19.45,0.4376711556656213
0.1,-0.2,3.3000000000000003,19.55,0.3630510830457062
0.1,-0.1,3.3000000000000003,19.65,0.3170269465261467
0.1,0.0,3.3000000000000003,19.75,0.3124997520447249
0.1,0.1,3.3000000000000003,19.85,0.3510784716947929
0.1,0.2,3.3000000000000003,19.95,0.4210773525408281
0.1,0.30000000000000004,3.3000000000000003,20.05,0.4674998164018085
0.1,0.4,3.3000000000000003,20.15,0.4969970617915864
0.1,0.5,3.3000000000000003,20.25,0.5512767693287592
0.1,0.6000000000000001,3.3000000000000003,20.35,0.6239039005725099
0.1,0.7000000000000001,3.3000000000000003,20.45,0.7092644509162291
0.1,0.8,3.3000000000000003,20.55,0.8033094559856223
0.1,0.9,3.3000000000000003,20.65,0.9033305371967186
0.1,1.0,3.3000000000000003,20.75,1.0075495471497224
0.1,1.1,3.3000000000000003,20.85,1.1147897243013882
0.1,1.2000000000000002,3.3000000000000003,20.95,1.224257352243534
0.1,1.3,3.3000000000000003,21.05,1.3354048018154387
0.1,1.4000000000000001,3.3000000000000003,21.15,1.4478453049503561
0.1,1.5,3.3000000000000003,21.25,1.5612994838719139
0.2,-1.5,3.4000000000000004,18.25,1.8372873113035115
0.2,-1.4000000000000001,3.4000000000000004,18.35,1.7227955986562722
0.2,-1.3,3.4000000000000004,18.45,1.6094175054696307
0.2,-1.2000000000000002,3.4000000000000004,18.55,1.4974059780708366
0.2,-1.1,3.4000000000000004,18.65,1.3870921824492972
0.2,-1.0,3.4000000000000004,18.75,1.2789154457875744
0.2,-0.9,3.4000000000000004,18.85,1.1734669275975154
0.2,-0.8,3.4000000000000004,18.95,1.071552475776433
0.2,-0.7000000000000001,3.4000000000000004,19.05,0.9742816688269494
0.2,-0.6000000000000001,3.4000000000000004,19.15,0.8831900951938035
0.2,-0.5,3.4000000000000004,19.25,0.8003903583993764
0.2,-0.4,3.4000000000000004,19.35,0.7287144261800731
0.2,-0.30000000000000004,3.4000000000000004,19.45,0.6717326190987396
0.2,-0.2,3.4000000000000004,19.55,0.6334230557768045
0.2,-0.1,3.4000000000000004,19.65,0.617272023731665
0.2,0.0,3.4000000000000004,19.75,0.6249998140335216
0.2,0.1,3.4000000000000004,19.85,0.6557627235615446
0.2,0.2,3.4000000000000004,19.95,0.7065584177054022
0.2,0.30000000000000004,3.4000000000000004,20.05,0.740759582646231
0.2,0.4,3.4000000000000004,20.15,0.7606081516109247
0.2,0.5,3.4000000000000004,20.25,0.7988271140579797
0.2,0.6000000000000001,3.4000000000000004,20.35,0.8529506183604411
0.2,0.7000000000000001,3.4000000000000004,20.45,0.9201764759905617
0.2,0.8,3.4000000000000004,20.55,0.9978600928822695
0.2,0.9,3.4000000000000004,20.65,1.0837549262336559
0.2,1.0,3.4000000000000004,20.75,1.1760632356141958
0.2,1.1,3.4000000000000004,20.85,1.2733910765254384
0.2,1.2000000000000002,3.4000000000000004,20.95,1.3746726028717606
0.2,1.3,3.4000000000000004,21.05,1.4790958995582402
0.2,1.4000000000000001,3.4000000000000004,21.15,1.5860405782566305
0.2,1.5,3.4000000000000004,21.25,1.6950294272363775
0.30000000000000004,-1.5,3.5,18.25,1.9503604564935035
0.30000000000000004,-1.4000000000000001,3.5,18.35,1.8412376144514504
0.30000000000000004,-1.3,3.5,18.45,1.7342594808907392
0.30000000000000004,-1.2000000000000002,3.5,18.55,1.629848431818303
0.30000000000000004,-1.1,3.5,18.65,1.5285306597856718
0.30000000000000004,-1.0,3.5,18.75,1.4309632930359655
0.30000000000000004,-0.9,3.5,18.85,1.3379670848299345
0.30000000000000004,-0.8,3.5,18.95,1.2505622717354734
0.30000000000000004,-0.7000000000000001,3.5,19.05,1.1700025733793231
0.30000000000000004,-0.6000000000000001,3.5,19.15,1.0977959731964984
0.30000000000000004,-0.5,3.5,19.25,1.0356910648350315
0.30000000000000004,-0.4,3.5,19.35,0.9855992929593248
0.30000000000000004,-0.30000000000000004,3.5,19.45,0.9494240178581262
0.30000000000000004,-0.2,3.5,19.55,0.9287927797279126
0.30000000000000004,-0.1,3.5,19.65,0.924746450264248
0.30000000000000004,0.0,3.5,19.75,0.9374998760223427
0.30000000000000004,0.1,3.5,19.85,0.9663881526847029
0.30000000000000004,0.2,3.5,19.95,1.0100277378621723
0.30000000000000004,0.30000000000000004,3.5,20.05,1.03870401732619
0.30000000000000004,0.4,3.5,20.15,1.0536394243482392
0.30000000000000004,0.5,3.5,20.25,1.0828924394524608
0.30000000000000004,0.6000000000000001,3.5,20.35,1.125347068682586
0.30000000000000004,0.7000000000000001,3.5,20.45,1.1795787505367241
0.30000000000000004,0.8,3.5,20.55,1.2440482481073394
0.30000000000000004,0.9,3.5,20.65,1.3172532087840183
0.30000000000000004,1.0,3.5,20.75,1.3978218897353487
0.30000000000000004,1.1,3.5,20.85,1.484555846290491
0.30000000000000004,1.2000000000000002,3.5,20.95,1.576437749737962
0.30000000000000004,1.3,3.5,21.05,1.6726194943376773
0.30000000000000004,1.4000000000000001,3.5,21.15,1.7724011964424509
0.30000000000000004,1.5,3.5,21.25,1.875208264546448
0.4,-1.5,3.6,18.25,2.100595092398799
0.4,-1.4000000000000001,3.6,18.35,1.9982241540325714
0.4,-1.3,3.6,18.45,1.8989733473086086
0.4,-1.2000000000000002,3.6,18.55,1.8033579080323945
0.4,-1.1,3.6,18.65,1.7119871058112188
0.4,-1.0,3.6,18.75,1.6255767481006909
0.4,-0.9,3.6,18.85,1.544959463819179
0.4,-0.8,3.6,18.95,1.4710879733336386
0.4,-0.7000000000000001,3.6,19.05,1.4050266495990782
0.4,-0.6000000000000001,3.6,19.15,1.347924270948438
0.4,-0.5,3.6,19.25,1.3009611153183092
0.4,-0.4,3.6,19.35,1.2652666970647313
0.4,-0.30000000000000004,3.6,19.45,1.241813111090202
0.4,-0.2,3.6,19.55,1.2313000727507062
0.4,-0.1,3.6,19.65,1.2340582997493854
0.4,0.0,3.6,19.75,1.2499999380111702
0.4,0.1,3.6,19.85,1.278632038750085
0.4,0.2,3.6,19.95,1.3191284386611635
0.4,0.30000000000000004,3.6,20.05,1.345027846187485
0.4,0.4,3.6,20.15,1.3571661313786068
0.4,0.5,3.6,20.25,1.381122698462688
0.4,0.6000000000000001,3.6,20.35,1.4162979571799188
0.4,0.7000000000000001,3.6,20.45,1.4618823162579166
0.4,0.8,3.6,20.55,1.5169376777019228
0.4,0.9,3.6,20.65,1.5804745667633897
0.4,1.0,3.6,20.75,1.6515144370022912
0.4,1.1,3.6,20.85,1.729132718236342
0.4,1.2000000000000002,3.6,20.95,1.8124844467942753
0.4,1.3,3.6,21.05,1.9008155520252907
0.4,1.4000000000000001,3.6,21.15,1.993464291851952
0.4,1.5,3.6,21.25,2.089856432154315
0.5,-1.5,3.7,18.25,2.2806591503655254
0.5,-1.4000000000000001,3.7,18.35,2.185464749977934
0.5,-1.3,3.7,18.45,2.0941719668846015
0.5,-1.2000000000000002,3.7,18.55,2.0073131704966856
0.5,-1.1,3.7,18.65,1.9254885731984324
0.5,-1.0,3.7,18.75,1.8493664375930754
0.5,-0.9,3.7,18.85,1.7796786672525378
0.5,-0.8,3.7,18.95,1.7172088526542795
0.5,-0.7000000000000001,3.7,19.05,1.6627706717987194
0.5,-0.6000000000000001,3.7,19.15,1.6171753982128017
0.5,-0.5,3.7,19.25,1.5811882402775752
0.5,-0.4,3.7,19.35,1.5554762125032662
0.5,-0.30000000000000004,3.7,19.45,1.5405538689478626
0.5,-0.2,3.7,19.55,1.5367355960064177
0.5,-0.1,3.7,19.65,1.5441037244684412
0.5,0.0,3.7,19.75,1.5625
0.5,0.1,3.7,19.85,1.5915421121138957
0.5,0.2,3.7,19.95,1.6306613265085543
0.5,0.30000000000000004,3.7,20.05,1.655085005094957
0.5,0.4,3.7,20.15,1.6654598089290062
0.5,0.5,3.7,20.25,1.6860179051572577
0.5,0.6000000000000001,3.7,20.35,1.7163934217762804
0.5,0.7000000000000001,3.7,20.45,1.756076979456518
0.5,0.8,3.7,20.55,1.8044545957727225
0.5,0.9,3.7,20.65,1.8608482886902298
0.5,1.0,3.7,20.75,1.9245535479114333
0.5,1.1,3.7,20.85,1.9948700339634817
0.5,1.2000000000000002,3.7,20.95,2.071124419012249
0.5,1.3,3.7,21.05,2.152685821027181
0.5,1.4000000000000001,3.7,21.15,2.2389743993827054
0.5,1.5,3.7,21.25,2.32946482565796
0.6000000000000001,-1.5,3.8000000000000003,18.25,2.4840740530806356
0.6000000000000001,-1.4000000000000001,3.8000000000000003,18.35,2.395876440914851
0.6000000000000001,-1.3,3.8000000000000003,18.45,2.3121470407343137
0.6000000000000001,-1.2000000000000002,3.8000000000000003,18.55,2.2333884308824956
0.6000000000000001,-1.1,3.8000000000000003,18.65,2.1601444391738456
0.6000000000000001,-1.0,3.8000000000000003,18.75,2.092994009864419
0.6000000000000001,-0.9,3.8000000000000003,18.85,2.0325412438842845
0.6000000000000001,-0.8,3.8000000000000003,18.95,1.9793998997347662
0.6000000000000001,-0.7000000000000001,3.8000000000000003,19.05,1.9341726986692482
0.6000000000000001,-0.6000000000000001,3.8000000000000003,19.15,1.897425623894886
0.6000000000000001,-0.5,3.8000000000000003,19.25,1.8696587862988208
0.6000000000000001,-0.4,3.8000000000000003,19.35,1.8512763104704024
0.6000000000000001,-0.30000000000000004,3.8000000000000003,19.45,1.842559073405714
0.6000000000000001,-0.2,3.8000000000000003,19.55,1.8436442197035652
0.6000000000000001,-0.1,3.8000000000000003,19.65,1.8545144994662293
0.6000000000000001,0.0,3.8000000000000003,19.75,1.8749997520446855
0.6000000000000001,0.1,3.8000000000000003,19.85,1.9047897486416674
0.6000000000000001,0.2,3.8000000000000003,19.95,1.9434567269728302
0.6000000000000001,0.30000000000000004,3.8000000000000003,20.05,1.9671105638136506
0.6000000000000001,0.4,3.8000000000000003,20.15,1.976290457718286
0.6000000000000001,0.5,3.8000000000000003,20.25,1.9945234938073833
0.6000000000000001,0.6000000000000001,3.8000000000000003,20.35,2.021564731676297
0.6000000000000001,0.7000000000000001,3.8000000000000003,20.45,2.0570668341764153
0.6000000000000001,0.8,3.8000000000000003,20.55,2.1006008635306066
0.6000000000000001,0.9,3.8000000000000003,20.65,2.1516793241400842
0.6000000000000001,1.0,3.8000000000000003,20.75,2.2097791713483668
0.6000000000000001,1.1,3.8000000000000003,20.85,2.274362325724763
0.6000000000000001,1.2000000000000002,3.8000000000000003,20.95,2.3448931702740143
0.6000000000000001,1.3,3.8000000000000003,21.05,2.420851886501462
0.6000000000000001,1.4000000000000001,3.8000000000000003,21.15,2.501744160800989
0.6000000000000001,1.5,3.8000000000000003,21.25,2.587107259089159
0.7000000000000001,-1.5,3.9000000000000004,18.25,2.7055785473969625
0.7000000000000001,-1.4000000000000001,3.9000000000000004,18.35,2.623891248059856
0.7000000000000001,-1.3,3.9000000000000004,18.45,2.547058167481215
0.7000000000000001,-1.2000000000000002,3.9000000000000004,18.55,2.4755313151925815
0.7000000000000001,-1.1,3.9000000000000004,18.65,2.4097832586762924
0.7000000000000001,-1.0,3.9000000000000004,18.75,2.350298987934208
0.7000000000000001,-0.9,3.9000000000000004,18.85,2.297565076428351
0.7000000000000001,-0.8,3.9000000000000004,18.95,2.25205580781678
0.7000000000000001,-0.7000000000000001,3.9000000000000004,19.05,2.214216658386865
0.7000000000000001,-0.6000000000000001,3.9000000000000004,19.15,2.1844462408146588
0.7000000000000001,-0.5,3.9000000000000004,19.25,2.1630777521602966
0.7000000000000001,-0.4,3.9000000000000004,19.35,2.1503616824108964
0.7000000000000001,-0.30000000000000004,3.9000000000000004,19.45,2.1464518137800894
0.7000000000000001,-0.2,3.9000000000000004,19.55,2.1513961466775773
0.7000000000000001,-0.1,3.9000000000000004,19.65,2.1651340369509624
0.7000000000000001,0.0,3.9000000000000004,19.75,2.187499814033512
0.7000000000000001,0.1,3.9000000000000004,19.85,2.218232516044781
0.7000000000000001,0.2,3.9000000000000004,19.95,2.256990337409041
0.7000000000000001,0.30000000000000004,3.9000000000000004,20.05,2.280297215129391
0.7000000000000001,0.4,3.9000000000000004,20.15,2.2886252184635856
0.7000000000000001,0.5,3.9000000000000004,20.25,2.3051909656020615
0.7000000000000001,0.6000000000000001,3.9000000000000004,20.35,2.3298187466563416
0.7000000000000001,0.7000000000000001,3.9000000000000004,20.45,2.3622564184978003
0.7000000000000001,0.8,3.9000000000000004,20.55,2.402187623812664
0.7000000000000001,0.9,3.9000000000000004,20.65,2.4492458772340457
0.7000000000000001,1.0,3.9000000000000004,20.75,2.5030292358129436
0.7000000000000001,1.1,3.9000000000000004,20.85,2.563114401961226
0.7000000000000001,1.2000000000000002,3.9000000000000004,20.95,2.629069287660788
0.7000000000000001,1.3,3.9000000000000004,21.05,2.700463903467259
0.7000000000000001,1.4000000000000001,3.9000000000000004,21.15,2.776878692337739
0.7000000000000001,1.5,3.9000000000000004,21.25,2.857911018437939
0.8,-1.5,4.0,18.25,2.941088104266951
0.8,-1.4000000000000001,4.0,18.35,2.865309629277657
0.8,-1.3,4.0,18.45,2.7946375975130633
0.8,-1.2000000000000002,4.0,18.55,2.7294686708477975
0.8,-1.1,4.0,18.65,2.670205862238549
0.8,-1.0,4.0,18.75,2.617250329017896
0.8,-0.9,4.0,18.85,2.5709918789893025
0.8,-0.8,4.0,18.95,2.5317976469843404
0.8,-0.7000000000000001,4.0,19.05,2.4999998760223403
0.8,-0.6000000000000001,4.0,19.15,2.4758835487019812
0.8,-0.5,4.0,19.25,2.4596746395464586
0.8,-0.4,4.0,19.35,2.45152999924463
0.8,-0.30000000000000004,4.0,19.45,2.45153000410728
0.8,-0.2,4.0,19.55,2.4596746395464586
0.8,-0.1,4.0,19.65,2.4758835487019812
0.8,0.0,4.0,19.75,2.4999998760223403
0.8,0.1,4.0,19.85,2.5317976681725196
0.8,0.2,4.0,19.95,2.57099192999305
0.8,0.30000000000000004,4.0,20.05,2.594224239363781
0.8,0.4,4.0,20.15,2.6019222523991474
0.8,0.5,4.0,20.25,2.6172503517916614
0.8,0.6000000000000001,4.0,20.35,2.6400756420240925
0.8,0.7000000000000001,4.0,20.45,2.6702058689351844
0.8,0.8,4.0,20.55,2.7073971689021947
0.8,0.9,4.0,20.65,2.7513631788560278
0.8,1.0,4.0,20.75,2.801785038855332
0.8,1.1,4.0,20.85,2.8583210955062226
0.8,1.2000000000000002,4.0,20.95,2.9206162635057082
0.8,1.3,4.0,21.05,2.9883104262579505
0.8,1.4000000000000001,4.0,21.15,3.061045457728622
0.8,1.5,4.0,21.25,3.1384708703369504
0.9,-1.5,4.1000000000000005,18.25,2.956375397297751
0.9,-1.4000000000000001,4.1000000000000005,18.35,2.881025082208775
0.9,-1.3,4.1000000000000005,18.45,2.8107837971206586
0.9,-1.2000000000000002,4.1000000000000005,18.55,2.746043604499691
0.9,-1.1,4.1000000000000005,18.65,2.687202188027138
0.9,-1.0,4.1000000000000005,18.75,2.6346547283350534
0.9,-0.9,4.1000000000000005,18.85,2.588784559315269
0.9,-0.8,4.1000000000000005,18.95,2.5499520736478614
0.9,-0.7000000000000001,4.1000000000000005,19.05,2.51848280371771
0.9,-0.6000000000000001,4.1000000000000005,19.15,2.4946554069721287
0.9,-0.5,4.1000000000000005,19.25,2.478690296327924
0.9,-0.4,4.1000000000000005,19.35,2.470739887208017
0.9,-0.30000000000000004,4.1000000000000005,19.45,2.470881545808693
0.9,-0.2,4.1000000000000005,19.55,2.479113870963292
0.9,-0.1,4.1000000000000005,19.65,2.495356808145127
0.9,0.0,4.1000000000000005,19.75,2.519455423803556
0.9,0.1,4.1000000000000005,19.85,2.5511871129861396
0.9,0.2,4.1000000000000005,19.95,2.5902713672652564
0.9,0.30000000000000004,4.1000000000000005,20.05,2.6134279513854097
0.9,0.4,4.1000000000000005,20.15,2.621079102298817
0.9,0.5,4.1000000000000005,20.25,2.636314787148618
0.9,0.6000000000000001,4.1000000000000005,20.35,2.6590046349323586
0.9,0.7000000000000001,4.1000000000000005,20.45,2.6889599542418567
0.9,0.8,4.1000000000000005,20.55,2.725941247193647
0.9,0.9,4.1000000000000005,20.65,2.7696670548763604
0.9,1.0,4.1000000000000005,20.75,2.8198236925463207
0.9,1.1,4.1000000000000005,20.85,2.8760747100925808
0.9,1.2000000000000002,4.1000000000000005,20.95,2.938070048786729
0.9,1.3,4.1000000000000005,21.05,3.005454284545033
0.9,1.4000000000000001,4.1000000000000005,21.15,3.077873543110765
0.9,1.5,4.1000000000000005,21.25,3.1549810866206167
1.0,-1.5,4.2,18.25,3.001770185708432
1.0,-1.4000000000000001,4.2,18.35,2.9276653296390505
1.0,-1.3,4.2,18.45,2.858675272276191
1.0,-1.2000000000000002,4.2,18.55,2.7951787484587984
1.0,-1.1,4.2,18.65,2.7375581011463495
1.0,-1.0,4.2,18.75,2.6861914108864537
1.0,-0.9,4.2,18.85,2.64144359256634
1.0,-0.8,4.2,18.95,2.6036559557241397
1.0,-0.7000000000000001,4.2,19.05,2.5731351286226922
1.0,-0.6000000000000001,4.2,19.15,2.5501420270137443
1.0,-0.5,4.2,19.25,2.534881524481339
1.0,-0.4,4.2,19.35,2.527493689284625
1.0,-0.30000000000000004,4.2,19.45,2.52804754119797
1.0,-0.2,4.2,19.55,2.536537865581034
1.0,-0.1,4.2,19.65,2.5528854967713692
1.0,0.0,4.2,19.75,2.576940897614354
1.0,0.1,4.2,19.85,2.6084908365134796
1.0,0.2,4.2,19.95,2.6472673669330655
1.0,0.30000000000000004,4.2,20.05,2.6702105564959475
1.0,0.4,4.2,20.15,2.677727472959249
1.0,0.5,4.2,20.25,2.6926983521911865
1.0,0.6000000000000001,4.2,20.35,2.7149998908913946
1.0,0.7000000000000001,4.2,20.45,2.7444533872116983
1.0,0.8,4.2,20.55,2.7808316098008823
1.0,0.9,4.2,20.65,2.823866914990105
1.0,1.0,4.2,20.75,2.8732602416630377
1.0,1.1,4.2,20.85,2.92868989431944
1.0,1.2000000000000002,4.2,20.95,2.989820123410182
1.0,1.3,4.2,21.05,3.0563089200724574
1.0,1.4000000000000001,4.2,21.15,3.1278146215339837
1.0,1.5,4.2,21.25,3.204001313338449
1.1,-1.5,4.300000000000001,18.25,3.0759397834719304
1.1,-1.4000000000000001,4.300000000000001,18.35,3.003790203365104
1.1,-1.3,4.300000000000001,18.45,2.9367593732154327
1.1,-1.2000000000000002,4.300000000000001,18.55,2.8752053039832774
1.1,-1.1,4.300000000000001,18.65,2.8194867725188493
1.1,-1.0,4.300000000000001,18.75,2.7699558838448586
1.1,-0.9,4.300000000000001,18.85,2.7269498630510234
1.1,-0.8,4.300000000000001,18.95,2.690781603761041
1.1,-0.7000000000000001,4.300000000000001,19.05,2.661729831164167
1.1,-0.6000000000000001,4.300000000000001,19.15,2.640029481066546
1.1,-0.5,4.300000000000001,19.25,2.625862838535368
1.1,-0.4,4.300000000000001,19.35,2.6193521435291576
1.1,-0.30000000000000004,4.300000000000001,19.45,2.6205544596382304
1.1,-0.2,4.300000000000001,19.55,2.6294591929962525
1.1,-0.1,4.300000000000001,19.65,2.645988598291063
1.1,0.0,4.300000000000001,19.75,2.670001065210695
1.1,0.1,4.300000000000001,19.85,2.7012970493675184
1.1,0.2,4.300000000000001,19.95,2.7396269476310158
1.1,0.30000000000000004,4.300000000000001,20.05,2.762255550383716
1.1,0.4,4.300000000000001,20.15,2.7695677874165967
1.1,0.5,4.300000000000001,20.25,2.784134645736608
1.1,0.6000000000000001,4.300000000000001,20.35,2.805843138338705
1.1,0.7000000000000001,4.300000000000001,20.45,2.8345291856644512
1.1,0.8,4.300000000000001,20.55,2.8699835804837117
1.1,0.9,4.300000000000001,20.65,2.9119590764282637
1.1,1.0,4.300000000000001,20.75,2.960178326521664
1.1,1.1,4.300000000000001,20.85,3.014341686991291
1.1,1.2000000000000002,4.300000000000001,20.95,3.0741349481878637
1.1,1.3,4.300000000000001,21.05,3.139236455705756
1.1,1.4000000000000001,4.300000000000001,21.15,3.2093232332691217
1.1,1.5,4.300000000000001,21.25,3.2840760839967076
1.2000000000000002,-1.5,4.4,18.25,3.176869415013847
1.2000000000000002,-1.4000000000000001,4.4,18.35,3.1072333859220054
1.2000000000000002,-1.3,4.4,18.45,3.0427124979190294
1.2000000000000002,-1.2000000000000002,4.4,18.55,2.983638595393862
1.2000000000000002,-1.1,4.4,18.65,2.9303411726979305
1.2000000000000002,-1.0,4.4,18.75,2.883140532379192
1.2000000000000002,-0.9,4.4,18.85,2.8423404590851282
1.2000000000000002,-0.8,4.4,18.95,2.808219964191694
1.2000000000000002,-0.7000000000000001,4.4,19.05,2.7810248866691802
1.2000000000000002,-0.6000000000000001,4.4,19.15,2.7609598677937583
1.2000000000000002,-0.5,4.4,19.25,2.7481811030831547
1.2000000000000002,-0.4,4.4,19.35,2.7427904378397727
1.2000000000000002,-0.30000000000000004,4.4,19.45,2.744831397210708
1.2000000000000002,-0.2,4.4,19.55,2.7542874535570068
1.2000000000000002,-0.1,4.4,19.65,2.7710827122810775
1.2000000000000002,0.0,4.4,19.75,2.79508486791631
1.2000000000000002,0.1,4.4,19.85,2.826110309065757
1.2000000000000002,0.2,4.4,19.95,2.8639307840530543
1.2000000000000002,0.30000000000000004,4.4,20.05,2.886191166880987
1.2000000000000002,0.4,4.4,20.15,2.8932506727163023
1.2000000000000002,0.5,4.4,20.25,2.9073182577268346
1.2000000000000002,0.6000000000000001,4.4,20.35,2.9282929230755523
1.2000000000000002,0.7000000000000001,4.4,20.45,2.9560276437853807
1.2000000000000002,0.8,4.4,20.55,2.990334342131696
1.2000000000000002,0.9,4.4,20.65,3.030989836408015
1.2000000000000002,1.0,4.4,20.75,3.0777425905077624
1.2000000000000002,1.1,4.4,20.85,3.13031939797005
1.2000000000000002,1.2000000000000002,4.4,20.95,3.1884321233847475
1.2000000000000002,1.3,4.4,21.05,3.251784010141503
1.2000000000000002,1.4000000000000001,4.4,21.15,3.3200752015404733
1.2000000000000002,1.5,4.4,21.25,3.393007434656943
1.3,-1.5,4.5,18.25,3.302106219833119
1.3,-1.4000000000000001,4.5,18.35,3.2353756383719174
1.3,-1.3,4.5,18.45,3.173744720478166
1.3,-1.2000000000000002,4.5,18.55,3.117515914307288
1.3,-1.1,4.5,18.65,3.066986402773244
1.3,-1.0,4.5,18.75,3.0224419820311335
1.3,-0.9,4.5,18.85,2.984150715758529
1.3,-0.8,4.5,18.95,2.952355936173657
1.3,-0.7000000000000001,4.5,19.05,2.9272693118080593
1.3,-0.6000000000000001,4.5,19.15,2.909064384523974
1.3,-0.5,4.5,19.25,2.8978708705579
1.3,-0.4,4.5,19.35,2.893770134481951
1.3,-0.30000000000000004,4.5,19.45,2.896792298332919
1.3,-0.2,4.5,19.55,2.906915130028615
1.3,-0.1,4.5,19.65,2.9240649089607658
1.3,0.0,4.5,19.75,2.948118998634844
1.3,0.1,4.5,19.85,2.978910151058141
1.3,0.2,4.5,19.95,3.0162320477231677
1.3,0.30000000000000004,4.5,20.05,3.0381171231713964
1.3,0.4,4.5,20.15,3.044898300049053
1.3,0.5,4.5,20.25,3.05841554631701
1.3,0.6000000000000001,4.5,20.35,3.078580134631573
1.3,0.7000000000000001,4.5,20.45,3.1052625705124117
1.3,0.8,4.5,20.55,3.1382966209393244
1.3,0.9,4.5,20.65,3.177484160468403
1.3,1.0,4.5,20.75,3.2226007593174764
1.3,1.1,4.5,20.85,3.2734012490907816
1.3,1.2000000000000002,4.5,20.95,3.3296254454875904
1.3,1.3,4.5,21.05,3.3910036047494088
1.3,1.4000000000000001,4.5,21.15,3.457261277493178
1.3,1.5,4.5,21.25,3.5281235315608743
1.4000000000000001,-1.5,4.6000000000000005,18.25,3.4490034060579986
1.4000000000000001,-1.4000000000000001,4.6000000000000005,18.35,3.3854134944545398
1.4000000000000001,-1.3,4.6000000000000005,18.45,3.3268941312242037
1.4000000000000001,-1.2000000000000002,4.6000000000000005,18.55,3.2737172273724804
1.4000000000000001,-1.1,4.6000000000000005,18.65,3.2261470210509144
1.4000000000000001,-1.0,4.6000000000000005,18.75,3.1844347284179255
1.4000000000000001,-0.9,4.6000000000000005,18.85,3.1488131886298283
1.4000000000000001,-0.8,4.6000000000000005,18.95,3.1194910771997786
1.4000000000000001,-0.7000000000000001,4.6000000000000005,19.05,3.096647321879221
1.4000000000000001,-0.6000000000000001,4.6000000000000005,19.15,3.080426042514678
1.4000000000000001,-0.5,4.6000000000000005,19.25,3.070932202104122
1.4000000000000001,-0.4,4.6000000000000005,19.35,3.068228250253563
1.4000000000000001,-0.30000000000000004,4.6000000000000005,19.45,3.072332114307396
1.4000000000000001,-0.2,4.6000000000000005,19.55,3.0832165984967728
1.4000000000000001,-0.1,4.6000000000000005,19.65,3.1008103148928465
1.4000000000000001,0.0,4.6000000000000005,19.75,3.1249999380111735
1.4000000000000001,0.1,4.6000000000000005,19.85,3.1556338028984317
1.4000000000000001,0.2,4.6000000000000005,19.95,3.1925263877493606
1.4000000000000001,0.30000000000000004,4.6000000000000005,20.05,3.2140666903776016
1.4000000000000001,0.4,4.6000000000000005,20.15,3.2205627914687653
1.4000000000000001,0.5,4.6000000000000005,20.25,3.2335158404595625
1.4000000000000001,0.6000000000000001,4.6000000000000005,20.35,3.252848702448792
1.4000000000000001,0.7000000000000001,4.6000000000000005,20.45,3.2784485156925367
1.4000000000000001,0.8,4.6000000000000005,20.55,3.310169892686109
1.4000000000000001,0.9,4.6000000000000005,20.65,3.347838799177396
1.4000000000000001,1.0,4.6000000000000005,20.75,3.391257095440224
1.4000000000000001,1.1,4.6000000000000005,20.85,3.4402070822388473
1.4000000000000001,1.2000000000000002,4.6000000000000005,20.95,3.4944562728295607
1.4000000000000001,1.3,4.6000000000000005,21.05,3.5537620190837536
1.4000000000000001,1.4000000000000001,4.6000000000000005,21.15,3.6178756998494
1.4000000000000001,1.5,4.6000000000000005,21.25,3.686546444852672
1.5,-1.5,4.7,18.25,3.614921207522523
1.5,-1.4000000000000001,4.7,18.35,3.5545752730828033
1.5,-1.3,4.7,18.45,3.4992578357209365
1.5,-1.2000000000000002,4.7,18.55,3.449210826131119
1.5,-1.1,4.7,18.65,3.4046667163633835
1.5,-1.0,4.7,18.75,3.365843932549769
1.5,-0.9,4.7,18.85,3.3329424462682797
1.5,-0.8,4.7,18.95,3.306139052158335
1.5,-0.7000000000000001,4.7,19.05,3.2855829749323244
1.5,-0.6000000000000001,4.7,19.15,3.271391974283778
1.5,-0.5,4.7,19.25,3.2636490975937194
1.5,-0.4,4.7,19.35,3.262400256500279
1.5,-0.30000000000000004,4.7,19.45,3.267652896740211
1.5,-0.2,4.7,19.55,3.2793757718381453
1.5,-0.1,4.7,19.65,3.297499875664441
1.5,0.0,4.7,19.75,3.321920452766916
1.5,0.1,4.7,19.85,3.3524998888251165
1.5,0.2,4.7,19.95,3.389071496795916
1.5,0.30000000000000004,4.7,20.05,3.410323369889165
1.5,0.4,4.7,20.15,3.4165414515946884
1.5,0.5,4.7,20.25,3.4289437858908975
1.5,0.6000000000000001,4.7,20.35,3.4474636298734245
1.5,0.7000000000000001,4.7,20.45,3.472003091189204
1.5,0.8,4.7,20.55,3.502435654148523
1.5,0.9,4.7,20.65,3.538609250546739
1.5,1.0,4.7,20.75,3.580349910386146
1.5,1.1,4.7,20.85,3.627465448027649
1.5,1.2000000000000002,4.7,20.95,3.679749373108951
1.5,1.3,4.7,21.05,3.7369847861673318
1.5,1.4000000000000001,4.7,21.15,3.798947930712782
1.5,1.5,4.7,21.25,3.8654114253285603
