width_px,inside_default_box,speed_per_degree,cosine_to_base,best_scalar_relative_error
1.0,False,0.30139027893167203,0.0,1.0
1.8,True,0.6027805578633441,0.0,1.0
1.802,True,0.6027805578633441,0.0,1.0
1.804,True,0.6027805578633441,0.0,1.0
1.806,True,0.6027805578633441,0.0,1.0
1.808,True,0.6027805578633441,0.0,1.0
1.81,True,0.6027805578633441,0.0,1.0
1.812,True,0.6027805578633441,0.0,1.0
1.814,True,0.6027805578633441,0.0,1.0
1.816,True,0.6027805578633441,0.0,1.0
1.818,True,0.6027805578633441,0.0,1.0
1.82,True,0.6027805578633441,0.0,1.0
1.822,True,0.6027805578633441,0.0,1.0
1.824,True,0.6027805578633441,0.0,1.0
1.826,True,0.6027805578633441,0.0,1.0
1.828,True,0.6027805578633441,0.0,1.0
1.83,True,0.6027805578633441,0.0,1.0
1.832,True,0.6027805578633441,0.0,1.0
1.834,True,0.6027805578633441,0.0,1.0
1.836,True,0.6027805578633441,0.0,1.0
1.838,True,0.6027805578633441,0.0,1.0
1.84,True,0.6027805578633441,0.0,1.0
1.842,True,0.6027805578633441,0.0,1.0
1.844,True,0.6027805578633441,0.0,1.0
1.846,True,0.6027805578633441,0.0,1.0
1.848,True,0.6027805578633441,0.0,1.0
1.85,True,0.6027805578633441,0.0,1.0
1.852,True,0.6027805578633441,0.0,1.0
1.854,True,0.6027805578633441,0.0,1.0
1.856,True,0.6027805578633441,0.0,1.0
1.858,True,0.6027805578633441,0.0,1.0
1.86,True,0.6027805578633441,0.0,1.0
1.862,True,0.6027805578633441,0.0,1.0
1.864,True,0.6027805578633441,0.0,1.0
1.866,True,0.6027805578633441,0.0,1.0
1.868,True,0.6027805578633441,0.0,1.0
1.87,True,0.6027805578633441,0.0,1.0
1.872,True,0.6027805578633441,0.0,1.0
1.874,True,0.6027805578633441,0.0,1.0
1.8760000000000001,True,0.6027805578633441,0.0,1.0
1.8780000000000001,True,0.6027805578633441,0.0,1.0
1.8800000000000001,True,0.6027805578633441,0.0,1.0
1.8820000000000001,True,0.6027805578633441,0.0,1.0
1.8840000000000001,True,0.6027805578633441,0.0,1.0
1.8860000000000001,True,0.6027805578633441,0.0,1.0
1.8880000000000001,True,0.6027805578633441,0.0,1.0
1.8900000000000001,True,0.6027805578633441,0.0,1.0
1.8920000000000001,True,0.6027805578633441,0.0,1.0
1.8940000000000001,True,0.6027805578633441,0.0,1.0
1.8960000000000001,True,0.6027805578633441,0.0,1.0
1.8980000000000001,True,0.6027805578633441,0.0,1.0
1.9000000000000001,True,0.6027805578633441,0.0,1.0
1.9020000000000001,True,0.6027805578633441,0.0,1.0
1.9040000000000001,True,0.6027805578633441,0.0,1.0
1.9060000000000001,True,0.6027805578633441,0.0,1.0
1.9080000000000001,True,0.6027805578633441,0.0,1.0
1.9100000000000001,True,0.6027805578633441,0.0,1.0
1.9120000000000001,True,0.6027805578633441,0.0,1.0
1.9140000000000001,True,0.6027805578633441,0.0,1.0
1.9160000000000001,True,0.6027805578633441,0.0,1.0
1.9180000000000001,True,0.6027805578633441,0.0,1.0
1.92,True,0.6027805578633441,0.0,1.0
1.9220000000000002,True,0.6027805578633441,0.0,1.0
1.924,True,0.6027805578633441,0.0,1.0
1.9260000000000002,True,0.6027805578633441,0.0,1.0
1.928,True,0.6027805578633441,0.0,1.0
1.9300000000000002,True,0.6027805578633441,0.0,1.0
1.932,True,0.6027805578633441,0.0,1.0
1.9340000000000002,True,0.6027805578633441,0.0,1.0
1.936,True,0.6027805578633441,0.0,1.0
1.9380000000000002,True,0.6027805578633441,0.0,1.0
1.94,True,0.6027805578633441,0.0,1.0
1.9420000000000002,True,0.6027805578633441,0.0,1.0
1.944,True,0.6027805578633441,0.0,1.0
1.946,True,0.6027805578633441,0.0,1.0
1.948,True,0.6027805578633441,0.0,1.0
1.95,True,0.6027805578633441,0.0,1.0
1.952,True,0.6027805578633441,0.0,1.0
1.954,True,0.6027805578633441,0.0,1.0
1.956,True,0.6027805578633441,0.0,1.0
1.958,True,0.6027805578633441,0.0,1.0
1.96,True,0.6027805578633441,0.0,1.0
1.962,True,0.6027805578633441,0.0,1.0
1.964,True,0.6027805578633441,0.0,1.0
1.966,True,0.6027805578633441,0.0,1.0
1.968,True,0.6027805578633441,0.0,1.0
1.97,True,0.6027805578633441,0.0,1.0
1.972,True,0.6027805578633441,0.0,1.0
1.974,True,0.6027805578633441,0.0,1.0
1.976,True,0.6027805578633441,0.0,1.0
1.978,True,0.6027805578633441,0.0,1.0
1.98,True,0.6027805578633441,0.0,1.0
1.982,True,0.6027805578633441,0.0,1.0
1.984,True,0.6027805578633441,0.0,1.0
1.986,True,0.6027805578633441,0.0,1.0
1.988,True,0.6027805578633441,0.0,1.0
1.99,True,0.6027805578633441,0.0,1.0
1.992,True,0.6027805578633441,0.0,1.0
1.994,True,0.6027805578633441,0.0,1.0
1.996,True,0.6027805578633441,0.0,1.0
1.998,True,0.6027805578633441,0.0,1.0
2.0,True,0.6027805578633441,0.0,1.0
2.0020000000000002,True,0.6027805578633441,0.0,1.0
2.004,True,0.6027805578633441,0.0,1.0
2.0060000000000002,True,0.6027805578633441,0.0,1.0
2.008,True,0.6027805578633441,0.0,1.0
2.0100000000000002,True,0.6027805578633441,0.0,1.0
2.012,True,0.6027805578633441,0.0,1.0
2.0140000000000002,True,0.6027805578633441,0.0,1.0
2.016,True,0.6027805578633441,0.0,1.0
2.0180000000000002,True,0.6027805578633441,0.0,1.0
2.02,True,0.6027805578633441,0.0,1.0
2.0220000000000002,True,0.6027805578633441,0.0,1.0
2.024,True,0.6027805578633441,0.0,1.0
2.0260000000000002,True,0.6027805578633441,0.0,1.0
2.028,True,0.6027805578633441,0.0,1.0
2.0300000000000002,True,0.6027805578633441,0.0,1.0
2.032,True,0.6027805578633441,0.0,1.0
2.0340000000000003,True,0.6027805578633441,0.0,1.0
2.036,True,0.6027805578633441,0.0,1.0
2.0380000000000003,True,0.6027805578633441,0.0,1.0
2.04,True,0.6027805578633441,0.0,1.0
2.042,True,0.6027805578633441,0.0,1.0
2.044,True,0.6027805578633441,0.0,1.0
2.0460000000000003,True,0.6027805578633441,0.0,1.0
2.048,True,0.6027805578633441,0.0,1.0
2.05,True,0.6027805578633441,0.0,1.0
2.052,True,0.6027805578633441,0.0,1.0
2.0540000000000003,True,0.6027805578633441,0.0,1.0
2.056,True,0.6027805578633441,0.0,1.0
2.058,True,0.6027805578633441,0.0,1.0
2.06,True,0.6027805578633441,0.0,1.0
2.0620000000000003,True,0.6027805578633441,0.0,1.0
2.064,True,0.6027805578633441,0.0,1.0
2.066,True,0.6027805578633441,0.0,1.0
2.068,True,0.6027805578633441,0.0,1.0
2.0700000000000003,True,0.6027805578633441,0.0,1.0
2.072,True,0.6027805578633441,0.0,1.0
2.074,True,0.6027805578633441,0.0,1.0
2.076,True,0.6027805578633441,0.0,1.0
2.0780000000000003,True,0.6027805578633441,0.0,1.0
2.08,True,0.6027805578633441,0.0,1.0
2.082,True,0.6027805578633441,0.0,1.0
2.084,True,0.6027805578633441,0.0,1.0
2.0860000000000003,True,0.6027805578633441,0.0,1.0
2.088,True,0.6027805578633441,0.0,1.0
2.09,True,0.6027805578633441,0.0,1.0
2.092,True,0.6027805578633441,0.0,1.0
2.094,True,0.6027805578633441,0.0,1.0
2.096,True,0.6027805578633441,0.0,1.0
2.098,True,0.6027805578633441,0.0,1.0
2.1,True,0.6027805578633441,0.0,1.0
2.102,True,0.6027805578633441,0.0,1.0
2.104,True,0.6027805578633441,0.0,1.0
2.106,True,0.6027805578633441,0.0,1.0
2.108,True,0.6027805578633441,0.0,1.0
2.11,True,0.6027805578633441,0.0,1.0
2.112,True,0.6027805578633441,0.0,1.0
2.114,True,0.6027805578633441,0.0,1.0
2.116,True,0.6027805578633441,0.0,1.0
2.118,True,0.6027805578633441,0.0,1.0
2.12,True,0.6027805578633441,0.0,1.0
2.122,True,0.6027805578633441,0.0,1.0
2.124,True,0.6027805578633441,0.0,1.0
2.126,True,0.6027805578633441,0.0,1.0
2.128,True,0.6027805578633441,0.0,1.0
2.13,True,0.6027805578633441,0.0,1.0
2.132,True,0.6027805578633441,0.0,1.0
2.134,True,0.6027805578633441,0.0,1.0
2.136,True,0.6027805578633441,0.0,1.0
2.138,True,0.6027805578633441,0.0,1.0
2.14,True,0.6027805578633441,0.0,1.0
2.142,True,0.6027805578633441,0.0,1.0
2.144,True,0.6027805578633441,0.0,1.0
2.146,True,0.6027805578633441,0.0,1.0
2.148,True,0.6027805578633441,0.0,1.0
2.15,True,0.6027805578633441,0.0,1.0
2.152,True,0.6027805578633441,0.0,1.0
2.154,True,0.6027805578633441,0.0,1.0
2.156,True,0.6027805578633441,0.0,1.0
2.158,True,0.6027805578633441,0.0,1.0
2.16,True,0.6027805578633441,0.0,1.0
2.162,True,0.6027805578633441,0.0,1.0
2.164,True,0.6027805578633441,0.0,1.0
2.166,True,0.6027805578633441,0.0,1.0
2.168,True,0.6027805578633441,0.0,1.0
2.17,True,0.6027805578633441,0.0,1.0
2.172,True,0.6027805578633441,0.0,1.0
2.174,True,0.6027805578633441,0.0,1.0
2.176,True,0.6027805578633441,0.0,1.0
2.178,True,0.6027805578633441,0.0,1.0
2.18,True,0.6027805578633441,0.0,1.0
2.182,True,0.6027805578633441,0.0,1.0
2.184,True,0.6027805578633441,0.0,1.0
2.186,True,0.6027805578633441,0.0,1.0
2.188,True,0.6027805578633441,0.0,1.0
2.19,True,0.6027805578633441,0.0,1.0
2.192,True,0.6027805578633441,0.0,1.0
2.194,True,0.6027805578633441,0.0,1.0
2.196,True,0.6027805578633441,0.0,1.0
2.198,True,0.6027805578633441,0.0,1.0
2.2,True,0.6027805578633441,0.0,1.0
2.202,True,0.6027805578633441,0.0,1.0
2.204,True,0.6027805578633441,0.0,1.0
2.206,True,0.6027805578633441,0.0,1.0
2.208,True,0.6027805578633441,0.0,1.0
2.21,True,0.6027805578633441,0.0,1.0
2.212,True,0.6027805578633441,0.0,1.0
2.214,True,0.6027805578633441,0.0,1.0
2.216,True,0.6027805578633441,0.0,1.0
2.218,True,0.6027805578633441,0.0,1.0
2.22,True,0.6027805578633441,0.0,1.0
2.222,True,0.6027805578633441,0.0,1.0
2.224,True,0.6027805578633441,0.0,1.0
2.226,True,0.6027805578633441,0.0,1.0
2.228,True,0.6027805578633441,0.0,1.0
2.23,True,0.6027805578633441,0.0,1.0
2.232,True,0.6027805578633441,0.0,1.0
2.234,True,0.6027805578633441,0.0,1.0
2.236,True,0.6027805578633441,0.0,1.0
2.238,True,0.6027805578633441,0.0,1.0
2.24,True,0.6027805578633441,0.0,1.0
2.242,True,0.6027805578633441,0.0,1.0
2.244,True,0.6027805578633441,0.0,1.0
2.246,True,0.6027805578633441,0.0,1.0
2.248,True,0.6027805578633441,0.0,1.0
2.25,True,0.6027805578633441,0.0,1.0
2.2520000000000002,True,0.6027805578633441,0.0,1.0
2.254,True,0.6027805578633441,0.0,1.0
2.2560000000000002,True,0.6027805578633441,0.0,1.0
2.258,True,0.6027805578633441,0.0,1.0
2.2600000000000002,True,0.6027805578633441,0.0,1.0
2.262,True,0.6027805578633441,0.0,1.0
2.2640000000000002,True,0.6027805578633441,0.0,1.0
2.266,True,0.6027805578633441,0.0,1.0
2.2680000000000002,True,0.6027805578633441,0.0,1.0
2.27,True,0.6027805578633441,0.0,1.0
2.2720000000000002,True,0.6027805578633441,0.0,1.0
2.274,True,0.6027805578633441,0.0,1.0
2.2760000000000002,True,0.6027805578633441,0.0,1.0
2.278,True,0.6027805578633441,0.0,1.0
2.2800000000000002,True,0.6027805578633441,0.0,1.0
2.282,True,0.6027805578633441,0.0,1.0
2.284,True,0.6027805578633441,0.0,1.0
2.286,True,0.6027805578633441,0.0,1.0
2.2880000000000003,True,0.6027805578633441,0.0,1.0
2.29,True,0.6027805578633441,0.0,1.0
2.292,True,0.6027805578633441,0.0,1.0
2.294,True,0.6027805578633441,0.0,1.0
2.2960000000000003,True,0.6027805578633441,0.0,1.0
2.298,True,0.6027805578633441,0.0,1.0
2.3,True,0.6027805578633441,0.0,1.0
2.302,True,0.6027805578633441,0.0,1.0
2.3040000000000003,True,0.6027805578633441,0.0,1.0
2.306,True,0.6027805578633441,0.0,1.0
2.308,True,0.6027805578633441,0.0,1.0
2.31,True,0.6027805578633441,0.0,1.0
2.3120000000000003,True,0.6027805578633441,0.0,1.0
2.314,True,0.6027805578633441,0.0,1.0
2.316,True,0.6027805578633441,0.0,1.0
2.318,True,0.6027805578633441,0.0,1.0
2.3200000000000003,True,0.6027805578633441,0.0,1.0
2.322,True,0.6027805578633441,0.0,1.0
2.324,True,0.6027805578633441,0.0,1.0
2.326,True,0.6027805578633441,0.0,1.0
2.3280000000000003,True,0.6027805578633441,0.0,1.0
2.33,True,0.6027805578633441,0.0,1.0
2.332,True,0.6027805578633441,0.0,1.0
2.334,True,0.6027805578633441,0.0,1.0
2.3360000000000003,True,0.6027805578633441,0.0,1.0
2.338,True,0.6027805578633441,0.0,1.0
2.34,True,0.6027805578633441,0.0,1.0
2.342,True,0.6027805578633441,0.0,1.0
2.3440000000000003,True,0.6027805578633441,0.0,1.0
2.346,True,0.6027805578633441,0.0,1.0
2.348,True,0.6027805578633441,0.0,1.0
2.35,True,0.6027805578633441,0.0,1.0
2.3520000000000003,True,0.6027805578633441,0.0,1.0
2.354,True,0.6027805578633441,0.0,1.0
2.356,True,0.6027805578633441,0.0,1.0
2.358,True,0.6027805578633441,0.0,1.0
2.3600000000000003,True,0.6027805578633441,0.0,1.0
2.362,True,0.6027805578633441,0.0,1.0
2.364,True,0.6027805578633441,0.0,1.0
2.366,True,0.6027805578633441,0.0,1.0
2.3680000000000003,True,0.6027805578633441,0.0,1.0
2.37,True,0.6027805578633441,0.0,1.0
2.372,True,0.6027805578633441,0.0,1.0
2.374,True,0.6027805578633441,0.0,1.0
2.3760000000000003,True,0.6027805578633441,0.0,1.0
2.378,True,0.6027805578633441,0.0,1.0
2.38,True,0.6027805578633441,0.0,1.0
2.382,True,0.6027805578633441,0.0,1.0
2.384,True,0.6027805578633441,0.0,1.0
2.386,True,0.6027805578633441,0.0,1.0
2.388,True,0.6027805578633441,0.0,1.0
2.39,True,0.6027805578633441,0.0,1.0
2.392,True,0.6027805578633441,0.0,1.0
2.394,True,0.6027805578633441,0.0,1.0
2.396,True,0.6027805578633441,0.0,1.0
2.398,True,0.6027805578633441,0.0,1.0
2.4,True,0.6027805578633441,0.0,1.0
2.402,True,0.6027805578633441,0.0,1.0
2.404,True,0.6027805578633441,0.0,1.0
2.406,True,0.6027805578633441,0.0,1.0
2.408,True,0.6027805578633441,0.0,1.0
2.41,True,0.6027805578633441,0.0,1.0
2.412,True,0.6027805578633441,0.0,1.0
2.414,True,0.6027805578633441,0.0,1.0
2.416,True,0.6027805578633441,0.0,1.0
2.418,True,0.6027805578633441,0.0,1.0
2.42,True,0.6027805578633441,0.0,1.0
2.422,True,0.6027805578633441,0.0,1.0
2.424,True,0.6027805578633441,0.0,1.0
2.426,True,0.6027805578633441,0.0,1.0
2.428,True,0.6027805578633441,0.0,1.0
2.43,True,0.6027805578633441,0.0,1.0
2.432,True,0.6027805578633441,0.0,1.0
2.434,True,0.6027805578633441,0.0,1.0
2.436,True,0.6027805578633441,0.0,1.0
2.438,True,0.6027805578633441,0.0,1.0
2.44,True,0.6027805578633441,0.0,1.0
2.442,True,0.6027805578633441,0.0,1.0
2.444,True,0.6027805578633441,0.0,1.0
2.446,True,0.6027805578633441,0.0,1.0
2.448,True,0.6027805578633441,0.0,1.0
2.45,True,0.6027805578633441,0.0,1.0
2.452,True,0.6027805578633441,0.0,1.0
2.454,True,0.6027805578633441,0.0,1.0
2.456,True,0.6027805578633441,0.0,1.0
2.458,True,0.6027805578633441,0.0,1.0
2.46,True,0.6027805578633441,0.0,1.0
2.462,True,0.6027805578633441,0.0,1.0
2.464,True,0.6027805578633441,0.0,1.0
2.466,True,0.6027805578633441,0.0,1.0
2.468,True,0.6027805578633441,0.0,1.0
2.47,True,0.6027805578633441,0.0,1.0
2.472,True,0.6027805578633441,0.0,1.0
2.474,True,0.6027805578633441,0.0,1.0
2.476,True,0.6027805578633441,0.0,1.0
2.478,True,0.6027805578633441,0.0,1.0
2.48,True,0.6027805578633441,0.0,1.0
2.482,True,0.6027805578633441,0.0,1.0
2.484,True,0.6027805578633441,0.0,1.0
2.486,True,0.6027805578633441,0.0,1.0
2.488,True,0.6027805578633441,0.0,1.0
2.49,True,0.6027805578633441,0.0,1.0
2.492,True,0.6027805578633441,0.0,1.0
2.494,True,0.6027805578633441,0.0,1.0
2.496,True,0.6027805578633441,0.0,1.0
2.498,True,0.6027805578633441,0.0,1.0
2.5,True,0.6027805578633441,0.0,1.0
2.5020000000000002,True,0.6027805578633441,0.0,1.0
2.504,True,0.6027805578633441,0.0,1.0
2.5060000000000002,True,0.6027805578633441,0.0,1.0
2.508,True,0.6027805578633441,0.0,1.0
2.51,True,0.6027805578633441,0.0,1.0
2.512,True,0.6027805578633441,0.0,1.0
2.5140000000000002,True,0.6027805578633441,0.0,1.0
2.516,True,0.6027805578633441,0.0,1.0
2.518,True,0.6027805578633441,0.0,1.0
2.52,True,0.6027805578633441,0.0,1.0
2.5220000000000002,True,0.6027805578633441,0.0,1.0
2.524,True,0.6027805578633441,0.0,1.0
2.526,True,0.6027805578633441,0.0,1.0
2.528,True,0.6027805578633441,0.0,1.0
2.5300000000000002,True,0.6027805578633441,0.0,1.0
2.532,True,0.6027805578633441,0.0,1.0
2.534,True,0.6027805578633441,0.0,1.0
2.536,True,0.6027805578633441,0.0,1.0
2.5380000000000003,True,0.6027805578633441,0.0,1.0
2.54,True,0.6027805578633441,0.0,1.0
2.542,True,0.6027805578633441,0.0,1.0
2.544,True,0.6027805578633441,0.0,1.0
2.5460000000000003,True,0.6027805578633441,0.0,1.0
2.548,True,0.6027805578633441,0.0,1.0
2.55,True,0.6027805578633441,0.0,1.0
2.552,True,0.6027805578633441,0.0,1.0
2.5540000000000003,True,0.6027805578633441,0.0,1.0
2.556,True,0.6027805578633441,0.0,1.0
2.558,True,0.6027805578633441,0.0,1.0
2.56,True,0.6027805578633441,0.0,1.0
2.5620000000000003,True,0.6027805578633441,0.0,1.0
2.564,True,0.6027805578633441,0.0,1.0
2.566,True,0.6027805578633441,0.0,1.0
2.568,True,0.6027805578633441,0.0,1.0
2.5700000000000003,True,0.6027805578633441,0.0,1.0
2.572,True,0.6027805578633441,0.0,1.0
2.574,True,0.6027805578633441,0.0,1.0
2.576,True,0.6027805578633441,0.0,1.0
2.5780000000000003,True,0.6027805578633441,0.0,1.0
2.58,True,0.6027805578633441,0.0,1.0
2.582,True,0.6027805578633441,0.0,1.0
2.584,True,0.6027805578633441,0.0,1.0
2.5860000000000003,True,0.6027805578633441,0.0,1.0
2.588,True,0.6027805578633441,0.0,1.0
2.59,True,0.6027805578633441,0.0,1.0
2.592,True,0.6027805578633441,0.0,1.0
2.5940000000000003,True,0.6027805578633441,0.0,1.0
2.596,True,0.6027805578633441,0.0,1.0
2.598,True,0.6027805578633441,0.0,1.0
2.6,True,0.6027805578633441,0.0,1.0
2.6020000000000003,True,0.6027805578633441,0.0,1.0
2.604,True,0.6027805578633441,0.0,1.0
2.606,True,0.6027805578633441,0.0,1.0
2.608,True,0.6027805578633441,0.0,1.0
2.6100000000000003,True,0.6027805578633441,0.0,1.0
2.612,True,0.6027805578633441,0.0,1.0
2.614,True,0.6027805578633441,0.0,1.0
2.616,True,0.6027805578633441,0.0,1.0
2.6180000000000003,True,0.6027805578633441,0.0,1.0
2.62,True,0.6027805578633441,0.0,1.0
2.622,True,0.6027805578633441,0.0,1.0
2.624,True,0.6027805578633441,0.0,1.0
2.6260000000000003,True,0.6027805578633441,0.0,1.0
2.628,True,0.6027805578633441,0.0,1.0
2.63,True,0.6027805578633441,0.0,1.0
2.632,True,0.6027805578633441,0.0,1.0
2.634,True,0.6027805578633441,0.0,1.0
2.636,True,0.6027805578633441,0.0,1.0
2.638,True,0.6027805578633441,0.0,1.0
2.64,True,0.6027805578633441,0.0,1.0
2.642,True,0.6027805578633441,0.0,1.0
2.644,True,0.6027805578633441,0.0,1.0
2.646,True,0.6027805578633441,0.0,1.0
2.648,True,0.6027805578633441,0.0,1.0
2.65,True,0.6027805578633441,0.0,1.0
2.652,True,0.6027805578633441,0.0,1.0
2.654,True,0.6027805578633441,0.0,1.0
2.656,True,0.6027805578633441,0.0,1.0
2.658,True,0.6027805578633441,0.0,1.0
2.66,True,0.6027805578633441,0.0,1.0
2.662,True,0.6027805578633441,0.0,1.0
2.664,True,0.6027805578633441,0.0,1.0
2.666,True,0.6027805578633441,0.0,1.0
2.668,True,0.6027805578633441,0.0,1.0
2.67,True,0.6027805578633441,0.0,1.0
2.672,True,0.6027805578633441,0.0,1.0
2.674,True,0.6027805578633441,0.0,1.0
2.676,True,0.6027805578633441,0.0,1.0
2.678,True,0.6027805578633441,0.0,1.0
2.68,True,0.6027805578633441,0.0,1.0
2.682,True,0.6027805578633441,0.0,1.0
2.684,True,0.6027805578633441,0.0,1.0
2.686,True,0.6027805578633441,0.0,1.0
2.688,True,0.6027805578633441,0.0,1.0
2.69,True,0.6027805578633441,0.0,1.0
2.692,True,0.6027805578633441,0.0,1.0
2.694,True,0.6027805578633441,0.0,1.0
2.696,True,0.6027805578633441,0.0,1.0
2.698,True,0.6027805578633441,0.0,1.0
2.7,True,0.6027805578633441,0.0,1.0
2.702,True,0.6027805578633441,0.0,1.0
2.704,True,0.6027805578633441,0.0,1.0
2.706,True,0.6027805578633441,0.0,1.0
2.708,True,0.6027805578633441,0.0,1.0
2.71,True,0.6027805578633441,0.0,1.0
2.712,True,0.6027805578633441,0.0,1.0
2.714,True,0.6027805578633441,0.0,1.0
2.716,True,0.6027805578633441,0.0,1.0
2.718,True,0.6027805578633441,0.0,1.0
2.72,True,0.6027805578633441,0.0,1.0
2.722,True,0.6027805578633441,0.0,1.0
2.724,True,0.6027805578633441,0.0,1.0
2.726,True,0.6027805578633441,0.0,1.0
2.728,True,0.6027805578633441,0.0,1.0
2.73,True,0.6027805578633441,0.0,1.0
2.732,True,0.6027805578633441,0.0,1.0
2.734,True,0.6027805578633441,0.0,1.0
2.736,True,0.6027805578633441,0.0,1.0
2.738,True,0.6027805578633441,0.0,1.0
2.74,True,0.6027805578633441,0.0,1.0
2.742,True,0.6027805578633441,0.0,1.0
2.744,True,0.6027805578633441,0.0,1.0
2.746,True,0.6027805578633441,0.0,1.0
2.748,True,0.6027805578633441,0.0,1.0
2.75,True,0.6027805578633441,0.0,1.0
2.7520000000000002,True,0.6027805578633441,0.0,1.0
2.754,True,0.6027805578633441,0.0,1.0
2.7560000000000002,True,0.6027805578633441,0.0,1.0
2.758,True,0.6027805578633441,0.0,1.0
2.76,True,0.6027805578633441,0.0,1.0
2.762,True,0.6027805578633441,0.0,1.0
2.7640000000000002,True,0.6027805578633441,0.0,1.0
2.766,True,0.6027805578633441,0.0,1.0
2.768,True,0.6027805578633441,0.0,1.0
2.77,True,0.6027805578633441,0.0,1.0
2.7720000000000002,True,0.6027805578633441,0.0,1.0
2.774,True,0.6027805578633441,0.0,1.0
2.776,True,0.6027805578633441,0.0,1.0
2.778,True,0.6027805578633441,0.0,1.0
2.7800000000000002,True,0.6027805578633441,0.0,1.0
2.782,True,0.6027805578633441,0.0,1.0
2.784,True,0.6027805578633441,0.0,1.0
2.786,True,0.6027805578633441,0.0,1.0
2.7880000000000003,True,0.6027805578633441,0.0,1.0
2.79,True,0.6027805578633441,0.0,1.0
2.792,True,0.6027805578633441,0.0,1.0
2.794,True,0.6027805578633441,0.0,1.0
2.7960000000000003,True,0.6027805578633441,0.0,1.0
2.798,True,0.6027805578633441,0.0,1.0
2.8,True,0.6027805578633441,0.0,1.0
2.802,True,0.6027805578633441,0.0,1.0
2.8040000000000003,True,0.6027805578633441,0.0,1.0
2.806,True,0.6027805578633441,0.0,1.0
2.808,True,0.6027805578633441,0.0,1.0
2.81,True,0.6027805578633441,0.0,1.0
2.8120000000000003,True,0.6027805578633441,0.0,1.0
2.814,True,0.6027805578633441,0.0,1.0
2.816,True,0.6027805578633441,0.0,1.0
2.818,True,0.6027805578633441,0.0,1.0
2.8200000000000003,True,0.6027805578633441,0.0,1.0
2.822,True,0.6027805578633441,0.0,1.0
2.824,True,0.6027805578633441,0.0,1.0
2.826,True,0.6027805578633441,0.0,1.0
2.8280000000000003,True,0.6027805578633441,0.0,1.0
2.83,True,0.6027805578633441,0.0,1.0
2.832,True,0.6027805578633441,0.0,1.0
2.834,True,0.6027805578633441,0.0,1.0
2.8360000000000003,True,0.6027805578633441,0.0,1.0
2.838,True,0.6027805578633441,0.0,1.0
2.84,True,0.6027805578633441,0.0,1.0
2.842,True,0.6027805578633441,0.0,1.0
2.8440000000000003,True,0.6027805578633441,0.0,1.0
2.846,True,0.6027805578633441,0.0,1.0
2.848,True,0.6027805578633441,0.0,1.0
2.85,True,0.6027805578633441,0.0,1.0
2.8520000000000003,True,0.6027805578633441,0.0,1.0
2.854,True,0.6027805578633441,0.0,1.0
2.856,True,0.6027805578633441,0.0,1.0
2.858,True,0.6027805578633441,0.0,1.0
2.8600000000000003,True,0.6027805578633441,0.0,1.0
2.862,True,0.6027805578633441,0.0,1.0
2.864,True,0.6027805578633441,0.0,1.0
2.866,True,0.6027805578633441,0.0,1.0
2.8680000000000003,True,0.6027805578633441,0.0,1.0
2.87,True,0.6027805578633441,0.0,1.0
2.872,True,0.6027805578633441,0.0,1.0
2.874,True,0.6027805578633441,0.0,1.0
2.8760000000000003,True,0.6027805578633441,0.0,1.0
2.878,True,0.6027805578633441,0.0,1.0
2.88,True,0.6027805578633441,0.0,1.0
2.882,True,0.6027805578633441,0.0,1.0
2.8840000000000003,True,0.6027805578633441,0.0,1.0
2.886,True,0.6027805578633441,0.0,1.0
2.888,True,0.6027805578633441,0.0,1.0
2.89,True,0.6027805578633441,0.0,1.0
2.8920000000000003,True,0.6027805578633441,0.0,1.0
2.894,True,0.6027805578633441,0.0,1.0
2.896,True,0.6027805578633441,0.0,1.0
2.898,True,0.6027805578633441,0.0,1.0
2.9000000000000004,True,0.6027805578633441,0.0,1.0
2.902,True,0.6027805578633441,0.0,1.0
2.904,True,0.6027805578633441,0.0,1.0
2.906,True,0.6027805578633441,0.0,1.0
2.9080000000000004,True,0.6027805578633441,0.0,1.0
2.91,True,0.6027805578633441,0.0,1.0
2.912,True,0.6027805578633441,0.0,1.0
2.914,True,0.6027805578633441,0.0,1.0
2.9160000000000004,True,0.6027805578633441,0.0,1.0
2.918,True,0.6027805578633441,0.0,1.0
2.92,True,0.6027805578633441,0.0,1.0
2.922,True,0.6027805578633441,0.0,1.0
2.9240000000000004,True,0.6027805578633441,0.0,1.0
2.926,True,0.6027805578633441,0.0,1.0
2.928,True,0.6027805578633441,0.0,1.0
2.93,True,0.6027805578633441,0.0,1.0
2.9320000000000004,True,0.6027805578633441,0.0,1.0
2.934,True,0.6027805578633441,0.0,1.0
2.936,True,0.6027805578633441,0.0,1.0
2.938,True,0.6027805578633441,0.0,1.0
2.9400000000000004,True,0.6027805578633441,0.0,1.0
2.942,True,0.6027805578633441,0.0,1.0
2.944,True,0.6027805578633441,0.0,1.0
2.946,True,0.6027805578633441,0.0,1.0
2.9480000000000004,True,0.6027805578633441,0.0,1.0
2.95,True,0.6027805578633441,0.0,1.0
2.952,True,0.6027805578633441,0.0,1.0
2.9539999999999997,True,0.6027805578633441,0.0,1.0
2.956,True,0.6027805578633441,0.0,1.0
2.958,True,0.6027805578633441,0.0,1.0
2.96,True,0.6027805578633441,0.0,1.0
2.9619999999999997,True,0.6027805578633441,0.0,1.0
2.964,True,0.6027805578633441,0.0,1.0
2.966,True,0.6027805578633441,0.0,1.0
2.968,True,0.6027805578633441,0.0,1.0
2.9699999999999998,True,0.6027805578633441,0.0,1.0
2.972,True,0.6027805578633441,0.0,1.0
2.974,True,0.6027805578633441,0.0,1.0
2.976,True,0.6027805578633441,0.0,1.0
2.9779999999999998,True,0.6027805578633441,0.0,1.0
2.98,True,0.6027805578633441,0.0,1.0
2.982,True,0.6027805578633441,0.0,1.0
2.984,True,0.6027805578633441,0.0,1.0
2.9859999999999998,True,0.6027805578633441,0.0,1.0
2.988,True,0.6027805578633441,0.0,1.0
2.99,True,0.6027805578633441,0.0,1.0
2.992,True,0.6027805578633441,0.0,1.0
2.9939999999999998,True,0.6027805578633441,0.0,1.0
2.996,True,0.6027805578633441,0.0,1.0
2.998,True,0.6027805578633441,0.0,1.0
2.999999999,True,0.6027805578633441,0.0,1.0
3.0,True,0.4262302200325807,0.7071067811865476,0.7071067811865475
3.000000001,True,0.6027805578633441,1.0000000000000002,2.0752608423722535e-16
3.002,True,0.6027805578633441,1.0000000000000002,2.0752608423722535e-16
3.004,True,0.6027805578633441,1.0000000000000002,2.0752608423722535e-16
3.0060000000000002,True,0.6027805578633441,1.0000000000000002,2.0752608423722535e-16
3.008,True,0.6027805578633441,1.0000000000000002,2.0752608423722535e-16
3.01,True,0.6027805578633441,1.0000000000000002,2.0752608423722535e-16
3.012,True,0.6027805578633441,1.0000000000000002,2.0752608423722535e-16
3.0140000000000002,True,0.6027805578633441,1.0000000000000002,2.0752608423722535e-16
3.016,True,0.6027805578633441,1.0000000000000002,2.0752608423722535e-16
3.018,True,0.6027805578633441,1.0000000000000002,2.0752608423722535e-16
3.02,True,0.6027805578633441,1.0000000000000002,2.0752608423722535e-16
3.0220000000000002,True,0.6027805578633441,1.0000000000000002,2.0752608423722535e-16
3.024,True,0.6027805578633441,1.0000000000000002,2.0752608423722535e-16
3.026,True,0.6027805578633441,1.0000000000000002,2.0752608423722535e-16
3.028,True,0.6027805578633441,1.0000000000000002,2.0752608423722535e-16
3.0300000000000002,True,0.6027805578633441,1.0000000000000002,2.0752608423722535e-16
3.032,True,0.6027805578633441,1.0000000000000002,2.0752608423722535e-16
3.034,True,0.6027805578633441,1.0000000000000002,2.0752608423722535e-16
3.036,True,0.6027805578633441,1.0000000000000002,2.0752608423722535e-16
3.0380000000000003,True,0.6027805578633441,1.0000000000000002,2.0752608423722535e-16
3.04,True,0.6027805578633441,1.0000000000000002,2.0752608423722535e-16
3.042,True,0.6027805578633441,1.0000000000000002,2.0752608423722535e-16
3.044,True,0.6027805578633441,1.0000000000000002,2.0752608423722535e-16
3.0460000000000003,True,0.6027805578633441,1.0000000000000002,2.0752608423722535e-16
3.048,True,0.6027805578633441,1.0000000000000002,2.0752608423722535e-16
3.05,True,0.6027805578633441,1.0000000000000002,2.0752608423722535e-16
3.052,True,0.6027805578633441,1.0000000000000002,2.0752608423722535e-16
3.0540000000000003,True,0.6027805578633441,1.0000000000000002,2.0752608423722535e-16
3.056,True,0.6027805578633441,1.0000000000000002,2.0752608423722535e-16
3.058,True,0.6027805578633441,1.0000000000000002,2.0752608423722535e-16
3.06,True,0.6027805578633441,1.0000000000000002,2.0752608423722535e-16
3.0620000000000003,True,0.6027805578633441,1.0000000000000002,2.0752608423722535e-16
3.064,True,0.6027805578633441,1.0000000000000002,2.0752608423722535e-16
3.066,True,0.6027805578633441,1.0000000000000002,2.0752608423722535e-16
3.068,True,0.6027805578633441,1.0000000000000002,2.0752608423722535e-16
3.0700000000000003,True,0.6027805578633441,1.0000000000000002,2.0752608423722535e-16
3.072,True,0.6027805578633441,1.0000000000000002,2.0752608423722535e-16
3.074,True,0.6027805578633441,1.0000000000000002,2.0752608423722535e-16
3.076,True,0.6027805578633441,1.0000000000000002,2.0752608423722535e-16
3.0780000000000003,True,0.6027805578633441,1.0000000000000002,2.0752608423722535e-16
3.08,True,0.6027805578633441,1.0000000000000002,2.0752608423722535e-16
3.082,True,0.6027805578633441,1.0000000000000002,2.0752608423722535e-16
3.084,True,0.6027805578633441,1.0000000000000002,2.0752608423722535e-16
3.0860000000000003,True,0.6027805578633441,1.0000000000000002,2.0752608423722535e-16
3.088,True,0.6027805578633441,1.0000000000000002,2.0752608423722535e-16
3.09,True,0.6027805578633441,1.0000000000000002,2.0752608423722535e-16
3.092,True,0.6027805578633441,1.0000000000000002,2.0752608423722535e-16
3.0940000000000003,True,0.6027805578633441,1.0000000000000002,2.0752608423722535e-16
3.096,True,0.6027805578633441,1.0000000000000002,2.0752608423722535e-16
3.098,True,0.6027805578633441,1.0000000000000002,2.0752608423722535e-16
3.1,True,0.6027805578633441,1.0000000000000002,2.0752608423722535e-16
3.1020000000000003,True,0.6027805578633441,1.0000000000000002,2.0752608423722535e-16
3.104,True,0.6027805578633441,1.0000000000000002,2.0752608423722535e-16
3.106,True,0.6027805578633441,1.0000000000000002,2.0752608423722535e-16
3.108,True,0.6027805578633441,1.0000000000000002,2.0752608423722535e-16
3.1100000000000003,True,0.6027805578633441,1.0000000000000002,2.0752608423722535e-16
3.112,True,0.6027805578633441,1.0000000000000002,2.0752608423722535e-16
3.114,True,0.6027805578633441,1.0000000000000002,2.0752608423722535e-16
3.116,True,0.6027805578633441,1.0000000000000002,2.0752608423722535e-16
3.1180000000000003,True,0.6027805578633441,1.0000000000000002,2.0752608423722535e-16
3.12,True,0.6027805578633441,1.0000000000000002,2.0752608423722535e-16
3.122,True,0.6027805578633441,1.0000000000000002,2.0752608423722535e-16
3.124,True,0.6027805578633441,1.0000000000000002,2.0752608423722535e-16
3.1260000000000003,True,0.6027805578633441,1.0000000000000002,2.0752608423722535e-16
3.128,True,0.6027805578633441,1.0000000000000002,2.0752608423722535e-16
3.13,True,0.6027805578633441,1.0000000000000002,2.0752608423722535e-16
3.132,True,0.6027805578633441,1.0000000000000002,2.0752608423722535e-16
3.1340000000000003,True,0.6027805578633441,1.0000000000000002,2.0752608423722535e-16
3.136,True,0.6027805578633441,1.0000000000000002,2.0752608423722535e-16
3.138,True,0.6027805578633441,1.0000000000000002,2.0752608423722535e-16
3.14,True,0.6027805578633441,1.0000000000000002,2.0752608423722535e-16
3.1420000000000003,True,0.6027805578633441,1.0000000000000002,2.0752608423722535e-16
3.144,True,0.6027805578633441,1.0000000000000002,2.0752608423722535e-16
3.146,True,0.6027805578633441,1.0000000000000002,2.0752608423722535e-16
3.148,True,0.6027805578633441,1.0000000000000002,2.0752608423722535e-16
3.1500000000000004,True,0.6027805578633441,1.0000000000000002,2.0752608423722535e-16
3.152,True,0.6027805578633441,1.0000000000000002,2.0752608423722535e-16
3.154,True,0.6027805578633441,1.0000000000000002,2.0752608423722535e-16
3.156,True,0.6027805578633441,1.0000000000000002,2.0752608423722535e-16
3.1580000000000004,True,0.6027805578633441,1.0000000000000002,2.0752608423722535e-16
3.16,True,0.6027805578633441,1.0000000000000002,2.0752608423722535e-16
3.162,True,0.6027805578633441,1.0000000000000002,2.0752608423722535e-16
3.164,True,0.6027805578633441,1.0000000000000002,2.0752608423722535e-16
3.1660000000000004,True,0.6027805578633441,1.0000000000000002,2.0752608423722535e-16
3.168,True,0.6027805578633441,1.0000000000000002,2.0752608423722535e-16
3.17,True,0.6027805578633441,1.0000000000000002,2.0752608423722535e-16
3.172,True,0.6027805578633441,1.0000000000000002,2.0752608423722535e-16
3.1740000000000004,True,0.6027805578633441,1.0000000000000002,2.0752608423722535e-16
3.176,True,0.6027805578633441,1.0000000000000002,2.0752608423722535e-16
3.178,True,0.6027805578633441,1.0000000000000002,2.0752608423722535e-16
3.18,True,0.6027805578633441,1.0000000000000002,2.0752608423722535e-16
3.1820000000000004,True,0.6027805578633441,1.0000000000000002,2.0752608423722535e-16
3.184,True,0.6027805578633441,1.0000000000000002,2.0752608423722535e-16
3.186,True,0.6027805578633441,1.0000000000000002,2.0752608423722535e-16
3.188,True,0.6027805578633441,1.0000000000000002,2.0752608423722535e-16
3.1900000000000004,True,0.6027805578633441,1.0000000000000002,2.0752608423722535e-16
3.192,True,0.6027805578633441,1.0000000000000002,2.0752608423722535e-16
3.194,True,0.6027805578633441,1.0000000000000002,2.0752608423722535e-16
3.196,True,0.6027805578633441,1.0000000000000002,2.0752608423722535e-16
3.1980000000000004,True,0.6027805578633441,1.0000000000000002,2.0752608423722535e-16
3.2,True,0.6027805578633441,1.0000000000000002,2.0752608423722535e-16
3.202,True,0.6027805578633441,1.0000000000000002,2.0752608423722535e-16
3.204,True,0.6027805578633441,1.0000000000000002,2.0752608423722535e-16
3.2060000000000004,True,0.6027805578633441,1.0000000000000002,2.0752608423722535e-16
3.208,True,0.6027805578633441,1.0000000000000002,2.0752608423722535e-16
3.21,True,0.6027805578633441,1.0000000000000002,2.0752608423722535e-16
3.2119999999999997,True,0.6027805578633441,1.0000000000000002,2.0752608423722535e-16
3.214,True,0.6027805578633441,1.0000000000000002,2.0752608423722535e-16
3.216,True,0.6027805578633441,1.0000000000000002,2.0752608423722535e-16
3.218,True,0.6027805578633441,1.0000000000000002,2.0752608423722535e-16
3.2199999999999998,True,0.6027805578633441,1.0000000000000002,2.0752608423722535e-16
3.222,True,0.6027805578633441,1.0000000000000002,2.0752608423722535e-16
3.224,True,0.6027805578633441,1.0000000000000002,2.0752608423722535e-16
3.226,True,0.6027805578633441,1.0000000000000002,2.0752608423722535e-16
3.2279999999999998,True,0.6027805578633441,1.0000000000000002,2.0752608423722535e-16
3.23,True,0.6027805578633441,1.0000000000000002,2.0752608423722535e-16
3.232,True,0.6027805578633441,1.0000000000000002,2.0752608423722535e-16
3.234,True,0.6027805578633441,1.0000000000000002,2.0752608423722535e-16
3.2359999999999998,True,0.6027805578633441,1.0000000000000002,2.0752608423722535e-16
3.238,True,0.6027805578633441,1.0000000000000002,2.0752608423722535e-16
3.24,True,0.6027805578633441,1.0000000000000002,2.0752608423722535e-16
3.242,True,0.6027805578633441,1.0000000000000002,2.0752608423722535e-16
3.2439999999999998,True,0.6027805578633441,1.0000000000000002,2.0752608423722535e-16
3.246,True,0.6027805578633441,1.0000000000000002,2.0752608423722535e-16
3.248,True,0.6027805578633441,1.0000000000000002,2.0752608423722535e-16
3.25,True,0.6027805578633441,1.0000000000000002,2.0752608423722535e-16
3.252,True,0.6027805578633441,1.0000000000000002,2.0752608423722535e-16
3.254,True,0.6027805578633441,1.0000000000000002,2.0752608423722535e-16
3.2560000000000002,True,0.6027805578633441,1.0000000000000002,2.0752608423722535e-16
3.258,True,0.6027805578633441,1.0000000000000002,2.0752608423722535e-16
3.26,True,0.6027805578633441,1.0000000000000002,2.0752608423722535e-16
3.262,True,0.6027805578633441,1.0000000000000002,2.0752608423722535e-16
3.2640000000000002,True,0.6027805578633441,1.0000000000000002,2.0752608423722535e-16
3.266,True,0.6027805578633441,1.0000000000000002,2.0752608423722535e-16
3.268,True,0.6027805578633441,1.0000000000000002,2.0752608423722535e-16
3.27,True,0.6027805578633441,1.0000000000000002,2.0752608423722535e-16
3.2720000000000002,True,0.6027805578633441,1.0000000000000002,2.0752608423722535e-16
3.274,True,0.6027805578633441,1.0000000000000002,2.0752608423722535e-16
3.276,True,0.6027805578633441,1.0000000000000002,2.0752608423722535e-16
3.278,True,0.6027805578633441,1.0000000000000002,2.0752608423722535e-16
3.2800000000000002,True,0.6027805578633441,1.0000000000000002,2.0752608423722535e-16
3.282,True,0.6027805578633441,1.0000000000000002,2.0752608423722535e-16
3.284,True,0.6027805578633441,1.0000000000000002,2.0752608423722535e-16
3.286,True,0.6027805578633441,1.0000000000000002,2.0752608423722535e-16
3.2880000000000003,True,0.6027805578633441,1.0000000000000002,2.0752608423722535e-16
3.29,True,0.6027805578633441,1.0000000000000002,2.0752608423722535e-16
3.292,True,0.6027805578633441,1.0000000000000002,2.0752608423722535e-16
3.294,True,0.6027805578633441,1.0000000000000002,2.0752608423722535e-16
3.2960000000000003,True,0.6027805578633441,1.0000000000000002,2.0752608423722535e-16
3.298,True,0.6027805578633441,1.0000000000000002,2.0752608423722535e-16
3.3,True,0.6027805578633441,1.0000000000000002,2.0752608423722535e-16
3.302,True,0.6027805578633441,1.0000000000000002,2.0752608423722535e-16
3.3040000000000003,True,0.6027805578633441,1.0000000000000002,2.0752608423722535e-16
3.306,True,0.6027805578633441,1.0000000000000002,2.0752608423722535e-16
3.308,True,0.6027805578633441,1.0000000000000002,2.0752608423722535e-16
3.31,True,0.6027805578633441,1.0000000000000002,2.0752608423722535e-16
3.3120000000000003,True,0.6027805578633441,1.0000000000000002,2.0752608423722535e-16
3.314,True,0.6027805578633441,1.0000000000000002,2.0752608423722535e-16
3.316,True,0.6027805578633441,1.0000000000000002,2.0752608423722535e-16
3.318,True,0.6027805578633441,1.0000000000000002,2.0752608423722535e-16
3.3200000000000003,True,0.6027805578633441,1.0000000000000002,2.0752608423722535e-16
3.322,True,0.6027805578633441,1.0000000000000002,2.0752608423722535e-16
3.324,True,0.6027805578633441,1.0000000000000002,2.0752608423722535e-16
3.326,True,0.6027805578633441,1.0000000000000002,2.0752608423722535e-16
3.3280000000000003,True,0.6027805578633441,1.0000000000000002,2.0752608423722535e-16
3.33,True,0.6027805578633441,1.0000000000000002,2.0752608423722535e-16
3.332,True,0.6027805578633441,1.0000000000000002,2.0752608423722535e-16
3.334,True,0.6027805578633441,1.0000000000000002,2.0752608423722535e-16
3.3360000000000003,True,0.6027805578633441,1.0000000000000002,2.0752608423722535e-16
3.338,True,0.6027805578633441,1.0000000000000002,2.0752608423722535e-16
3.34,True,0.6027805578633441,1.0000000000000002,2.0752608423722535e-16
3.342,True,0.6027805578633441,1.0000000000000002,2.0752608423722535e-16
3.3440000000000003,True,0.6027805578633441,1.0000000000000002,2.0752608423722535e-16
3.346,True,0.6027805578633441,1.0000000000000002,2.0752608423722535e-16
3.348,True,0.6027805578633441,1.0000000000000002,2.0752608423722535e-16
3.35,True,0.6027805578633441,1.0000000000000002,2.0752608423722535e-16
3.3520000000000003,True,0.6027805578633441,1.0000000000000002,2.0752608423722535e-16
3.354,True,0.6027805578633441,1.0000000000000002,2.0752608423722535e-16
3.356,True,0.6027805578633441,1.0000000000000002,2.0752608423722535e-16
3.358,True,0.6027805578633441,1.0000000000000002,2.0752608423722535e-16
3.3600000000000003,True,0.6027805578633441,1.0000000000000002,2.0752608423722535e-16
3.362,True,0.6027805578633441,1.0000000000000002,2.0752608423722535e-16
3.364,True,0.6027805578633441,1.0000000000000002,2.0752608423722535e-16
3.366,True,0.6027805578633441,1.0000000000000002,2.0752608423722535e-16
3.3680000000000003,True,0.6027805578633441,1.0000000000000002,2.0752608423722535e-16
3.37,True,0.6027805578633441,1.0000000000000002,2.0752608423722535e-16
3.372,True,0.6027805578633441,1.0000000000000002,2.0752608423722535e-16
3.374,True,0.6027805578633441,1.0000000000000002,2.0752608423722535e-16
3.3760000000000003,True,0.6027805578633441,1.0000000000000002,2.0752608423722535e-16
3.378,True,0.6027805578633441,1.0000000000000002,2.0752608423722535e-16
3.38,True,0.6027805578633441,1.0000000000000002,2.0752608423722535e-16
3.382,True,0.6027805578633441,1.0000000000000002,2.0752608423722535e-16
3.3840000000000003,True,0.6027805578633441,1.0000000000000002,2.0752608423722535e-16
3.386,True,0.6027805578633441,1.0000000000000002,2.0752608423722535e-16
3.388,True,0.6027805578633441,1.0000000000000002,2.0752608423722535e-16
3.39,True,0.6027805578633441,1.0000000000000002,2.0752608423722535e-16
3.3920000000000003,True,0.6027805578633441,1.0000000000000002,2.0752608423722535e-16
3.394,True,0.6027805578633441,1.0000000000000002,2.0752608423722535e-16
3.396,True,0.6027805578633441,1.0000000000000002,2.0752608423722535e-16
3.398,True,0.6027805578633441,1.0000000000000002,2.0752608423722535e-16
3.4000000000000004,True,0.6027805578633441,1.0000000000000002,2.0752608423722535e-16
3.402,True,0.6027805578633441,1.0000000000000002,2.0752608423722535e-16
3.404,True,0.6027805578633441,1.0000000000000002,2.0752608423722535e-16
3.406,True,0.6027805578633441,1.0000000000000002,2.0752608423722535e-16
3.4080000000000004,True,0.6027805578633441,1.0000000000000002,2.0752608423722535e-16
3.41,True,0.6027805578633441,1.0000000000000002,2.0752608423722535e-16
3.412,True,0.6027805578633441,1.0000000000000002,2.0752608423722535e-16
3.414,True,0.6027805578633441,1.0000000000000002,2.0752608423722535e-16
3.4160000000000004,True,0.6027805578633441,1.0000000000000002,2.0752608423722535e-16
3.418,True,0.6027805578633441,1.0000000000000002,2.0752608423722535e-16
3.42,True,0.6027805578633441,1.0000000000000002,2.0752608423722535e-16
3.422,True,0.6027805578633441,1.0000000000000002,2.0752608423722535e-16
3.4240000000000004,True,0.6027805578633441,1.0000000000000002,2.0752608423722535e-16
3.426,True,0.6027805578633441,1.0000000000000002,2.0752608423722535e-16
3.428,True,0.6027805578633441,1.0000000000000002,2.0752608423722535e-16
3.43,True,0.6027805578633441,1.0000000000000002,2.0752608423722535e-16
3.4320000000000004,True,0.6027805578633441,1.0000000000000002,2.0752608423722535e-16
3.434,True,0.6027805578633441,1.0000000000000002,2.0752608423722535e-16
3.436,True,0.6027805578633441,1.0000000000000002,2.0752608423722535e-16
3.438,True,0.6027805578633441,1.0000000000000002,2.0752608423722535e-16
3.4400000000000004,True,0.6027805578633441,1.0000000000000002,2.0752608423722535e-16
3.442,True,0.6027805578633441,1.0000000000000002,2.0752608423722535e-16
3.444,True,0.6027805578633441,1.0000000000000002,2.0752608423722535e-16
3.446,True,0.6027805578633441,1.0000000000000002,2.0752608423722535e-16
3.4480000000000004,True,0.6027805578633441,1.0000000000000002,2.0752608423722535e-16
3.45,True,0.6027805578633441,1.0000000000000002,2.0752608423722535e-16
3.452,True,0.6027805578633441,1.0000000000000002,2.0752608423722535e-16
3.454,True,0.6027805578633441,1.0000000000000002,2.0752608423722535e-16
3.4560000000000004,True,0.6027805578633441,1.0000000000000002,2.0752608423722535e-16
3.458,True,0.6027805578633441,1.0000000000000002,2.0752608423722535e-16
3.46,True,0.6027805578633441,1.0000000000000002,2.0752608423722535e-16
3.462,True,0.6027805578633441,1.0000000000000002,2.0752608423722535e-16
3.4640000000000004,True,0.6027805578633441,1.0000000000000002,2.0752608423722535e-16
3.466,True,0.6027805578633441,1.0000000000000002,2.0752608423722535e-16
3.468,True,0.6027805578633441,1.0000000000000002,2.0752608423722535e-16
3.4699999999999998,True,0.6027805578633441,1.0000000000000002,2.0752608423722535e-16
3.472,True,0.6027805578633441,1.0000000000000002,2.0752608423722535e-16
3.474,True,0.6027805578633441,1.0000000000000002,2.0752608423722535e-16
3.476,True,0.6027805578633441,1.0000000000000002,2.0752608423722535e-16
3.4779999999999998,True,0.6027805578633441,1.0000000000000002,2.0752608423722535e-16
3.48,True,0.6027805578633441,1.0000000000000002,2.0752608423722535e-16
3.482,True,0.6027805578633441,1.0000000000000002,2.0752608423722535e-16
3.484,True,0.6027805578633441,1.0000000000000002,2.0752608423722535e-16
3.4859999999999998,True,0.6027805578633441,1.0000000000000002,2.0752608423722535e-16
3.488,True,0.6027805578633441,1.0000000000000002,2.0752608423722535e-16
3.49,True,0.6027805578633441,1.0000000000000002,2.0752608423722535e-16
3.492,True,0.6027805578633441,1.0000000000000002,2.0752608423722535e-16
3.4939999999999998,True,0.6027805578633441,1.0000000000000002,2.0752608423722535e-16
3.496,True,0.6027805578633441,1.0000000000000002,2.0752608423722535e-16
3.498,True,0.6027805578633441,1.0000000000000002,2.0752608423722535e-16
3.5,True,0.6027805578633441,1.0000000000000002,2.0752608423722535e-16
3.502,True,0.6027805578633441,1.0000000000000002,2.0752608423722535e-16
3.504,True,0.6027805578633441,1.0000000000000002,2.0752608423722535e-16
3.5060000000000002,True,0.6027805578633441,1.0000000000000002,2.0752608423722535e-16
3.508,True,0.6027805578633441,1.0000000000000002,2.0752608423722535e-16
3.51,True,0.6027805578633441,1.0000000000000002,2.0752608423722535e-16
3.512,True,0.6027805578633441,1.0000000000000002,2.0752608423722535e-16
3.5140000000000002,True,0.6027805578633441,1.0000000000000002,2.0752608423722535e-16
3.516,True,0.6027805578633441,1.0000000000000002,2.0752608423722535e-16
3.518,True,0.6027805578633441,1.0000000000000002,2.0752608423722535e-16
3.52,True,0.6027805578633441,1.0000000000000002,2.0752608423722535e-16
3.5220000000000002,True,0.6027805578633441,1.0000000000000002,2.0752608423722535e-16
3.524,True,0.6027805578633441,1.0000000000000002,2.0752608423722535e-16
3.526,True,0.6027805578633441,1.0000000000000002,2.0752608423722535e-16
3.528,True,0.6027805578633441,1.0000000000000002,2.0752608423722535e-16
3.5300000000000002,True,0.6027805578633441,1.0000000000000002,2.0752608423722535e-16
3.532,True,0.6027805578633441,1.0000000000000002,2.0752608423722535e-16
3.534,True,0.6027805578633441,1.0000000000000002,2.0752608423722535e-16
3.536,True,0.6027805578633441,1.0000000000000002,2.0752608423722535e-16
3.5380000000000003,True,0.6027805578633441,1.0000000000000002,2.0752608423722535e-16
3.54,True,0.6027805578633441,1.0000000000000002,2.0752608423722535e-16
3.542,True,0.6027805578633441,1.0000000000000002,2.0752608423722535e-16
3.544,True,0.6027805578633441,1.0000000000000002,2.0752608423722535e-16
3.5460000000000003,True,0.6027805578633441,1.0000000000000002,2.0752608423722535e-16
3.548,True,0.6027805578633441,1.0000000000000002,2.0752608423722535e-16
3.55,True,0.6027805578633441,1.0000000000000002,2.0752608423722535e-16
3.552,True,0.6027805578633441,1.0000000000000002,2.0752608423722535e-16
3.5540000000000003,True,0.6027805578633441,1.0000000000000002,2.0752608423722535e-16
3.556,True,0.6027805578633441,1.0000000000000002,2.0752608423722535e-16
3.558,True,0.6027805578633441,1.0000000000000002,2.0752608423722535e-16
3.56,True,0.6027805578633441,1.0000000000000002,2.0752608423722535e-16
3.5620000000000003,True,0.6027805578633441,1.0000000000000002,2.0752608423722535e-16
3.564,True,0.6027805578633441,1.0000000000000002,2.0752608423722535e-16
3.566,True,0.6027805578633441,1.0000000000000002,2.0752608423722535e-16
3.568,True,0.6027805578633441,1.0000000000000002,2.0752608423722535e-16
3.5700000000000003,True,0.6027805578633441,1.0000000000000002,2.0752608423722535e-16
3.572,True,0.6027805578633441,1.0000000000000002,2.0752608423722535e-16
3.574,True,0.6027805578633441,1.0000000000000002,2.0752608423722535e-16
3.576,True,0.6027805578633441,1.0000000000000002,2.0752608423722535e-16
3.5780000000000003,True,0.6027805578633441,1.0000000000000002,2.0752608423722535e-16
3.58,True,0.6027805578633441,1.0000000000000002,2.0752608423722535e-16
3.582,True,0.6027805578633441,1.0000000000000002,2.0752608423722535e-16
3.584,True,0.6027805578633441,1.0000000000000002,2.0752608423722535e-16
3.5860000000000003,True,0.6027805578633441,1.0000000000000002,2.0752608423722535e-16
3.588,True,0.6027805578633441,1.0000000000000002,2.0752608423722535e-16
3.59,True,0.6027805578633441,1.0000000000000002,2.0752608423722535e-16
3.592,True,0.6027805578633441,1.0000000000000002,2.0752608423722535e-16
3.5940000000000003,True,0.6027805578633441,1.0000000000000002,2.0752608423722535e-16
3.596,True,0.6027805578633441,1.0000000000000002,2.0752608423722535e-16
3.598,True,0.6027805578633441,1.0000000000000002,2.0752608423722535e-16
3.6,True,0.6027805578633441,1.0000000000000002,2.0752608423722535e-16
3.6020000000000003,True,0.6027805578633441,1.0000000000000002,2.0752608423722535e-16
3.604,True,0.6027805578633441,1.0000000000000002,2.0752608423722535e-16
3.606,True,0.6027805578633441,1.0000000000000002,2.0752608423722535e-16
3.608,True,0.6027805578633441,1.0000000000000002,2.0752608423722535e-16
3.6100000000000003,True,0.6027805578633441,1.0000000000000002,2.0752608423722535e-16
3.612,True,0.6027805578633441,1.0000000000000002,2.0752608423722535e-16
3.614,True,0.6027805578633441,1.0000000000000002,2.0752608423722535e-16
3.616,True,0.6027805578633441,1.0000000000000002,2.0752608423722535e-16
3.6180000000000003,True,0.6027805578633441,1.0000000000000002,2.0752608423722535e-16
3.62,True,0.6027805578633441,1.0000000000000002,2.0752608423722535e-16
3.622,True,0.6027805578633441,1.0000000000000002,2.0752608423722535e-16
3.624,True,0.6027805578633441,1.0000000000000002,2.0752608423722535e-16
3.6260000000000003,True,0.6027805578633441,1.0000000000000002,2.0752608423722535e-16
3.628,True,0.6027805578633441,1.0000000000000002,2.0752608423722535e-16
3.63,True,0.6027805578633441,1.0000000000000002,2.0752608423722535e-16
3.632,True,0.6027805578633441,1.0000000000000002,2.0752608423722535e-16
3.6340000000000003,True,0.6027805578633441,1.0000000000000002,2.0752608423722535e-16
3.636,True,0.6027805578633441,1.0000000000000002,2.0752608423722535e-16
3.638,True,0.6027805578633441,1.0000000000000002,2.0752608423722535e-16
3.64,True,0.6027805578633441,1.0000000000000002,2.0752608423722535e-16
3.6420000000000003,True,0.6027805578633441,1.0000000000000002,2.0752608423722535e-16
3.644,True,0.6027805578633441,1.0000000000000002,2.0752608423722535e-16
3.646,True,0.6027805578633441,1.0000000000000002,2.0752608423722535e-16
3.648,True,0.6027805578633441,1.0000000000000002,2.0752608423722535e-16
3.6500000000000004,True,0.6027805578633441,1.0000000000000002,2.0752608423722535e-16
3.652,True,0.6027805578633441,1.0000000000000002,2.0752608423722535e-16
3.654,True,0.6027805578633441,1.0000000000000002,2.0752608423722535e-16
3.656,True,0.6027805578633441,1.0000000000000002,2.0752608423722535e-16
3.6580000000000004,True,0.6027805578633441,1.0000000000000002,2.0752608423722535e-16
3.66,True,0.6027805578633441,1.0000000000000002,2.0752608423722535e-16
3.662,True,0.6027805578633441,1.0000000000000002,2.0752608423722535e-16
3.664,True,0.6027805578633441,1.0000000000000002,2.0752608423722535e-16
3.6660000000000004,True,0.6027805578633441,1.0000000000000002,2.0752608423722535e-16
3.668,True,0.6027805578633441,1.0000000000000002,2.0752608423722535e-16
3.67,True,0.6027805578633441,1.0000000000000002,2.0752608423722535e-16
3.672,True,0.6027805578633441,1.0000000000000002,2.0752608423722535e-16
3.6740000000000004,True,0.6027805578633441,1.0000000000000002,2.0752608423722535e-16
3.676,True,0.6027805578633441,1.0000000000000002,2.0752608423722535e-16
3.678,True,0.6027805578633441,1.0000000000000002,2.0752608423722535e-16
3.68,True,0.6027805578633441,1.0000000000000002,2.0752608423722535e-16
3.6820000000000004,True,0.6027805578633441,1.0000000000000002,2.0752608423722535e-16
3.684,True,0.6027805578633441,1.0000000000000002,2.0752608423722535e-16
3.686,True,0.6027805578633441,1.0000000000000002,2.0752608423722535e-16
3.688,True,0.6027805578633441,1.0000000000000002,2.0752608423722535e-16
3.6900000000000004,True,0.6027805578633441,1.0000000000000002,2.0752608423722535e-16
3.692,True,0.6027805578633441,1.0000000000000002,2.0752608423722535e-16
3.694,True,0.6027805578633441,1.0000000000000002,2.0752608423722535e-16
3.696,True,0.6027805578633441,1.0000000000000002,2.0752608423722535e-16
3.6980000000000004,True,0.6027805578633441,1.0000000000000002,2.0752608423722535e-16
3.7,True,0.6027805578633441,1.0000000000000002,2.0752608423722535e-16
3.702,True,0.6027805578633441,1.0000000000000002,2.0752608423722535e-16
3.704,True,0.6027805578633441,1.0000000000000002,2.0752608423722535e-16
3.7060000000000004,True,0.6027805578633441,1.0000000000000002,2.0752608423722535e-16
3.708,True,0.6027805578633441,1.0000000000000002,2.0752608423722535e-16
3.71,True,0.6027805578633441,1.0000000000000002,2.0752608423722535e-16
3.712,True,0.6027805578633441,1.0000000000000002,2.0752608423722535e-16
3.7140000000000004,True,0.6027805578633441,1.0000000000000002,2.0752608423722535e-16
3.716,True,0.6027805578633441,1.0000000000000002,2.0752608423722535e-16
3.718,True,0.6027805578633441,1.0000000000000002,2.0752608423722535e-16
3.7199999999999998,True,0.6027805578633441,1.0000000000000002,2.0752608423722535e-16
3.722,True,0.6027805578633441,1.0000000000000002,2.0752608423722535e-16
3.724,True,0.6027805578633441,1.0000000000000002,2.0752608423722535e-16
3.726,True,0.6027805578633441,1.0000000000000002,2.0752608423722535e-16
3.7279999999999998,True,0.6027805578633441,1.0000000000000002,2.0752608423722535e-16
3.73,True,0.6027805578633441,1.0000000000000002,2.0752608423722535e-16
3.732,True,0.6027805578633441,1.0000000000000002,2.0752608423722535e-16
3.734,True,0.6027805578633441,1.0000000000000002,2.0752608423722535e-16
3.7359999999999998,True,0.6027805578633441,1.0000000000000002,2.0752608423722535e-16
3.738,True,0.6027805578633441,1.0000000000000002,2.0752608423722535e-16
3.74,True,0.6027805578633441,1.0000000000000002,2.0752608423722535e-16
3.742,True,0.6027805578633441,1.0000000000000002,2.0752608423722535e-16
3.7439999999999998,True,0.6027805578633441,1.0000000000000002,2.0752608423722535e-16
3.746,True,0.6027805578633441,1.0000000000000002,2.0752608423722535e-16
3.748,True,0.6027805578633441,1.0000000000000002,2.0752608423722535e-16
3.75,True,0.6027805578633441,1.0000000000000002,2.0752608423722535e-16
3.752,True,0.6027805578633441,1.0000000000000002,2.0752608423722535e-16
3.754,True,0.6027805578633441,1.0000000000000002,2.0752608423722535e-16
3.7560000000000002,True,0.6027805578633441,1.0000000000000002,2.0752608423722535e-16
3.758,True,0.6027805578633441,1.0000000000000002,2.0752608423722535e-16
3.76,True,0.6027805578633441,1.0000000000000002,2.0752608423722535e-16
3.762,True,0.6027805578633441,1.0000000000000002,2.0752608423722535e-16
3.7640000000000002,True,0.6027805578633441,1.0000000000000002,2.0752608423722535e-16
3.766,True,0.6027805578633441,1.0000000000000002,2.0752608423722535e-16
3.768,True,0.6027805578633441,1.0000000000000002,2.0752608423722535e-16
3.77,True,0.6027805578633441,1.0000000000000002,2.0752608423722535e-16
3.7720000000000002,True,0.6027805578633441,1.0000000000000002,2.0752608423722535e-16
3.774,True,0.6027805578633441,1.0000000000000002,2.0752608423722535e-16
3.776,True,0.6027805578633441,1.0000000000000002,2.0752608423722535e-16
3.778,True,0.6027805578633441,1.0000000000000002,2.0752608423722535e-16
3.7800000000000002,True,0.6027805578633441,1.0000000000000002,2.0752608423722535e-16
3.782,True,0.6027805578633441,1.0000000000000002,2.0752608423722535e-16
3.784,True,0.6027805578633441,1.0000000000000002,2.0752608423722535e-16
3.786,True,0.6027805578633441,1.0000000000000002,2.0752608423722535e-16
3.7880000000000003,True,0.6027805578633441,1.0000000000000002,2.0752608423722535e-16
3.79,True,0.6027805578633441,1.0000000000000002,2.0752608423722535e-16
3.792,True,0.6027805578633441,1.0000000000000002,2.0752608423722535e-16
3.794,True,0.6027805578633441,1.0000000000000002,2.0752608423722535e-16
3.7960000000000003,True,0.6027805578633441,1.0000000000000002,2.0752608423722535e-16
3.798,True,0.6027805578633441,1.0000000000000002,2.0752608423722535e-16
3.8,True,0.6027805578633441,1.0000000000000002,2.0752608423722535e-16
3.8020000000000005,True,0.6027805578633441,1.0000000000000002,2.0752608423722535e-16
3.8040000000000003,True,0.6027805578633441,1.0000000000000002,2.0752608423722535e-16
3.806,True,0.6027805578633441,1.0000000000000002,2.0752608423722535e-16
3.808,True,0.6027805578633441,1.0000000000000002,2.0752608423722535e-16
3.8100000000000005,True,0.6027805578633441,1.0000000000000002,2.0752608423722535e-16
3.8120000000000003,True,0.6027805578633441,1.0000000000000002,2.0752608423722535e-16
3.814,True,0.6027805578633441,1.0000000000000002,2.0752608423722535e-16
3.816,True,0.6027805578633441,1.0000000000000002,2.0752608423722535e-16
3.8180000000000005,True,0.6027805578633441,1.0000000000000002,2.0752608423722535e-16
3.8200000000000003,True,0.6027805578633441,1.0000000000000002,2.0752608423722535e-16
3.822,True,0.6027805578633441,1.0000000000000002,2.0752608423722535e-16
3.824,True,0.6027805578633441,1.0000000000000002,2.0752608423722535e-16
3.8260000000000005,True,0.6027805578633441,1.0000000000000002,2.0752608423722535e-16
3.8280000000000003,True,0.6027805578633441,1.0000000000000002,2.0752608423722535e-16
3.83,True,0.6027805578633441,1.0000000000000002,2.0752608423722535e-16
3.832,True,0.6027805578633441,1.0000000000000002,2.0752608423722535e-16
3.8340000000000005,True,0.6027805578633441,1.0000000000000002,2.0752608423722535e-16
3.8360000000000003,True,0.6027805578633441,1.0000000000000002,2.0752608423722535e-16
3.838,True,0.6027805578633441,1.0000000000000002,2.0752608423722535e-16
3.84,True,0.6027805578633441,1.0000000000000002,2.0752608423722535e-16
3.8420000000000005,True,0.6027805578633441,1.0000000000000002,2.0752608423722535e-16
3.8440000000000003,True,0.6027805578633441,1.0000000000000002,2.0752608423722535e-16
3.846,True,0.6027805578633441,1.0000000000000002,2.0752608423722535e-16
3.848,True,0.6027805578633441,1.0000000000000002,2.0752608423722535e-16
3.8499999999999996,True,0.6027805578633441,1.0000000000000002,2.0752608423722535e-16
3.8520000000000003,True,0.6027805578633441,1.0000000000000002,2.0752608423722535e-16
3.854,True,0.6027805578633441,1.0000000000000002,2.0752608423722535e-16
3.856,True,0.6027805578633441,1.0000000000000002,2.0752608423722535e-16
3.8579999999999997,True,0.6027805578633441,1.0000000000000002,2.0752608423722535e-16
3.8600000000000003,True,0.6027805578633441,1.0000000000000002,2.0752608423722535e-16
3.862,True,0.6027805578633441,1.0000000000000002,2.0752608423722535e-16
3.864,True,0.6027805578633441,1.0000000000000002,2.0752608423722535e-16
3.8659999999999997,True,0.6027805578633441,1.0000000000000002,2.0752608423722535e-16
3.8680000000000003,True,0.6027805578633441,1.0000000000000002,2.0752608423722535e-16
3.87,True,0.6027805578633441,1.0000000000000002,2.0752608423722535e-16
3.872,True,0.6027805578633441,1.0000000000000002,2.0752608423722535e-16
3.8739999999999997,True,0.6027805578633441,1.0000000000000002,2.0752608423722535e-16
3.8760000000000003,True,0.6027805578633441,1.0000000000000002,2.0752608423722535e-16
3.878,True,0.6027805578633441,1.0000000000000002,2.0752608423722535e-16
3.88,True,0.6027805578633441,1.0000000000000002,2.0752608423722535e-16
3.8819999999999997,True,0.6027805578633441,1.0000000000000002,2.0752608423722535e-16
3.8840000000000003,True,0.6027805578633441,1.0000000000000002,2.0752608423722535e-16
3.886,True,0.6027805578633441,1.0000000000000002,2.0752608423722535e-16
3.888,True,0.6027805578633441,1.0000000000000002,2.0752608423722535e-16
3.8899999999999997,True,0.6027805578633441,1.0000000000000002,2.0752608423722535e-16
3.8920000000000003,True,0.6027805578633441,1.0000000000000002,2.0752608423722535e-16
3.894,True,0.6027805578633441,1.0000000000000002,2.0752608423722535e-16
3.896,True,0.6027805578633441,1.0000000000000002,2.0752608423722535e-16
3.8979999999999997,True,0.6027805578633441,1.0000000000000002,2.0752608423722535e-16
3.9000000000000004,True,0.6027805578633441,1.0000000000000002,2.0752608423722535e-16
3.902,True,0.6027805578633441,1.0000000000000002,2.0752608423722535e-16
3.904,True,0.6027805578633441,1.0000000000000002,2.0752608423722535e-16
3.9059999999999997,True,0.6027805578633441,1.0000000000000002,2.0752608423722535e-16
3.9080000000000004,True,0.6027805578633441,1.0000000000000002,2.0752608423722535e-16
3.91,True,0.6027805578633441,1.0000000000000002,2.0752608423722535e-16
3.912,True,0.6027805578633441,1.0000000000000002,2.0752608423722535e-16
3.9139999999999997,True,0.6027805578633441,1.0000000000000002,2.0752608423722535e-16
3.9160000000000004,True,0.6027805578633441,1.0000000000000002,2.0752608423722535e-16
3.918,True,0.6027805578633441,1.0000000000000002,2.0752608423722535e-16
3.92,True,0.6027805578633441,1.0000000000000002,2.0752608423722535e-16
3.9219999999999997,True,0.6027805578633441,1.0000000000000002,2.0752608423722535e-16
3.9240000000000004,True,0.6027805578633441,1.0000000000000002,2.0752608423722535e-16
3.926,True,0.6027805578633441,1.0000000000000002,2.0752608423722535e-16
3.928,True,0.6027805578633441,1.0000000000000002,2.0752608423722535e-16
3.9299999999999997,True,0.6027805578633441,1.0000000000000002,2.0752608423722535e-16
3.9320000000000004,True,0.6027805578633441,1.0000000000000002,2.0752608423722535e-16
3.934,True,0.6027805578633441,1.0000000000000002,2.0752608423722535e-16
3.936,True,0.6027805578633441,1.0000000000000002,2.0752608423722535e-16
3.9379999999999997,True,0.6027805578633441,1.0000000000000002,2.0752608423722535e-16
3.9400000000000004,True,0.6027805578633441,1.0000000000000002,2.0752608423722535e-16
3.942,True,0.6027805578633441,1.0000000000000002,2.0752608423722535e-16
3.944,True,0.6027805578633441,1.0000000000000002,2.0752608423722535e-16
3.9459999999999997,True,0.6027805578633441,1.0000000000000002,2.0752608423722535e-16
3.9480000000000004,True,0.6027805578633441,1.0000000000000002,2.0752608423722535e-16
3.95,True,0.6027805578633441,1.0000000000000002,2.0752608423722535e-16
3.952,True,0.6027805578633441,1.0000000000000002,2.0752608423722535e-16
3.9539999999999997,True,0.6027805578633441,1.0000000000000002,2.0752608423722535e-16
3.9560000000000004,True,0.6027805578633441,1.0000000000000002,2.0752608423722535e-16
3.958,True,0.6027805578633441,1.0000000000000002,2.0752608423722535e-16
3.96,True,0.6027805578633441,1.0000000000000002,2.0752608423722535e-16
3.9619999999999997,True,0.6027805578633441,1.0000000000000002,2.0752608423722535e-16
3.9640000000000004,True,0.6027805578633441,1.0000000000000002,2.0752608423722535e-16
3.966,True,0.6027805578633441,1.0000000000000002,2.0752608423722535e-16
3.968,True,0.6027805578633441,1.0000000000000002,2.0752608423722535e-16
3.9699999999999998,True,0.6027805578633441,1.0000000000000002,2.0752608423722535e-16
3.9720000000000004,True,0.6027805578633441,1.0000000000000002,2.0752608423722535e-16
3.974,True,0.6027805578633441,1.0000000000000002,2.0752608423722535e-16
3.976,True,0.6027805578633441,1.0000000000000002,2.0752608423722535e-16
3.9779999999999998,True,0.6027805578633441,1.0000000000000002,2.0752608423722535e-16
3.9800000000000004,True,0.6027805578633441,1.0000000000000002,2.0752608423722535e-16
3.982,True,0.6027805578633441,1.0000000000000002,2.0752608423722535e-16
3.984,True,0.6027805578633441,1.0000000000000002,2.0752608423722535e-16
3.9859999999999998,True,0.6027805578633441,1.0000000000000002,2.0752608423722535e-16
3.9880000000000004,True,0.6027805578633441,1.0000000000000002,2.0752608423722535e-16
3.99,True,0.6027805578633441,1.0000000000000002,2.0752608423722535e-16
3.992,True,0.6027805578633441,1.0000000000000002,2.0752608423722535e-16
3.9939999999999998,True,0.6027805578633441,1.0000000000000002,2.0752608423722535e-16
3.9960000000000004,True,0.6027805578633441,1.0000000000000002,2.0752608423722535e-16
3.998,True,0.6027805578633441,1.0000000000000002,2.0752608423722535e-16
4.0,True,0.6027805578633441,1.0000000000000002,2.0752608423722535e-16
4.002,True,0.6027805578633441,1.0000000000000002,2.0752608423722535e-16
4.0040000000000004,True,0.6027805578633441,1.0000000000000002,2.0752608423722535e-16
4.006,True,0.6027805578633441,1.0000000000000002,2.0752608423722535e-16
4.008,True,0.6027805578633441,1.0000000000000002,2.0752608423722535e-16
4.01,True,0.6027805578633441,1.0000000000000002,2.0752608423722535e-16
4.0120000000000005,True,0.6027805578633441,1.0000000000000002,2.0752608423722535e-16
4.014,True,0.6027805578633441,1.0000000000000002,2.0752608423722535e-16
4.016,True,0.6027805578633441,1.0000000000000002,2.0752608423722535e-16
4.018,True,0.6027805578633441,1.0000000000000002,2.0752608423722535e-16
4.0200000000000005,True,0.6027805578633441,1.0000000000000002,2.0752608423722535e-16
4.022,True,0.6027805578633441,1.0000000000000002,2.0752608423722535e-16
4.024,True,0.6027805578633441,1.0000000000000002,2.0752608423722535e-16
4.026,True,0.6027805578633441,1.0000000000000002,2.0752608423722535e-16
4.0280000000000005,True,0.6027805578633441,1.0000000000000002,2.0752608423722535e-16
4.03,True,0.6027805578633441,1.0000000000000002,2.0752608423722535e-16
4.032,True,0.6027805578633441,1.0000000000000002,2.0752608423722535e-16
4.034,True,0.6027805578633441,1.0000000000000002,2.0752608423722535e-16
4.0360000000000005,True,0.6027805578633441,1.0000000000000002,2.0752608423722535e-16
4.038,True,0.6027805578633441,1.0000000000000002,2.0752608423722535e-16
4.04,True,0.6027805578633441,1.0000000000000002,2.0752608423722535e-16
4.042,True,0.6027805578633441,1.0000000000000002,2.0752608423722535e-16
4.0440000000000005,True,0.6027805578633441,1.0000000000000002,2.0752608423722535e-16
4.046,True,0.6027805578633441,1.0000000000000002,2.0752608423722535e-16
4.048,True,0.6027805578633441,1.0000000000000002,2.0752608423722535e-16
4.05,True,0.6027805578633441,1.0000000000000002,2.0752608423722535e-16
4.0520000000000005,True,0.6027805578633441,1.0000000000000002,2.0752608423722535e-16
4.054,True,0.6027805578633441,1.0000000000000002,2.0752608423722535e-16
4.056,True,0.6027805578633441,1.0000000000000002,2.0752608423722535e-16
4.058,True,0.6027805578633441,1.0000000000000002,2.0752608423722535e-16
4.0600000000000005,True,0.6027805578633441,1.0000000000000002,2.0752608423722535e-16
4.062,True,0.6027805578633441,1.0000000000000002,2.0752608423722535e-16
4.064,True,0.6027805578633441,1.0000000000000002,2.0752608423722535e-16
4.066,True,0.6027805578633441,1.0000000000000002,2.0752608423722535e-16
4.0680000000000005,True,0.6027805578633441,1.0000000000000002,2.0752608423722535e-16
4.07,True,0.6027805578633441,1.0000000000000002,2.0752608423722535e-16
4.072,True,0.6027805578633441,1.0000000000000002,2.0752608423722535e-16
4.074,True,0.6027805578633441,1.0000000000000002,2.0752608423722535e-16
4.0760000000000005,True,0.6027805578633441,1.0000000000000002,2.0752608423722535e-16
4.078,True,0.6027805578633441,1.0000000000000002,2.0752608423722535e-16
4.08,True,0.6027805578633441,1.0000000000000002,2.0752608423722535e-16
4.082,True,0.6027805578633441,1.0000000000000002,2.0752608423722535e-16
4.0840000000000005,True,0.6027805578633441,1.0000000000000002,2.0752608423722535e-16
4.086,True,0.6027805578633441,1.0000000000000002,2.0752608423722535e-16
4.088,True,0.6027805578633441,1.0000000000000002,2.0752608423722535e-16
4.09,True,0.6027805578633441,1.0000000000000002,2.0752608423722535e-16
4.0920000000000005,True,0.6027805578633441,1.0000000000000002,2.0752608423722535e-16
4.094,True,0.6027805578633441,1.0000000000000002,2.0752608423722535e-16
4.096,True,0.6027805578633441,1.0000000000000002,2.0752608423722535e-16
4.098,True,0.6027805578633441,1.0000000000000002,2.0752608423722535e-16
4.1000000000000005,True,0.6027805578633441,1.0000000000000002,2.0752608423722535e-16
4.102,True,0.6027805578633441,1.0000000000000002,2.0752608423722535e-16
4.104,True,0.6027805578633441,1.0000000000000002,2.0752608423722535e-16
4.106,True,0.6027805578633441,1.0000000000000002,2.0752608423722535e-16
4.108,True,0.6027805578633441,1.0000000000000002,2.0752608423722535e-16
4.11,True,0.6027805578633441,1.0000000000000002,2.0752608423722535e-16
4.112,True,0.6027805578633441,1.0000000000000002,2.0752608423722535e-16
4.114,True,0.6027805578633441,1.0000000000000002,2.0752608423722535e-16
4.116,True,0.6027805578633441,1.0000000000000002,2.0752608423722535e-16
4.118,True,0.6027805578633441,1.0000000000000002,2.0752608423722535e-16
4.12,True,0.6027805578633441,1.0000000000000002,2.0752608423722535e-16
4.122,True,0.6027805578633441,1.0000000000000002,2.0752608423722535e-16
4.124,True,0.6027805578633441,1.0000000000000002,2.0752608423722535e-16
4.126,True,0.6027805578633441,1.0000000000000002,2.0752608423722535e-16
4.128,True,0.6027805578633441,1.0000000000000002,2.0752608423722535e-16
4.13,True,0.6027805578633441,1.0000000000000002,2.0752608423722535e-16
4.132,True,0.6027805578633441,1.0000000000000002,2.0752608423722535e-16
4.134,True,0.6027805578633441,1.0000000000000002,2.0752608423722535e-16
4.136,True,0.6027805578633441,1.0000000000000002,2.0752608423722535e-16
4.138,True,0.6027805578633441,1.0000000000000002,2.0752608423722535e-16
4.14,True,0.6027805578633441,1.0000000000000002,2.0752608423722535e-16
4.142,True,0.6027805578633441,1.0000000000000002,2.0752608423722535e-16
4.144,True,0.6027805578633441,1.0000000000000002,2.0752608423722535e-16
4.146,True,0.6027805578633441,1.0000000000000002,2.0752608423722535e-16
4.148,True,0.6027805578633441,1.0000000000000002,2.0752608423722535e-16
4.15,True,0.6027805578633441,1.0000000000000002,2.0752608423722535e-16
4.152,True,0.6027805578633441,1.0000000000000002,2.0752608423722535e-16
4.154,True,0.6027805578633441,1.0000000000000002,2.0752608423722535e-16
4.156,True,0.6027805578633441,1.0000000000000002,2.0752608423722535e-16
4.158,True,0.6027805578633441,1.0000000000000002,2.0752608423722535e-16
4.16,True,0.6027805578633441,1.0000000000000002,2.0752608423722535e-16
4.162,True,0.6027805578633441,1.0000000000000002,2.0752608423722535e-16
4.164,True,0.6027805578633441,1.0000000000000002,2.0752608423722535e-16
4.166,True,0.6027805578633441,1.0000000000000002,2.0752608423722535e-16
4.168,True,0.6027805578633441,1.0000000000000002,2.0752608423722535e-16
4.17,True,0.6027805578633441,1.0000000000000002,2.0752608423722535e-16
4.172,True,0.6027805578633441,1.0000000000000002,2.0752608423722535e-16
4.174,True,0.6027805578633441,1.0000000000000002,2.0752608423722535e-16
4.176,True,0.6027805578633441,1.0000000000000002,2.0752608423722535e-16
4.178,True,0.6027805578633441,1.0000000000000002,2.0752608423722535e-16
4.18,True,0.6027805578633441,1.0000000000000002,2.0752608423722535e-16
4.182,True,0.6027805578633441,1.0000000000000002,2.0752608423722535e-16
4.184,True,0.6027805578633441,1.0000000000000002,2.0752608423722535e-16
4.186,True,0.6027805578633441,1.0000000000000002,2.0752608423722535e-16
4.188,True,0.6027805578633441,1.0000000000000002,2.0752608423722535e-16
4.19,True,0.6027805578633441,1.0000000000000002,2.0752608423722535e-16
4.192,True,0.6027805578633441,1.0000000000000002,2.0752608423722535e-16
4.194,True,0.6027805578633441,1.0000000000000002,2.0752608423722535e-16
4.196,True,0.6027805578633441,1.0000000000000002,2.0752608423722535e-16
4.198,True,0.6027805578633441,1.0000000000000002,2.0752608423722535e-16
4.2,True,0.6027805578633441,1.0000000000000002,2.0752608423722535e-16
4.202,True,0.6027805578633441,1.0000000000000002,2.0752608423722535e-16
4.204,True,0.6027805578633441,1.0000000000000002,2.0752608423722535e-16
4.206,True,0.6027805578633441,1.0000000000000002,2.0752608423722535e-16
4.208,True,0.6027805578633441,1.0000000000000002,2.0752608423722535e-16
4.21,True,0.6027805578633441,1.0000000000000002,2.0752608423722535e-16
4.212,True,0.6027805578633441,1.0000000000000002,2.0752608423722535e-16
4.214,True,0.6027805578633441,1.0000000000000002,2.0752608423722535e-16
4.216,True,0.6027805578633441,1.0000000000000002,2.0752608423722535e-16
4.218,True,0.6027805578633441,1.0000000000000002,2.0752608423722535e-16
4.22,True,0.6027805578633441,1.0000000000000002,2.0752608423722535e-16
4.222,True,0.6027805578633441,1.0000000000000002,2.0752608423722535e-16
4.224,True,0.6027805578633441,1.0000000000000002,2.0752608423722535e-16
4.226,True,0.6027805578633441,1.0000000000000002,2.0752608423722535e-16
4.228,True,0.6027805578633441,1.0000000000000002,2.0752608423722535e-16
4.23,True,0.6027805578633441,1.0000000000000002,2.0752608423722535e-16
4.232,True,0.6027805578633441,1.0000000000000002,2.0752608423722535e-16
4.234,True,0.6027805578633441,1.0000000000000002,2.0752608423722535e-16
4.236,True,0.6027805578633441,1.0000000000000002,2.0752608423722535e-16
4.238,True,0.6027805578633441,1.0000000000000002,2.0752608423722535e-16
4.24,True,0.6027805578633441,1.0000000000000002,2.0752608423722535e-16
4.242,True,0.6027805578633441,1.0000000000000002,2.0752608423722535e-16
4.244,True,0.6027805578633441,1.0000000000000002,2.0752608423722535e-16
4.246,True,0.6027805578633441,1.0000000000000002,2.0752608423722535e-16
4.248,True,0.6027805578633441,1.0000000000000002,2.0752608423722535e-16
4.25,True,0.6027805578633441,1.0000000000000002,2.0752608423722535e-16
4.252,True,0.6027805578633441,1.0000000000000002,2.0752608423722535e-16
4.2540000000000004,True,0.6027805578633441,1.0000000000000002,2.0752608423722535e-16
4.256,True,0.6027805578633441,1.0000000000000002,2.0752608423722535e-16
4.258,True,0.6027805578633441,1.0000000000000002,2.0752608423722535e-16
4.26,True,0.6027805578633441,1.0000000000000002,2.0752608423722535e-16
4.2620000000000005,True,0.6027805578633441,1.0000000000000002,2.0752608423722535e-16
4.264,True,0.6027805578633441,1.0000000000000002,2.0752608423722535e-16
4.266,True,0.6027805578633441,1.0000000000000002,2.0752608423722535e-16
4.268,True,0.6027805578633441,1.0000000000000002,2.0752608423722535e-16
4.2700000000000005,True,0.6027805578633441,1.0000000000000002,2.0752608423722535e-16
4.272,True,0.6027805578633441,1.0000000000000002,2.0752608423722535e-16
4.274,True,0.6027805578633441,1.0000000000000002,2.0752608423722535e-16
4.276,True,0.6027805578633441,1.0000000000000002,2.0752608423722535e-16
4.2780000000000005,True,0.6027805578633441,1.0000000000000002,2.0752608423722535e-16
4.28,True,0.6027805578633441,1.0000000000000002,2.0752608423722535e-16
4.282,True,0.6027805578633441,1.0000000000000002,2.0752608423722535e-16
4.284,True,0.6027805578633441,1.0000000000000002,2.0752608423722535e-16
4.2860000000000005,True,0.6027805578633441,1.0000000000000002,2.0752608423722535e-16
4.288,True,0.6027805578633441,1.0000000000000002,2.0752608423722535e-16
4.29,True,0.6027805578633441,1.0000000000000002,2.0752608423722535e-16
4.292,True,0.6027805578633441,1.0000000000000002,2.0752608423722535e-16
4.2940000000000005,True,0.6027805578633441,1.0000000000000002,2.0752608423722535e-16
4.296,True,0.6027805578633441,1.0000000000000002,2.0752608423722535e-16
4.298,True,0.6027805578633441,1.0000000000000002,2.0752608423722535e-16
4.3,True,0.6027805578633441,1.0000000000000002,2.0752608423722535e-16
4.3020000000000005,True,0.6027805578633441,1.0000000000000002,2.0752608423722535e-16
4.304,True,0.6027805578633441,1.0000000000000002,2.0752608423722535e-16
4.306,True,0.6027805578633441,1.0000000000000002,2.0752608423722535e-16
4.308,True,0.6027805578633441,1.0000000000000002,2.0752608423722535e-16
4.3100000000000005,True,0.6027805578633441,1.0000000000000002,2.0752608423722535e-16
4.312,True,0.6027805578633441,1.0000000000000002,2.0752608423722535e-16
4.314,True,0.6027805578633441,1.0000000000000002,2.0752608423722535e-16
4.316,True,0.6027805578633441,1.0000000000000002,2.0752608423722535e-16
4.3180000000000005,True,0.6027805578633441,1.0000000000000002,2.0752608423722535e-16
4.32,True,0.6027805578633441,1.0000000000000002,2.0752608423722535e-16
4.322,True,0.6027805578633441,1.0000000000000002,2.0752608423722535e-16
4.324,True,0.6027805578633441,1.0000000000000002,2.0752608423722535e-16
4.3260000000000005,True,0.6027805578633441,1.0000000000000002,2.0752608423722535e-16
4.328,True,0.6027805578633441,1.0000000000000002,2.0752608423722535e-16
4.33,True,0.6027805578633441,1.0000000000000002,2.0752608423722535e-16
4.332,True,0.6027805578633441,1.0000000000000002,2.0752608423722535e-16
4.3340000000000005,True,0.6027805578633441,1.0000000000000002,2.0752608423722535e-16
4.336,True,0.6027805578633441,1.0000000000000002,2.0752608423722535e-16
4.338,True,0.6027805578633441,1.0000000000000002,2.0752608423722535e-16
4.34,True,0.6027805578633441,1.0000000000000002,2.0752608423722535e-16
4.3420000000000005,True,0.6027805578633441,1.0000000000000002,2.0752608423722535e-16
4.344,True,0.6027805578633441,1.0000000000000002,2.0752608423722535e-16
4.346,True,0.6027805578633441,1.0000000000000002,2.0752608423722535e-16
4.348,True,0.6027805578633441,1.0000000000000002,2.0752608423722535e-16
4.3500000000000005,True,0.6027805578633441,1.0000000000000002,2.0752608423722535e-16
4.352,True,0.6027805578633441,1.0000000000000002,2.0752608423722535e-16
4.354,True,0.6027805578633441,1.0000000000000002,2.0752608423722535e-16
4.356,True,0.6027805578633441,1.0000000000000002,2.0752608423722535e-16
4.3580000000000005,True,0.6027805578633441,1.0000000000000002,2.0752608423722535e-16
4.36,True,0.6027805578633441,1.0000000000000002,2.0752608423722535e-16
4.362,True,0.6027805578633441,1.0000000000000002,2.0752608423722535e-16
4.364,True,0.6027805578633441,1.0000000000000002,2.0752608423722535e-16
4.366,True,0.6027805578633441,1.0000000000000002,2.0752608423722535e-16
4.368,True,0.6027805578633441,1.0000000000000002,2.0752608423722535e-16
4.37,True,0.6027805578633441,1.0000000000000002,2.0752608423722535e-16
4.372,True,0.6027805578633441,1.0000000000000002,2.0752608423722535e-16
4.374,True,0.6027805578633441,1.0000000000000002,2.0752608423722535e-16
4.376,True,0.6027805578633441,1.0000000000000002,2.0752608423722535e-16
4.378,True,0.6027805578633441,1.0000000000000002,2.0752608423722535e-16
4.38,True,0.6027805578633441,1.0000000000000002,2.0752608423722535e-16
4.382,True,0.6027805578633441,1.0000000000000002,2.0752608423722535e-16
4.384,True,0.6027805578633441,1.0000000000000002,2.0752608423722535e-16
4.386,True,0.6027805578633441,1.0000000000000002,2.0752608423722535e-16
4.388,True,0.6027805578633441,1.0000000000000002,2.0752608423722535e-16
4.39,True,0.6027805578633441,1.0000000000000002,2.0752608423722535e-16
4.392,True,0.6027805578633441,1.0000000000000002,2.0752608423722535e-16
4.394,True,0.6027805578633441,1.0000000000000002,2.0752608423722535e-16
4.396,True,0.6027805578633441,1.0000000000000002,2.0752608423722535e-16
4.398,True,0.6027805578633441,1.0000000000000002,2.0752608423722535e-16
4.4,True,0.6027805578633441,1.0000000000000002,2.0752608423722535e-16
4.402,True,0.6027805578633441,1.0000000000000002,2.0752608423722535e-16
4.404,True,0.6027805578633441,1.0000000000000002,2.0752608423722535e-16
4.406,True,0.6027805578633441,1.0000000000000002,2.0752608423722535e-16
4.408,True,0.6027805578633441,1.0000000000000002,2.0752608423722535e-16
4.41,True,0.6027805578633441,1.0000000000000002,2.0752608423722535e-16
4.412,True,0.6027805578633441,1.0000000000000002,2.0752608423722535e-16
4.414,True,0.6027805578633441,1.0000000000000002,2.0752608423722535e-16
4.416,True,0.6027805578633441,1.0000000000000002,2.0752608423722535e-16
4.418,True,0.6027805578633441,1.0000000000000002,2.0752608423722535e-16
4.42,True,0.6027805578633441,1.0000000000000002,2.0752608423722535e-16
4.422,True,0.6027805578633441,1.0000000000000002,2.0752608423722535e-16
4.424,True,0.6027805578633441,1.0000000000000002,2.0752608423722535e-16
4.426,True,0.6027805578633441,1.0000000000000002,2.0752608423722535e-16
4.428,True,0.6027805578633441,1.0000000000000002,2.0752608423722535e-16
4.43,True,0.6027805578633441,1.0000000000000002,2.0752608423722535e-16
4.432,True,0.6027805578633441,1.0000000000000002,2.0752608423722535e-16
4.434,True,0.6027805578633441,1.0000000000000002,2.0752608423722535e-16
4.436,True,0.6027805578633441,1.0000000000000002,2.0752608423722535e-16
4.438,True,0.6027805578633441,1.0000000000000002,2.0752608423722535e-16
4.44,True,0.6027805578633441,1.0000000000000002,2.0752608423722535e-16
4.442,True,0.6027805578633441,1.0000000000000002,2.0752608423722535e-16
4.444,True,0.6027805578633441,1.0000000000000002,2.0752608423722535e-16
4.446,True,0.6027805578633441,1.0000000000000002,2.0752608423722535e-16
4.448,True,0.6027805578633441,1.0000000000000002,2.0752608423722535e-16
4.45,True,0.6027805578633441,1.0000000000000002,2.0752608423722535e-16
4.452,True,0.6027805578633441,1.0000000000000002,2.0752608423722535e-16
4.454,True,0.6027805578633441,1.0000000000000002,2.0752608423722535e-16
4.456,True,0.6027805578633441,1.0000000000000002,2.0752608423722535e-16
4.458,True,0.6027805578633441,1.0000000000000002,2.0752608423722535e-16
4.46,True,0.6027805578633441,1.0000000000000002,2.0752608423722535e-16
4.462,True,0.6027805578633441,1.0000000000000002,2.0752608423722535e-16
4.464,True,0.6027805578633441,1.0000000000000002,2.0752608423722535e-16
4.466,True,0.6027805578633441,1.0000000000000002,2.0752608423722535e-16
4.468,True,0.6027805578633441,1.0000000000000002,2.0752608423722535e-16
4.47,True,0.6027805578633441,1.0000000000000002,2.0752608423722535e-16
4.472,True,0.6027805578633441,1.0000000000000002,2.0752608423722535e-16
4.474,True,0.6027805578633441,1.0000000000000002,2.0752608423722535e-16
4.476,True,0.6027805578633441,1.0000000000000002,2.0752608423722535e-16
4.478,True,0.6027805578633441,1.0000000000000002,2.0752608423722535e-16
4.48,True,0.6027805578633441,1.0000000000000002,2.0752608423722535e-16
4.482,True,0.6027805578633441,1.0000000000000002,2.0752608423722535e-16
4.484,True,0.6027805578633441,1.0000000000000002,2.0752608423722535e-16
4.486,True,0.6027805578633441,1.0000000000000002,2.0752608423722535e-16
4.488,True,0.6027805578633441,1.0000000000000002,2.0752608423722535e-16
4.49,True,0.6027805578633441,1.0000000000000002,2.0752608423722535e-16
4.492,True,0.6027805578633441,1.0000000000000002,2.0752608423722535e-16
4.494,True,0.6027805578633441,1.0000000000000002,2.0752608423722535e-16
4.496,True,0.6027805578633441,1.0000000000000002,2.0752608423722535e-16
4.498,True,0.6027805578633441,1.0000000000000002,2.0752608423722535e-16
4.5,True,0.6027805578633441,1.0000000000000002,2.0752608423722535e-16
4.502,True,0.6027805578633441,1.0000000000000002,2.0752608423722535e-16
4.5040000000000004,True,0.6027805578633441,1.0000000000000002,2.0752608423722535e-16
4.506,True,0.6027805578633441,1.0000000000000002,2.0752608423722535e-16
4.508,True,0.6027805578633441,1.0000000000000002,2.0752608423722535e-16
4.51,True,0.6027805578633441,1.0000000000000002,2.0752608423722535e-16
4.5120000000000005,True,0.6027805578633441,1.0000000000000002,2.0752608423722535e-16
4.514,True,0.6027805578633441,1.0000000000000002,2.0752608423722535e-16
4.516,True,0.6027805578633441,1.0000000000000002,2.0752608423722535e-16
4.518,True,0.6027805578633441,1.0000000000000002,2.0752608423722535e-16
4.5200000000000005,True,0.6027805578633441,1.0000000000000002,2.0752608423722535e-16
4.522,True,0.6027805578633441,1.0000000000000002,2.0752608423722535e-16
4.524,True,0.6027805578633441,1.0000000000000002,2.0752608423722535e-16
4.526,True,0.6027805578633441,1.0000000000000002,2.0752608423722535e-16
4.5280000000000005,True,0.6027805578633441,1.0000000000000002,2.0752608423722535e-16
4.53,True,0.6027805578633441,1.0000000000000002,2.0752608423722535e-16
4.532,True,0.6027805578633441,1.0000000000000002,2.0752608423722535e-16
4.534,True,0.6027805578633441,1.0000000000000002,2.0752608423722535e-16
4.5360000000000005,True,0.6027805578633441,1.0000000000000002,2.0752608423722535e-16
4.538,True,0.6027805578633441,1.0000000000000002,2.0752608423722535e-16
4.54,True,0.6027805578633441,1.0000000000000002,2.0752608423722535e-16
4.542,True,0.6027805578633441,1.0000000000000002,2.0752608423722535e-16
4.5440000000000005,True,0.6027805578633441,1.0000000000000002,2.0752608423722535e-16
4.546,True,0.6027805578633441,1.0000000000000002,2.0752608423722535e-16
4.548,True,0.6027805578633441,1.0000000000000002,2.0752608423722535e-16
4.55,True,0.6027805578633441,1.0000000000000002,2.0752608423722535e-16
4.5520000000000005,True,0.6027805578633441,1.0000000000000002,2.0752608423722535e-16
4.554,True,0.6027805578633441,1.0000000000000002,2.0752608423722535e-16
4.556,True,0.6027805578633441,1.0000000000000002,2.0752608423722535e-16
4.558,True,0.6027805578633441,1.0000000000000002,2.0752608423722535e-16
4.5600000000000005,True,0.6027805578633441,1.0000000000000002,2.0752608423722535e-16
4.562,True,0.6027805578633441,1.0000000000000002,2.0752608423722535e-16
4.564,True,0.6027805578633441,1.0000000000000002,2.0752608423722535e-16
4.566,True,0.6027805578633441,1.0000000000000002,2.0752608423722535e-16
4.5680000000000005,True,0.6027805578633441,1.0000000000000002,2.0752608423722535e-16
4.57,True,0.6027805578633441,1.0000000000000002,2.0752608423722535e-16
4.572,True,0.6027805578633441,1.0000000000000002,2.0752608423722535e-16
4.574,True,0.6027805578633441,1.0000000000000002,2.0752608423722535e-16
4.5760000000000005,True,0.6027805578633441,1.0000000000000002,2.0752608423722535e-16
4.578,True,0.6027805578633441,1.0000000000000002,2.0752608423722535e-16
4.58,True,0.6027805578633441,1.0000000000000002,2.0752608423722535e-16
4.582,True,0.6027805578633441,1.0000000000000002,2.0752608423722535e-16
4.5840000000000005,True,0.6027805578633441,1.0000000000000002,2.0752608423722535e-16
4.586,True,0.6027805578633441,1.0000000000000002,2.0752608423722535e-16
4.588,True,0.6027805578633441,1.0000000000000002,2.0752608423722535e-16
4.59,True,0.6027805578633441,1.0000000000000002,2.0752608423722535e-16
4.5920000000000005,True,0.6027805578633441,1.0000000000000002,2.0752608423722535e-16
4.594,True,0.6027805578633441,1.0000000000000002,2.0752608423722535e-16
4.596,True,0.6027805578633441,1.0000000000000002,2.0752608423722535e-16
4.598,True,0.6027805578633441,1.0000000000000002,2.0752608423722535e-16
4.6,True,0.6027805578633441,1.0000000000000002,2.0752608423722535e-16
