path,cx,cy,height,width,lean_deg,distance_from_previous,forced_anchor
normal,14.5,14.5,19.75,3.1999999999999997,-10.0,,True
normal,14.5,14.5,19.75,3.1999999999999997,-3.9988340552405033,2.999999994692612,False
normal,14.5,14.5,19.75,3.1999999999999997,0.0,2.210469301507253,True
normal,14.5,14.5,19.75,3.1999999999999997,5.327536920680807,3.0000000146380157,False
normal,14.5,14.5,19.75,3.1999999999999997,11.129018314843515,3.0000000012306365,False
normal,14.5,14.5,19.75,3.1999999999999997,16.66387742615363,2.9999999993523905,False
normal,14.5,14.5,19.75,3.1999999999999997,21.923006399405157,3.00000000629102,False
normal,14.5,14.5,19.75,3.1999999999999997,26.86375848911578,3.0000000001493468,False
normal,14.5,14.5,19.75,3.1999999999999997,31.45912163195183,2.9999999970765487,False
normal,14.5,14.5,19.75,3.1999999999999997,35.0,2.5216025930528634,True
comparison,14.5,14.5,19.75,1.0,-10.0,,True
comparison,14.5,14.5,19.75,1.0,-2.953302625304854,3.0000000028324973,False
comparison,14.5,14.5,19.75,1.0,0.0,1.7818416868582285,True
comparison,14.5,14.5,19.75,1.0,4.964280285413692,2.9999999964868467,False
comparison,14.5,14.5,19.75,1.0,11.923943749792056,2.999999993732002,False
comparison,14.5,14.5,19.75,1.0,17.92697362659716,3.0000000006900422,False
comparison,14.5,14.5,19.75,1.0,23.671839128556744,2.999999999679518,False
comparison,14.5,14.5,19.75,1.0,29.179719954626453,2.9999999936373722,False
comparison,14.5,14.5,19.75,1.0,34.50305500938426,2.999999998601449,False
comparison,14.5,14.5,19.75,1.0,35.0,0.3665458401473048,True
