name,rank,first_five_fitting_energy_percent,first_five_heldout_energy_percent,first_five_heldout_worst_error_percent,full_basis_max_absolute_error,displayed_original_indices
root,9,99.99999990308066,99.99999991025201,0.011884379571882634,2.746599687588737e-15,"[0, 1, 2, 3, 4, 5, 6, 7, 8]"
right_0p3,9,99.99999990842998,99.99999991534123,0.011624808512749149,5.487751851257781e-15,"[0, 1, 2, 3, 4, 5, 6, 7, 8]"
down_0p3,9,99.99999988960178,99.99999989774984,0.012783135388404367,3.783093179143906e-15,"[0, 1, 2, 3, 4, 6, 5, 7, 8]"
height_20p1,9,99.99999989781827,99.99999990502053,0.012396483409237491,5.640895435402809e-15,"[0, 1, 2, 3, 4, 5, 6, 7, 8]"
width_2p2,9,99.99999989386448,99.99999989937417,0.013315298713234574,5.644930476487189e-15,"[0, 1, 2, 3, 4, 5, 6, 7, 8]"
width_4p2,9,99.99999990870995,99.99999991743141,0.009334921393834744,5.710850029343342e-15,"[2, 1, 0, 3, 4, 5, 6, 7, 8]"
lean_minus7,9,99.99997198578627,99.99997075793043,0.21025889244484486,4.429043170242235e-15,"[0, 1, 2, 3, 4, 7, 8, 6, 5]"
lean_12p5,9,99.99990747259663,99.99990479212265,0.38757529778517147,5.467335032466983e-15,"[4, 1, 2, 3, 0, 6, 5, 7, 8]"
lean_30,9,99.99937145258232,99.99935858729688,1.0148339941112028,1.495171591710921e-14,"[0, 1, 2, 3, 4, 6, 5, 7, 8]"
spread_01,9,99.99999797539606,99.99999279345298,0.3705058548499383,4.764401275372995e-15,"[2, 1, 0, 4, 3, 7, 8, 6, 5]"
spread_02,9,99.99999987687312,99.99999988052414,0.014042744948930928,1.0557728771649497e-14,"[0, 1, 2, 3, 4, 5, 6, 7, 8]"
spread_03,10,99.99331967107473,99.99323219021194,1.3792783413082126,8.109027856717259e-15,"[0, 1, 3, 2, 4, 7, 8, 6, 9, 5]"
spread_04,10,99.99997807538107,99.9999762750847,0.3574716220736878,5.304486525655482e-15,"[0, 2, 1, 3, 4, 9, 8, 6, 7, 5]"
spread_05,9,99.99999989693673,99.99999990648712,0.0116222329660038,4.549579508540301e-15,"[0, 1, 2, 4, 3, 8, 6, 7, 5]"
spread_06,9,99.99999987609705,99.99999988314498,0.012630865922666547,6.103970931631082e-15,"[0, 1, 2, 4, 3, 6, 5, 7, 8]"
spread_07,9,99.99999988515026,99.99999989466424,0.010171621728215265,4.887244516026638e-15,"[0, 1, 4, 2, 3, 6, 5, 8, 7]"
spread_08,9,99.9999999001584,99.99999990703758,0.012020764037419565,4.674362997359166e-15,"[0, 1, 2, 4, 3, 8, 7, 5, 6]"
